site_id,site_name,Sample depth,CLAM_min95,CLAM_max95,CLAM_best,CLAM_acc_rate,CLAM_age_model_type,count_type,sample_id,Alnus,Asteraceae,Chenopodiaceae,Cyperaceae,Hedyosmum,Poaceae,Podocarpus,Quercus,Rhizophora
75,Core Trident 163 31B,2,-9999,-9999,-9999,-9999,-9999,COUN,16976,18,8,0,2,4,17,47,4,0
75,Core Trident 163 31B,6,-9999,-9999,-9999,-9999,-9999,COUN,16977,10,4,2,1,7,7,70,0,1
75,Core Trident 163 31B,10,-9999,-9999,-9999,-9999,-9999,COUN,16978,8,13,2,2,6,10,58,2,1
75,Core Trident 163 31B,14,-9999,-9999,-9999,-9999,-9999,COUN,16979,8,5,2,1,6,11,66,1,2
75,Core Trident 163 31B,21,-9999,-9999,-9999,-9999,-9999,COUN,16980,7,5,1,1,5,10,70,1,2
75,Core Trident 163 31B,22,-9999,-9999,-9999,-9999,-9999,COUN,16981,7,5,1,0,6,14,66,2,2
75,Core Trident 163 31B,26,9429.1,10065,9652,140.499,Smooth spline (default smoothing 0.3),COUN,16982,3,3,2,1,8,10,72,1,3
75,Core Trident 163 31B,30,9838.9,10490.8,10196.8,125.352,Smooth spline (default smoothing 0.3),COUN,16983,5,5,2,1,8,18,59,2,2
75,Core Trident 163 31B,34,10159.9,10904.5,10654.7,92.767,Smooth spline (default smoothing 0.3),COUN,16984,5,5,3,2,9,17,58,0,3
75,Core Trident 163 31B,41,10572.5,11506.5,11118.6,41.36,Smooth spline (default smoothing 0.3),COUN,16985,7,6,4,2,7,13,62,0,7
75,Core Trident 163 31B,42,10619.5,11571.8,11159.9,38.594,Smooth spline (default smoothing 0.3),COUN,16986,3,6,6,2,13,8,61,0,2
75,Core Trident 163 31B,46,10824.7,11791.6,11309.3,39.11,Smooth spline (default smoothing 0.3),COUN,16987,7,4,2,2,12,9,63,0,4
75,Core Trident 163 31B,50,11068.3,12006,11488.5,58.151,Smooth spline (default smoothing 0.3),COUN,16988,5,4,4,2,9,7,69,2,2
75,Core Trident 163 31B,54,11421.8,12269.5,11771.7,95.719,Smooth spline (default smoothing 0.3),COUN,16989,4,5,4,4,9,7,66,1,3
75,Core Trident 163 31B,61,12409.4,13006.7,12675.7,168.082,Smooth spline (default smoothing 0.3),COUN,16990,15,10,5,4,20,12,34,0,4
75,Core Trident 163 31B,62,12592.9,13150.6,12843.8,175.92,Smooth spline (default smoothing 0.3),COUN,16991,4,6,13,5,26,20,25,0,0
75,Core Trident 163 31B,66,13350.9,13855.2,13588.1,200.713,Smooth spline (default smoothing 0.3),COUN,16992,6,9,7,4,25,13,36,1,1
75,Core Trident 163 31B,70,14143.3,14700.8,14413.6,213.072,Smooth spline (default smoothing 0.3),COUN,16993,6,8,5,5,18,16,40,3,0
75,Core Trident 163 31B,75,15175.8,15788,15481.4,210.179,Smooth spline (default smoothing 0.3),COUN,16994,7,10,10,4,35,19,13,2,1
75,Core Trident 163 31B,81,16351.8,16927.9,16666.1,170.907,Smooth spline (default smoothing 0.3),COUN,16995,5,14,14,7,21,15,21,3,1
75,Core Trident 163 31B,82,16524.5,17085.3,16837,160.004,Smooth spline (default smoothing 0.3),COUN,16996,11,10,12,6,22,17,18,4,1
75,Core Trident 163 31B,84,16828.2,17386.2,17145.2,136.715,Smooth spline (default smoothing 0.3),COUN,16997,15,9,10,9,18,13,23,1,0
75,Core Trident 163 31B,92,17701.1,18250.3,17980,72.993,Smooth spline (default smoothing 0.3),COUN,16998,6,6,6,9,12,33,28,1,0
75,Core Trident 163 31B,95,17912.7,18477,18187.9,63.782,Smooth spline (default smoothing 0.3),COUN,16999,7,7,9,7,15,37,18,0,0
75,Core Trident 163 31B,100,18213.9,18831.1,18503.2,65.409,Smooth spline (default smoothing 0.3),COUN,17000,5,13,12,10,14,31,15,1,0
75,Core Trident 163 31B,104,18443.4,19125.7,18772.4,70.244,Smooth spline (default smoothing 0.3),COUN,17001,7,13,9,13,13,30,14,1,0
75,Core Trident 163 31B,109,18754.9,19506.2,19133.2,74.677,Smooth spline (default smoothing 0.3),COUN,17002,8,15,15,5,7,31,18,1,0
75,Core Trident 163 31B,112,18968.4,19739.5,19359.2,76.479,Smooth spline (default smoothing 0.3),COUN,17003,8,17,9,10,13,32,10,1,0
75,Core Trident 163 31B,116,19271.3,20056.6,19667.8,78.395,Smooth spline (default smoothing 0.3),COUN,17004,6,12,7,11,12,35,16,2,0
75,Core Trident 163 31B,120,19588,20386.9,19985.7,81.59,Smooth spline (default smoothing 0.3),COUN,17005,8,8,7,6,20,38,13,0,0
75,Core Trident 163 31B,121,19672.1,20471.1,20067.3,82.617,Smooth spline (default smoothing 0.3),COUN,17006,11,16,12,4,17,26,14,1,0
75,Core Trident 163 31B,124,19925.9,20724.8,20318.6,86.252,Smooth spline (default smoothing 0.3),COUN,17007,11,13,7,4,19,30,17,0,0
75,Core Trident 163 31B,132,20642.3,21498.5,21052.7,99.857,Smooth spline (default smoothing 0.3),COUN,17008,12,11,12,9,14,33,9,1,0
75,Core Trident 163 31B,136,21025.6,21946.5,21464.4,108.228,Smooth spline (default smoothing 0.3),COUN,17009,10,13,10,7,15,32,12,1,0
75,Core Trident 163 31B,140,21452.5,22436.8,21910.9,117.448,Smooth spline (default smoothing 0.3),COUN,17010,8,10,4,6,13,33,24,2,0
75,Core Trident 163 31B,144,21936.5,22973.4,22395.6,127.519,Smooth spline (default smoothing 0.3),COUN,17011,13,12,10,7,14,30,13,1,0
75,Core Trident 163 31B,152,23093,24079.1,23492.9,150.21,Smooth spline (default smoothing 0.3),COUN,17012,12,13,10,4,15,35,11,0,0
75,Core Trident 163 31B,156,23736.6,24607.3,24110.1,157.457,Smooth spline (default smoothing 0.3),COUN,17013,15,11,11,6,18,30,7,2,0
75,Core Trident 163 31B,160,24328.3,25078.1,24722.6,140.38,Smooth spline (default smoothing 0.3),COUN,17014,15,10,11,10,16,25,12,1,0
75,Core Trident 163 31B,164,24786.2,25500,25227.2,97.001,Smooth spline (default smoothing 0.3),COUN,17015,18,13,10,8,19,22,10,0,0
75,Core Trident 163 31B,170,25213.9,25874.9,25591.8,25.589,Smooth spline (default smoothing 0.3),COUN,17016,9,14,9,11,22,31,5,0,0
75,Core Trident 163 31B,174,25388,25992.7,25694.1,35.938,Smooth spline (default smoothing 0.3),COUN,17017,11,13,11,12,17,28,8,1,0
75,Core Trident 163 31B,175,25434,26027.8,25730,45.482,Smooth spline (default smoothing 0.3),COUN,17018,19,11,9,6,17,26,11,1,0
75,Core Trident 163 31B,182,25937.5,26507.8,26208.1,93.397,Smooth spline (default smoothing 0.3),COUN,17019,11,16,16,9,15,27,6,1,0
75,Core Trident 163 31B,186,26296.9,26918.5,26607.3,108.59,Smooth spline (default smoothing 0.3),COUN,17020,19,14,12,6,16,28,4,1,0
75,Core Trident 163 31B,190,26682.5,27390.4,27054,115.016,Smooth spline (default smoothing 0.3),COUN,17021,13,9,11,4,24,33,6,0,0
75,Core Trident 163 31B,195,27182.8,27987.3,27626,110.72,Smooth spline (default smoothing 0.3),COUN,17022,12,8,12,5,24,31,7,1,0
75,Core Trident 163 31B,202,27828.7,28755.7,28332.9,86.661,Smooth spline (default smoothing 0.3),COUN,17023,15,10,10,9,21,23,10,1,0
75,Core Trident 163 31B,206,28137,29144.5,28661.9,75.746,Smooth spline (default smoothing 0.3),COUN,17024,8,16,12,16,12,23,14,0,0
75,Core Trident 163 31B,210,28391.4,29500.9,28953.4,68.958,Smooth spline (default smoothing 0.3),COUN,17025,12,8,17,8,20,24,10,1,0
75,Core Trident 163 31B,214,28616.7,29844.9,29223.9,66.295,Smooth spline (default smoothing 0.3),COUN,17026,13,3,6,8,16,31,21,1,0
75,Core Trident 163 31B,222,29074,30532.4,29768.2,73.349,Smooth spline (default smoothing 0.3),COUN,17027,9,6,8,11,13,28,24,1,0
75,Core Trident 163 31B,226,29348.1,30878.2,30074.8,82.653,Smooth spline (default smoothing 0.3),COUN,17028,14,11,7,5,26,25,11,1,0
75,Core Trident 163 31B,230,29674.7,31240.1,30419.2,91.555,Smooth spline (default smoothing 0.3),COUN,17029,9,10,10,6,22,22,21,1,0
75,Core Trident 163 31B,231,29760.6,31328.5,30510.8,93.543,Smooth spline (default smoothing 0.3),COUN,17030,17,14,8,1,26,16,16,1,0
75,Core Trident 163 31B,235,30121.9,31711,30895.9,100.543,Smooth spline (default smoothing 0.3),COUN,17031,9,8,9,8,21,25,18,1,0
75,Core Trident 163 31B,244,30926.3,32722.2,31847.3,110.735,Smooth spline (default smoothing 0.3),COUN,17032,8,11,4,11,19,28,17,1,0
75,Core Trident 163 31B,250,31403.3,33532.9,32519.7,113.254,Smooth spline (default smoothing 0.3),COUN,17033,11,9,14,10,23,18,16,0,0
75,Core Trident 163 31B,254,-9999,-9999,-9999,-9999,-9999,COUN,17034,12,13,11,9,16,19,19,1,0
75,Core Trident 163 31B,260,-9999,-9999,-9999,-9999,-9999,COUN,17035,10,15,6,7,21,27,14,1,0
75,Core Trident 163 31B,264,-9999,-9999,-9999,-9999,-9999,COUN,17036,7,13,7,7,15,35,13,2,0
