site_id,site_name,Sample depth,CLAM_min95,CLAM_max95,CLAM_best,CLAM_acc_rate,CLAM_age_model_type,count_type,sample_id,Acalypha,Acanthaceae,Alchornea,Alternanthera,Amaranthaceae/Chenopodiaceae,Amaryllidaceae,Ambrosia type,Anacardiaceae,Anemia,Anemia hirsuta type,Anemia phyllitidis type,Apiaceae,Arecaceae,Asteraceae (Liguliflorae),Baccharis type,Bauhinia,Bauhinia microstachya type,Borreria,Bromeliaceae,Byrsonima,Cactaceae,Caesalpiniaceae,Caperonia type,Cardiospermum,Caryophyllaceae,Celtis,cf Hydrocotyle,cf Salix,Chaptalia type,Clematis type,Clusiaceae,Cnemidaria horrida,Cochlospermaceae,Combretaceae/Melastomataceae,Convolvulaceae,Cordia trichotoma,Croton,Cucurbitaceae,Cuphea type,Cyathea,Cyatheaceae,Cyperaceae,Dalechampia,Didymopanax,Dioclea,Drimys,Echinodorus,Ephedra distachya type,Equisetum,Euphorbia type,Euplassa,Fabaceae,Faramea,Galeopsis type,Galium type,Gomphrena/Pfaffia type,Guapira,Hedyosmum,Ilex,Indeterminable,Ipomoea,Isoetes,Juglans,Juniperus,Justicia type,Kallstroemia type,Lithraea/Schinus type,Ludwigia,Luehea type,Lycopodium,Lycopodium alopecuroides,Lycopodium cernuum type,Malpighiaceae,Malvaceae,Matricaria type,Mentha type,Moraceae/Urticaceae,Myriophyllum,Myrsine,Myrtaceae,Nephelea type,Nuphar,Nyctaginaceae/Thymelaeaceae,Ophioglossum/Osmunda,Opuntia type,Orbignya type,Orchidaceae,Osmunda,Persicaria,Pfaffia,Phaeoceros laevis,Phaeoceros punctatus type,Picea,Pinus,Piper,Pityrogramma,Poaceae,Podocarpus,Polemoniaceae,Polygalaceae,Polypodiales,Posoqueria type,Potamogeton type,Prunella type,Psychotria alba type,Pteris,Ranunculaceae,Rhipsalis,Rhizophora,Riccia,Roupala type,Rubiaceae,Saccoloma elegans,Salvinia,Sapium type,Sapotaceae,Sebastiania,Selaginella,Senecio type,Solanaceae,Spermacoce,Sphagnum,Struthanthus type,Styrax,Symplocos tenuifolia type,Tabebuia type,Theaceae,Tilia,Tristerix type,Unknown,Urvillea,Vernonia,Vigna/Phaseolus type,Zanthoxylum
45,GeoB3910-2,72,12026.6,12497.1,12306.1,91.032,Linear interpolation,COUN,7614,0,0,5,0,0,0,0,1,0,0,1,0,1,0,1,0,0,11,0,2,0,0,0,0,0,0,0,0,0,0,0,0,0,0,0,0,1,0,0,1,0,30,0,0,0,0,0,0,0,0,1,1,0,0,0,0,0,6,1,1,0,2,0,0,0,0,0,0,0,0,0,0,0,0,0,0,0,0,0,0,0,0,0,0,0,0,0,0,0,0,5,0,1,1,0,1,44,0,0,0,29,0,1,0,0,0,1,0,0,0,0,0,0,0,0,0,1,3,1,0,0,1,0,0,0,0,0,0,0,2,0,0,0,0
45,GeoB3910-2,74,12260,12734.8,12538.9,141.702,Linear interpolation,COUN,7615,1,0,5,0,2,0,0,0,0,0,0,0,2,0,0,0,0,5,0,2,0,0,0,0,0,0,0,0,0,0,0,0,0,0,0,0,0,0,0,5,3,23,0,1,1,0,0,0,0,0,0,3,0,0,0,1,0,3,0,1,0,3,0,0,0,0,0,0,0,0,0,1,0,0,0,0,0,0,0,0,0,0,1,0,0,0,0,0,0,0,6,1,0,0,0,0,55,0,0,0,45,0,0,0,0,0,0,0,1,0,0,1,0,0,1,0,0,5,1,0,0,0,0,0,0,0,0,0,0,3,0,0,0,0
45,GeoB3910-2,75,12415.7,12876.5,12680.6,141.702,Linear interpolation,COUN,7616,0,0,3,0,0,0,0,0,1,0,0,0,0,0,0,0,0,4,0,0,0,0,0,0,0,1,0,0,0,0,0,0,0,0,0,0,0,0,0,6,7,43,0,0,0,0,0,0,0,3,1,2,0,0,0,1,0,4,0,3,1,2,0,0,0,0,0,0,0,0,0,1,0,0,0,0,0,0,0,0,0,0,0,0,0,0,0,0,0,0,2,2,0,0,0,0,33,0,0,0,44,0,0,0,0,0,0,0,0,0,0,0,0,0,0,0,0,6,1,0,0,0,0,1,0,0,0,0,0,1,0,1,0,0
45,GeoB3910-2,77,12710.1,13181,12964,141.702,Linear interpolation,COUN,7617,0,0,5,0,1,0,0,0,0,0,0,0,3,1,0,0,0,10,0,0,1,0,0,0,0,0,0,0,0,0,0,0,0,0,0,0,0,0,0,3,6,37,0,3,0,0,0,0,0,0,0,0,0,0,0,1,0,4,0,0,2,1,0,0,0,0,0,0,0,1,0,5,1,0,0,0,0,0,0,0,0,1,0,0,0,0,0,0,0,0,1,1,0,0,0,0,29,0,0,0,60,0,0,0,0,0,0,0,0,0,0,0,0,0,0,1,1,8,2,0,0,0,0,0,0,0,1,0,2,1,0,0,0,2
45,GeoB3910-2,87,13978.7,14861,14381,141.702,Linear interpolation,COUN,7618,0,1,7,0,0,0,0,0,1,0,4,0,0,3,0,0,0,10,0,0,2,0,0,0,0,2,1,0,0,0,0,1,0,0,0,0,1,0,0,7,5,38,0,0,0,0,0,0,0,1,0,3,0,0,0,3,0,1,0,5,1,1,0,0,0,0,0,0,0,3,0,5,0,0,0,0,0,1,0,1,0,0,0,0,0,0,0,0,0,0,4,1,0,0,0,0,73,0,0,0,40,0,0,0,1,0,0,0,0,0,0,0,0,0,0,0,1,18,12,0,0,0,0,0,0,0,0,0,0,3,0,0,0,0
45,GeoB3910-2,88,14093,15038,14522.7,79.485,Linear interpolation,COUN,7619,0,0,1,0,0,0,0,0,1,0,2,0,2,1,0,0,0,10,0,0,2,0,0,0,0,0,0,0,0,0,0,2,0,0,1,0,2,0,0,7,15,25,0,0,1,0,0,0,0,1,1,2,0,0,0,0,0,1,0,3,2,1,0,0,0,0,0,0,0,1,1,1,0,0,0,0,0,0,0,0,0,0,0,0,0,0,0,0,0,0,0,0,1,2,0,0,41,0,0,0,37,0,0,0,0,0,0,0,1,0,0,1,0,0,1,1,0,9,8,0,0,1,0,0,0,0,0,0,0,2,0,0,0,0
45,GeoB3910-2,90,14310,15130.1,14681.7,79.485,Linear interpolation,COUN,7620,0,0,2,0,0,1,0,0,2,0,8,0,0,3,0,0,0,8,0,0,0,0,0,0,0,0,0,0,0,0,0,5,0,0,0,0,0,0,0,7,19,47,0,0,1,0,0,0,0,1,2,0,0,0,0,2,0,5,0,4,2,0,0,0,1,0,1,0,0,5,0,3,2,0,0,0,0,0,0,0,1,0,0,0,0,0,0,0,0,1,4,1,0,2,0,0,64,0,0,0,113,0,0,0,0,4,0,0,0,0,0,0,0,1,0,0,1,15,4,0,0,0,0,0,0,0,0,0,0,2,0,0,0,1
45,GeoB3910-2,92,14511.4,15226.5,14840.6,79.485,Linear interpolation,COUN,7621,0,0,0,0,1,0,0,0,0,0,3,0,4,3,0,0,0,18,0,0,1,0,0,0,0,1,0,0,0,0,0,4,0,1,1,0,0,0,1,5,13,107,0,0,0,0,0,0,0,0,0,7,0,0,0,0,0,20,0,2,1,4,0,0,0,0,1,0,0,4,2,0,4,2,0,1,0,0,0,0,0,0,0,0,0,0,0,1,0,0,5,1,0,0,1,0,131,2,0,0,107,0,0,0,0,0,0,0,0,0,0,2,0,0,0,2,1,49,2,0,0,3,0,0,0,0,0,0,0,6,0,2,0,0
45,GeoB3910-2,93,14609.9,15277.8,14920.1,79.485,Linear interpolation,COUN,7622,0,0,6,0,4,0,0,0,0,0,7,0,0,4,0,0,0,49,0,0,1,0,0,1,0,1,0,0,0,0,0,13,0,1,0,0,0,0,0,16,38,92,0,0,1,0,0,0,0,3,0,3,0,0,1,0,0,14,2,10,2,1,0,0,0,0,0,0,0,2,1,0,1,0,0,3,0,0,0,0,13,0,0,0,0,0,0,0,0,0,12,3,0,0,0,0,107,1,0,0,283,0,0,0,0,2,0,0,0,2,1,0,0,0,0,1,1,77,10,0,0,0,0,0,0,0,1,0,0,3,0,0,0,2
45,GeoB3910-2,95,14796.9,15386.2,15079.1,79.485,Linear interpolation,COUN,7623,0,0,5,0,1,0,0,0,0,0,5,2,2,2,0,0,0,28,0,1,1,0,0,0,0,0,0,0,0,0,0,3,0,0,0,0,0,0,0,18,23,94,0,1,0,0,0,0,0,1,0,4,0,1,2,0,0,17,2,6,2,4,0,0,1,0,0,0,0,7,1,7,4,0,0,0,1,0,0,0,0,0,0,0,0,0,0,0,0,0,6,1,0,1,0,0,123,1,1,0,203,0,0,0,0,2,0,0,0,1,0,0,0,2,0,1,1,57,20,0,0,0,0,0,2,0,0,0,0,5,0,0,0,0
45,GeoB3910-2,97,14971.4,15509.9,15238.1,79.485,Linear interpolation,COUN,7624,0,0,0,0,0,0,0,0,0,0,4,1,2,2,3,0,0,14,0,0,0,0,0,1,1,2,0,0,0,0,0,3,0,0,0,0,1,0,0,9,19,132,1,2,0,0,0,0,0,1,0,8,0,0,0,0,0,23,0,5,0,6,0,0,0,0,0,0,0,1,11,0,0,1,0,0,2,0,0,0,0,0,0,0,0,0,0,0,0,1,10,4,0,0,1,0,109,0,0,1,201,0,1,0,0,2,0,0,0,1,0,1,0,4,0,0,3,62,5,0,0,1,0,0,0,0,0,0,0,4,0,0,0,0
45,GeoB3910-2,98,15050,15575.3,15317.5,79.485,Linear interpolation,COUN,7625,0,0,6,3,0,1,0,0,0,0,0,0,0,2,0,0,0,13,0,0,1,0,0,0,0,3,0,0,0,0,1,4,0,0,0,0,0,0,0,16,4,130,0,1,1,0,0,1,1,2,1,5,0,0,0,1,0,12,0,6,0,0,0,0,2,0,0,0,0,3,2,9,0,0,0,1,0,0,0,1,2,0,1,0,0,0,0,1,0,0,3,1,0,0,0,0,110,1,0,0,171,0,0,0,0,2,0,0,0,1,1,0,0,0,0,0,7,38,10,0,0,0,0,0,0,0,0,0,0,3,0,1,1,0
45,GeoB3910-2,100,15197.5,15725.1,15476.5,79.485,Linear interpolation,COUN,7626,0,0,5,0,2,0,0,0,0,0,3,0,14,0,3,0,0,24,0,0,0,0,0,1,0,2,0,0,0,0,1,3,0,1,0,0,0,1,0,12,11,132,0,3,0,0,0,0,0,4,0,1,0,0,0,3,0,19,3,3,1,1,0,0,0,0,0,0,0,3,4,1,1,0,0,3,0,0,0,1,0,0,0,0,0,1,0,0,1,1,4,1,0,0,0,0,86,0,0,0,153,0,0,0,0,1,0,0,0,2,0,1,0,2,0,1,4,42,7,0,0,0,0,0,0,0,1,0,0,8,0,0,0,0
45,GeoB3910-2,102,15331.6,15898.5,15635.5,79.485,Linear interpolation,COUN,7627,0,0,0,2,0,1,0,0,0,0,2,0,2,5,3,0,0,22,0,2,0,0,0,0,0,1,0,0,0,0,0,4,0,0,0,0,1,0,0,12,17,131,0,0,0,0,0,0,0,1,0,3,0,0,0,0,0,20,0,3,0,3,0,0,0,0,0,0,0,1,6,0,1,0,0,1,1,0,1,0,0,0,0,0,0,0,0,0,0,0,5,0,0,0,0,2,99,0,0,0,205,0,0,0,0,1,0,0,0,0,0,0,2,0,0,1,2,56,5,0,0,1,0,0,0,0,0,0,0,2,0,3,0,0
45,GeoB3910-2,103,15392,15994,15715,62.639,Linear interpolation,COUN,7628,0,0,3,0,1,0,0,0,0,0,3,0,1,4,1,1,0,22,0,0,0,0,0,0,0,2,0,0,0,0,0,8,0,1,0,0,2,0,0,15,9,133,0,1,0,0,0,0,0,1,2,4,0,0,0,0,0,16,1,0,1,3,0,0,0,0,0,0,0,0,4,0,1,0,0,0,0,0,0,0,0,0,0,0,0,0,0,0,1,0,7,2,0,0,0,0,103,1,0,0,157,0,2,0,3,5,0,0,0,0,0,0,0,2,0,0,0,64,11,1,0,0,1,0,0,0,0,0,0,5,0,1,0,0
45,GeoB3910-2,105,15577.4,16068.6,15840.3,62.639,Linear interpolation,COUN,7629,0,0,2,0,1,0,0,0,0,0,3,0,0,2,0,0,0,31,0,1,2,0,0,0,0,3,0,0,0,0,0,9,0,1,1,0,2,0,0,22,9,123,0,1,0,0,0,0,0,1,1,2,0,0,0,3,0,16,2,3,3,0,0,0,0,0,0,0,0,0,3,0,0,0,0,0,2,0,1,0,3,0,0,0,0,0,0,0,0,0,7,2,0,0,1,2,91,1,0,0,166,0,0,0,0,7,0,0,0,1,0,0,0,0,0,0,0,61,12,1,0,3,0,0,0,0,0,0,0,6,0,2,0,0
45,GeoB3910-2,108,15822,16226.5,16028.2,62.639,Linear interpolation,COUN,7630,0,0,2,1,0,0,0,0,0,0,2,0,0,1,4,0,0,18,0,1,1,0,0,0,0,0,0,0,0,0,0,6,0,2,1,0,2,0,0,23,11,141,0,3,1,0,0,0,0,0,0,4,0,0,0,0,0,25,0,5,1,0,0,0,1,0,0,0,0,1,7,0,2,0,0,1,0,0,1,1,1,0,0,0,0,0,0,1,0,0,10,2,0,0,0,0,92,0,0,0,160,0,0,0,0,4,0,1,0,0,0,1,0,0,0,1,4,65,5,0,2,0,0,0,0,0,1,0,0,5,0,1,0,0
45,GeoB3910-2,110,15950.2,16369.3,16153.4,62.639,Linear interpolation,COUN,7631,0,0,4,0,1,1,0,0,0,0,1,0,1,0,1,0,0,37,0,3,0,0,0,0,0,2,0,1,0,0,0,3,0,1,0,0,1,0,0,16,8,99,0,1,1,0,0,0,0,1,0,1,0,0,0,0,0,21,1,5,2,2,0,0,0,0,0,0,1,3,2,0,0,0,0,1,0,0,1,0,1,0,0,1,0,0,0,0,0,0,3,0,0,0,0,1,105,0,0,0,124,0,1,0,0,1,1,1,0,0,1,0,0,0,0,1,0,50,16,0,0,0,0,0,0,0,0,0,0,5,0,1,0,0
45,GeoB3910-2,113,16087,16626,16341.4,64.505,Linear interpolation,COUN,7632,0,0,5,1,0,0,1,0,0,0,3,0,3,1,1,0,0,28,0,1,2,0,0,0,0,3,0,0,0,0,0,5,0,2,0,0,0,0,0,7,16,94,0,6,1,0,0,0,0,3,0,6,0,0,0,1,0,16,2,5,0,0,0,0,0,0,0,0,3,2,3,0,4,0,0,1,1,0,1,0,0,0,0,0,0,0,0,0,0,0,8,4,0,0,0,0,110,2,0,0,140,0,0,0,0,5,0,0,0,0,1,2,0,1,0,1,0,50,8,0,0,1,0,0,0,0,0,0,0,9,0,1,0,0
45,GeoB3910-2,115,16230.8,16740.4,16470.4,64.505,Linear interpolation,COUN,7633,0,0,5,0,0,0,1,0,0,0,1,0,1,5,0,0,0,17,0,1,0,0,0,0,0,1,0,0,0,0,0,6,0,0,0,0,1,0,0,8,11,136,0,2,0,0,0,0,0,0,0,4,0,0,0,1,0,7,0,5,0,1,0,0,0,0,0,0,1,1,4,0,2,2,0,0,4,0,4,0,0,0,0,0,0,0,0,0,1,0,4,0,0,0,0,0,112,1,0,0,116,0,0,0,0,4,0,0,0,0,2,0,0,1,0,0,8,29,7,0,3,0,0,0,0,0,0,0,0,12,0,0,0,0
45,GeoB3910-2,118,16442.3,16912.9,16663.9,64.505,Linear interpolation,COUN,7634,0,0,3,0,0,0,0,0,0,1,3,0,2,0,0,0,0,20,0,1,0,0,0,0,0,0,0,0,0,0,0,2,0,0,0,2,1,0,0,7,10,114,0,3,1,0,1,0,0,0,0,6,0,0,0,0,0,18,0,2,0,0,0,0,0,0,0,0,0,0,4,0,1,1,0,0,1,0,1,1,0,0,1,0,0,0,0,0,0,0,6,2,0,0,0,0,120,0,0,0,119,0,0,0,0,1,0,0,0,2,2,0,0,2,0,0,0,60,9,1,1,0,0,0,0,0,1,0,0,6,0,1,0,0
45,GeoB3910-2,120,16582.7,17027.5,16792.9,64.505,Linear interpolation,COUN,7635,0,0,2,0,3,0,0,0,0,0,6,0,3,3,2,0,0,25,0,0,0,0,0,0,0,0,0,0,0,0,0,3,0,0,1,1,1,0,0,8,7,118,0,4,1,0,2,0,0,0,0,3,0,0,0,1,0,5,0,11,4,0,0,0,0,0,0,0,0,0,2,0,4,0,0,0,2,0,1,0,0,0,0,0,0,0,0,0,0,0,13,0,0,0,0,0,114,0,0,0,110,0,1,0,0,1,0,0,0,0,0,0,0,0,0,0,3,52,8,0,0,0,0,0,0,0,0,0,0,7,0,2,1,2
45,GeoB3910-2,123,16791.1,17201.1,16986.4,64.505,Linear interpolation,COUN,7636,0,0,0,0,0,1,0,0,0,0,0,0,3,5,5,1,0,30,0,0,0,0,0,1,0,0,0,0,1,0,0,1,0,0,0,0,2,0,0,1,0,120,0,1,0,0,0,0,0,0,0,5,0,0,0,8,0,1,0,9,1,1,0,0,0,1,0,0,0,0,0,0,9,1,0,0,0,0,0,0,0,0,0,0,0,0,1,0,0,1,4,0,0,0,0,0,108,0,0,0,49,0,1,0,0,2,0,0,0,2,0,0,0,1,0,0,5,37,14,0,1,0,0,0,0,1,0,0,0,6,0,0,0,0
45,GeoB3910-2,125,16926.7,17320.5,17115.4,64.505,Linear interpolation,COUN,7637,0,0,0,0,0,0,0,0,0,0,1,0,3,3,8,0,0,14,0,1,2,0,0,2,0,0,0,0,0,3,0,3,0,1,0,0,2,0,0,1,0,111,0,0,2,0,0,0,0,0,0,6,0,0,0,5,1,5,0,3,3,0,0,0,0,0,0,0,0,1,1,0,4,0,1,0,0,0,0,0,0,0,0,0,0,0,1,0,0,1,8,2,0,0,0,0,93,1,0,0,54,0,0,1,0,0,0,0,0,2,0,0,0,2,0,0,5,51,6,2,1,1,0,0,0,0,0,0,0,8,0,0,0,0
45,GeoB3910-2,128,17127.8,17502,17308.9,64.505,Linear interpolation,COUN,7638,0,0,0,1,1,0,0,0,0,0,1,0,4,0,5,0,0,17,0,0,1,0,0,2,0,0,0,0,0,1,0,1,0,1,0,0,1,0,0,3,1,114,0,0,1,1,0,0,0,0,0,6,1,0,0,3,0,8,0,8,2,0,0,0,2,2,0,1,0,2,5,0,2,1,3,0,2,0,0,0,0,0,0,0,1,0,0,0,0,2,10,2,0,2,0,0,110,0,0,0,48,1,1,1,1,2,0,0,0,2,0,0,0,1,0,0,3,47,5,0,1,0,0,0,0,1,0,1,0,9,0,3,0,0
45,GeoB3910-2,130,17258.5,17625.1,17437.9,64.505,Linear interpolation,COUN,7639,0,0,0,0,3,1,0,0,0,0,2,0,4,2,1,1,0,17,0,0,1,0,1,0,0,1,0,0,0,0,0,1,0,0,0,0,0,0,0,1,1,120,0,0,1,0,0,0,0,0,1,3,0,0,0,2,0,0,0,6,2,1,0,0,0,0,0,0,0,1,0,0,6,1,0,0,4,0,0,0,0,0,0,0,0,0,0,0,0,0,11,1,0,0,1,0,127,0,0,0,62,0,1,0,0,0,0,0,0,0,0,0,0,0,0,0,3,45,1,0,0,0,0,0,0,0,0,0,0,10,0,2,0,0
45,GeoB3910-2,133,17446,17813.6,17631.5,64.505,Linear interpolation,COUN,7640,0,0,0,1,2,0,0,0,0,0,3,0,6,2,5,0,0,23,0,1,0,0,0,0,0,0,0,0,0,0,0,2,0,2,0,1,0,0,0,4,4,121,0,0,0,0,0,0,0,0,0,5,0,0,0,5,0,1,0,5,1,0,0,0,0,0,0,0,0,4,2,0,3,0,1,0,4,1,0,0,0,0,0,0,0,0,0,0,0,1,8,0,0,0,0,0,118,0,0,0,48,0,0,0,0,0,0,0,0,1,0,0,0,0,0,0,0,40,1,0,0,0,0,0,0,0,0,0,0,3,0,1,0,0
45,GeoB3910-2,135,17570.5,17940.3,17760.5,64.505,Linear interpolation,COUN,7641,0,0,0,1,0,0,0,0,0,0,1,0,5,2,8,0,0,28,0,0,1,1,0,0,0,1,0,0,0,0,0,0,1,0,0,0,0,0,0,1,0,114,0,1,2,0,0,0,1,0,0,15,0,0,0,3,0,3,1,5,3,2,0,0,0,0,0,0,0,0,1,0,4,0,1,0,2,0,0,0,0,0,0,0,0,0,0,0,0,4,9,0,0,2,0,0,114,0,0,0,44,0,0,0,0,0,0,0,1,0,0,1,0,0,0,0,4,47,3,1,0,0,0,0,0,0,0,0,0,16,0,3,0,0
45,GeoB3910-2,138,17755.2,18137,17954,64.505,Linear interpolation,COUN,7642,0,0,0,1,1,0,1,0,0,0,0,0,13,0,7,0,0,32,0,4,2,0,0,0,0,2,0,0,0,0,0,0,0,1,0,0,0,0,0,2,0,126,0,0,2,0,0,0,0,1,0,12,0,0,0,3,0,5,0,6,1,1,0,0,0,0,0,0,0,2,1,0,3,0,0,0,1,0,0,3,0,0,0,0,0,0,0,0,0,5,11,1,0,0,3,0,116,0,0,0,58,0,0,0,0,0,0,0,0,1,0,1,0,0,0,0,1,40,12,0,0,1,0,0,0,0,0,0,0,9,0,0,0,0
45,GeoB3910-2,140,17876.6,18271,18083,64.505,Linear interpolation,COUN,7643,1,0,0,2,6,0,0,0,0,0,2,0,2,3,6,0,0,29,0,1,2,0,0,0,0,0,0,0,0,0,0,1,0,0,0,0,2,0,0,3,0,123,0,0,0,0,0,0,0,0,0,6,0,0,0,10,1,2,0,6,0,2,1,1,0,0,0,0,0,2,1,0,6,0,3,0,1,0,1,1,0,0,0,0,0,0,1,0,0,1,3,0,0,1,0,1,81,0,0,0,48,0,1,0,0,0,0,0,0,1,0,0,0,0,0,0,0,27,2,0,0,0,0,0,0,0,1,0,0,17,0,4,0,0
45,GeoB3910-2,143,18052.7,18477.1,18276.5,64.505,Linear interpolation,COUN,7644,0,0,0,3,2,1,0,0,0,0,0,0,7,0,10,0,0,25,0,0,1,0,0,0,0,0,0,0,0,1,0,2,0,0,0,1,0,0,0,2,0,113,1,0,1,0,0,0,0,0,0,2,0,0,0,0,0,4,1,8,2,0,0,0,0,0,0,0,0,1,0,0,5,0,2,0,0,0,0,0,0,0,0,0,0,0,0,0,0,2,5,0,0,0,2,0,110,0,0,0,40,0,0,2,0,0,0,0,0,2,1,0,0,0,1,0,0,22,4,0,0,1,0,1,1,0,0,0,0,8,0,3,0,0
45,GeoB3910-2,145,18170.4,18616.7,18405.5,64.505,Linear interpolation,COUN,7645,0,0,0,0,2,0,0,0,1,0,2,0,1,5,0,0,0,18,1,3,4,0,0,0,0,0,0,0,0,1,0,0,0,1,0,0,1,0,0,2,5,102,0,2,3,0,0,0,0,3,0,6,0,0,0,7,0,10,0,2,4,0,0,0,1,0,1,0,0,3,2,0,5,1,0,1,3,0,0,0,0,0,0,0,0,0,0,0,0,0,8,2,0,0,1,0,113,1,0,0,55,0,0,1,0,4,2,1,0,1,1,0,0,5,0,0,0,17,8,0,0,0,0,0,0,0,0,0,0,7,1,2,0,0
45,GeoB3910-2,148,18344,18828,18599,198.205,Linear interpolation,COUN,7646,0,1,0,0,4,0,1,0,0,0,1,0,2,1,2,0,0,31,0,3,4,0,0,0,0,0,0,0,0,1,0,1,0,1,0,0,0,0,1,2,6,90,0,0,1,0,0,0,2,0,0,3,0,0,0,7,1,7,0,4,1,1,0,0,0,0,0,0,0,2,0,0,0,0,0,0,0,1,0,0,0,0,0,0,0,0,0,0,0,0,3,1,0,0,0,0,129,1,0,0,45,0,0,1,0,0,1,0,0,0,0,0,0,0,0,0,2,6,10,0,0,0,0,1,0,0,0,0,0,8,0,1,0,0
45,GeoB3910-2,151,18959.7,19403.3,19193.6,198.205,Linear interpolation,COUN,7647,0,0,0,1,2,0,0,0,0,0,0,0,0,3,1,0,0,23,0,2,2,1,0,0,0,2,0,0,0,1,0,0,0,1,0,0,0,0,0,1,6,98,0,0,0,0,1,0,0,0,0,2,0,0,0,2,0,2,0,2,1,4,0,0,0,0,0,0,0,1,0,0,1,0,0,0,2,0,0,0,0,0,0,0,0,0,0,0,2,0,2,0,0,1,0,0,144,0,0,0,57,0,0,0,0,3,0,0,0,0,1,0,0,1,0,1,3,5,11,0,0,0,0,0,0,0,0,0,0,5,0,0,0,0
45,GeoB3910-2,153,19363.1,19797.7,19590,198.205,Linear interpolation,COUN,7648,0,0,0,0,4,0,0,0,0,0,4,0,4,1,0,0,0,24,1,0,3,0,0,0,0,0,0,0,0,1,0,1,0,1,0,0,2,0,0,3,3,115,0,0,0,0,0,0,2,0,0,1,0,0,0,4,0,5,0,3,5,3,0,0,0,0,0,0,0,0,0,0,0,0,0,0,1,0,1,0,0,0,1,0,0,0,0,0,0,0,6,0,0,1,0,0,102,0,0,0,57,0,0,0,0,4,0,0,0,1,0,0,0,0,0,1,0,7,9,0,0,0,0,0,0,0,0,0,0,6,0,1,0,0
