site_id,site_name,Sample depth,CLAM_min95,CLAM_max95,CLAM_best,CLAM_acc_rate,CLAM_age_model_type,count_type,sample_id,Acacia,Acalypha,Acanthaceae,Achyranthes type,Adina rubrostipulata type,Aeschynomene baumii type,Afrocrania volkensii,Alchemilla,Alchornea,Allophylus,Aloe type,Amannia prieureana type,Amaranthaceae/Chenopodiaceae,Anthocerotaceae,Anthocleista,Anthospermum,Apiaceae,Apodytes dimidiata,Araliaceae,Artemisia,Ascolepis,Asteraceae (Liguliflorae),Asteraceae (Tubuliflorae),Basella alba type,Basilicum type,Begonia,Brachystegia,Brassicaceae,Brucea antidysenterica,Caesalpinioideae,Canthium gueinzii type,Canthium schimperianum,Capitanya ostostegioides type,Carduus type,Caryophyllaceae,Celosia trigyna type,Celtis,Cerastium afromontanum type,Cerastium octandrum type,Chamaecrista mimosoides type,Chenopodiaceae,Clematis type,Cliffortia nitidula,Clutia,Combretaceae,Commelina benghalensis type,Commiphora,Commiphora boiviniana type,Crassocephalum montuosum type,Croton type,Cucurbitaceae,Cyathula orthacantha type,Cyperaceae,Dichondra micrantha type,Diospyros,Dipsacaceae,Dodonaea viscosa,Dombeya type,Ekebergia type,Embelia,Entada type,Ericaceae,Eriocaulaceae,Erythrococca type,Euclea,Euphorbia,Euphorbia hirta type,Ficalhoa/Nuxia,Ficus,Flabellaria paniculata type,Galiniera coffeoides,Garcinia volkensii type,Gentianaceae,Geranium,Hagenia abyssinica,Harungana,Heliotropium steudneri type,Hydrocotyle,Hymenodictyon floribundum type,Hypericum,Hypoestes type,Ilex mitis,Impatiens,Indeterminable,Ipomoea type,Isoglossa,Jasminum,Juniperus procera,Kotschya type,Lamiaceae,Lannea type,Laurembergia tetrandra,Leucas type,Liliopsida,Lobelia,Loranthaceae,Lythrum,Macaranga,Maerua type,Maesa lanceolata type,Margaritaria discoidea type,Melastomataceae,Mimulopsis type,Moraceae,Myrica,Myrsine africana,Nymphaea lotus type,Oldenlandia type,Olea capensis,Olea europaea,Onagraceae,Ormocarpum trichocarpum type,Papilionoideae,Parinari type,Phoenix reclinata,Phyllanthus muellerianus type,Phyllanthus niruri type,Phyllanthus nummulariifolius type,Phyllanthus reticulatus type,Phyllanthus rivae type,Pilea bambuseti type,Plantago africana type,Poaceae,Podocarpus,Polygala type,Polygonum nepalense type,Polygonum senegalense type,Polypodiales,Polyscias fulva type,Potamogeton thunbergii type,Primulaceae,Protea type,Prunus africana,Ranunculus,Rapanea melanophloeos,Resedaceae,Restio,Rhamnaceae,Ricinus communis,Rubia type,Rubiaceae,Rubus pinnatus type,Rumex,Salix subserrata,Sapotaceae,Schefflera abyssinica type,Schefflera myriantha type,Senecio mannii type,Sericostachys scandens type,Silene burchellii type,Solanum,Sphagnum,Stellaria mannii type,Stephania abyssinica type,Sterculia type,Stoebe kilimandscharica type,Swertia kilimandscharica type,Swertia usambarensis type,Syzygium type,Tarenna graveolens type,Teclea type,Tetrorchidium,Thymelaeaceae,Tiliaceae,Trema orientale type,Typha,Uapaca,Uebelinia abyssinica type,Urticaceae,Vangueria acutiloba type,Vernonia perrottetii type,Vernonieae,Virectaria,Xyris,Zanthoxylum chalybeum type,Zanthoxylum usambarense type
12,Kashiru Bog,3,-9999,-9999,-9999,-9999,-9999,COUN,1920,0,6,0,0,0,0,0,0,0,0,0,0,0,7,0,0,6,2,0,0,3,0,12,0,0,0,0,0,0,0,0,0,0,0,0,0,0,0,0,0,0,2,0,0,0,0,0,0,0,0,0,0,194,0,0,0,1,0,0,0,0,3,0,0,0,0,0,0,0,0,0,0,0,0,2,0,0,1,0,0,0,0,0,10,0,0,0,0,0,0,0,4,0,0,1,0,0,2,0,0,0,0,0,0,0,0,0,0,1,0,0,0,0,0,0,0,0,0,0,0,0,0,86,1,0,0,0,6,0,0,0,0,0,0,0,0,0,0,0,0,0,0,0,0,0,0,0,0,0,0,0,0,0,0,0,0,0,0,0,0,0,0,0,0,0,0,0,0,9,0,1,0,0,8,0,0
12,Kashiru Bog,15,-9999,-9999,-9999,-9999,-9999,COUN,1921,0,6,0,0,0,0,0,0,0,1,1,0,0,27,0,0,12,0,0,0,4,0,27,0,0,0,0,0,0,0,0,0,0,0,0,0,1,0,0,0,0,1,0,0,1,0,0,0,0,0,0,0,292,0,0,0,2,0,0,0,0,3,0,0,0,0,0,3,0,0,0,0,0,0,2,0,0,2,0,1,0,0,1,15,0,0,0,0,0,0,0,1,0,0,2,0,0,12,0,0,0,0,0,1,0,0,0,0,2,0,0,0,0,0,0,0,0,0,0,0,1,0,100,2,0,0,0,11,0,0,0,0,2,0,1,0,0,0,0,0,0,0,0,0,0,0,1,0,0,0,0,2,0,0,0,0,1,1,4,0,0,0,0,1,0,0,0,0,5,0,0,0,0,6,0,1
12,Kashiru Bog,25,-9999,-9999,-9999,-9999,-9999,COUN,1922,0,7,1,0,0,0,0,2,1,0,0,0,0,16,1,0,8,1,0,0,3,0,19,0,0,0,0,0,0,0,1,0,0,0,0,1,2,0,0,0,0,0,0,0,1,0,0,0,0,0,0,0,266,0,0,0,3,0,0,0,0,1,0,0,0,1,0,1,0,0,0,0,0,0,3,0,0,1,0,3,0,0,0,11,0,0,0,0,0,0,0,1,0,0,1,0,0,12,0,0,0,0,0,0,0,0,0,0,0,0,0,0,0,0,0,0,0,0,0,1,2,0,98,2,0,0,0,29,0,0,0,0,0,0,0,0,0,0,0,0,2,0,1,0,0,0,0,0,1,0,0,0,0,0,0,0,0,0,3,0,0,0,0,0,0,0,0,0,15,0,0,0,0,0,0,0
12,Kashiru Bog,33,-9999,-9999,-9999,-9999,-9999,COUN,1923,0,3,0,1,0,0,0,2,4,0,0,0,0,21,0,0,7,1,0,0,3,0,15,0,0,0,0,0,1,0,0,0,0,1,0,0,0,0,0,0,0,1,0,0,0,0,0,0,0,0,0,0,207,0,0,0,1,0,1,0,0,1,0,0,0,0,0,1,0,0,0,0,0,0,2,0,0,0,0,1,0,0,0,20,0,0,0,0,0,1,1,2,0,0,1,0,0,14,0,0,0,0,0,0,0,0,0,0,5,0,0,0,0,0,0,0,0,0,0,1,0,0,78,1,0,0,0,24,1,0,0,0,0,0,2,0,0,0,1,0,0,0,0,0,0,0,1,0,0,0,0,4,0,0,0,0,0,0,6,0,0,0,0,1,0,1,0,0,1,0,0,0,0,5,0,0
12,Kashiru Bog,45,-9999,-9999,-9999,-9999,-9999,COUN,1924,0,10,0,0,0,0,0,8,1,0,0,0,0,18,0,0,10,1,0,0,0,0,25,0,0,0,0,0,0,0,0,1,0,1,1,0,0,0,0,0,0,0,1,0,0,0,0,0,0,1,1,0,246,0,0,0,0,0,0,0,0,3,0,0,1,0,0,2,0,1,0,0,0,0,3,0,0,1,1,4,0,0,2,7,0,0,1,0,0,0,0,3,0,0,1,0,0,11,0,0,0,0,0,1,0,0,0,0,2,1,0,0,0,0,0,0,0,0,0,4,0,0,47,6,0,0,0,27,0,0,2,0,0,0,1,0,0,0,0,0,0,0,1,0,0,0,0,0,1,0,0,1,0,0,0,0,0,0,4,0,0,0,0,0,0,0,0,0,5,0,0,0,0,5,0,0
12,Kashiru Bog,52,-9999,-9999,-9999,-9999,-9999,COUN,1925,0,3,0,1,0,0,0,4,0,0,0,0,0,16,0,1,16,1,0,0,0,0,35,0,0,0,0,0,0,0,0,0,0,0,0,0,1,0,0,0,0,1,0,0,0,0,0,0,0,1,0,0,288,0,0,0,1,0,0,0,0,5,0,0,0,0,1,4,0,0,0,0,0,0,4,0,0,0,0,0,0,0,0,6,0,0,0,1,0,0,0,3,0,0,4,0,0,10,0,0,0,0,0,0,0,0,0,0,2,2,0,0,0,0,0,0,0,0,0,8,0,0,38,5,0,0,0,26,1,0,0,0,0,0,1,0,0,0,0,0,0,0,0,0,0,0,0,0,0,0,0,0,0,0,0,0,0,0,1,0,0,0,0,0,0,0,0,0,0,0,0,0,0,2,0,0
12,Kashiru Bog,59,-9999,-9999,-9999,-9999,-9999,COUN,1926,0,2,0,0,0,0,0,6,2,0,0,0,0,8,0,0,9,3,0,2,0,1,26,0,0,0,0,0,0,0,0,0,0,2,0,0,0,0,0,0,0,0,0,0,0,0,0,0,3,0,0,0,176,0,0,0,3,0,0,0,0,13,0,0,0,0,0,4,0,0,0,0,0,0,1,0,0,1,0,0,0,0,0,9,0,0,0,0,1,0,0,11,0,0,0,0,0,3,0,0,0,0,0,0,4,0,0,0,6,0,0,0,0,3,0,0,0,0,0,7,0,0,66,5,0,1,0,80,0,0,0,0,0,0,1,0,0,2,1,0,1,0,0,0,1,0,7,0,0,1,0,0,0,0,0,0,0,0,10,0,0,1,0,0,0,2,0,1,1,0,0,1,0,0,0,1
12,Kashiru Bog,65,-9999,-9999,-9999,-9999,-9999,COUN,1927,0,3,0,0,0,0,0,4,2,0,0,0,0,13,0,0,6,0,0,0,0,0,23,0,0,0,0,0,0,0,0,0,0,0,0,0,0,0,0,0,0,1,0,0,0,0,0,0,0,0,1,0,291,0,0,0,0,0,0,0,0,3,0,0,0,0,0,0,0,0,0,0,0,0,10,0,0,0,0,8,0,0,2,5,0,0,0,0,0,1,0,1,0,0,3,0,0,14,0,0,0,0,0,0,0,0,0,0,2,1,0,0,0,0,0,0,0,0,0,12,0,0,36,10,0,0,1,29,0,0,0,0,0,0,1,0,0,0,0,1,0,0,2,0,0,0,0,0,0,0,0,0,0,0,0,0,0,0,6,0,0,0,0,0,0,0,0,0,11,0,0,1,0,0,0,0
12,Kashiru Bog,70,-9999,-9999,-9999,-9999,-9999,COUN,1928,0,3,0,0,1,0,0,6,0,0,0,0,0,3,0,0,5,0,0,0,0,0,20,0,0,0,0,0,0,0,0,0,0,3,0,0,6,0,0,0,0,0,0,0,1,0,0,0,0,0,0,0,305,0,0,0,0,0,0,0,0,0,0,0,0,0,0,7,0,0,0,0,0,0,4,0,0,3,0,0,0,0,2,13,0,0,0,0,0,0,0,2,0,0,0,0,2,7,0,0,0,0,0,0,1,0,0,0,3,0,0,0,0,0,0,0,0,0,0,9,1,0,50,9,0,1,0,43,1,0,0,0,1,0,0,0,0,0,0,1,3,0,0,0,0,0,0,0,0,1,0,0,0,0,0,0,0,0,11,0,0,0,0,0,0,0,0,0,3,0,0,0,1,0,0,0
12,Kashiru Bog,75,-9999,-9999,-9999,-9999,-9999,COUN,1929,0,2,0,0,0,0,0,3,0,0,0,0,0,8,0,0,9,0,0,0,1,0,17,0,0,0,0,0,0,0,0,0,0,2,0,0,1,0,0,0,0,0,0,0,0,0,0,0,0,0,0,0,324,0,0,0,0,0,0,0,0,0,0,0,0,0,0,3,0,0,0,0,0,0,5,0,1,0,0,0,0,0,0,7,0,0,0,0,0,0,0,0,0,0,1,0,0,10,0,0,0,0,0,0,0,0,0,0,2,0,0,0,0,0,0,0,0,0,0,7,2,0,58,10,0,0,1,55,0,0,0,0,0,0,0,0,0,1,1,0,1,0,0,0,0,0,0,0,0,0,0,0,0,0,0,0,0,0,4,0,0,0,0,1,0,0,0,0,8,0,0,0,0,0,0,0
12,Kashiru Bog,80,-9999,-9999,-9999,-9999,-9999,COUN,1930,0,2,0,0,0,0,0,1,0,0,0,0,0,3,0,0,4,3,0,0,0,0,17,0,0,0,1,0,0,0,1,0,0,2,0,0,0,0,0,0,0,1,0,0,0,0,0,0,0,0,1,0,310,0,0,0,1,0,0,0,0,1,0,0,0,0,0,6,0,0,0,0,0,0,15,0,0,0,0,2,0,0,3,21,0,0,0,0,0,2,0,1,0,0,0,0,1,6,0,0,0,0,0,1,0,0,0,0,1,1,1,0,0,1,0,0,1,0,0,6,0,0,34,12,0,0,0,33,0,0,0,0,0,0,2,0,0,0,0,0,0,0,0,0,0,0,1,0,0,0,0,0,0,1,0,0,0,0,5,0,0,0,0,0,1,0,0,0,7,0,0,1,0,1,0,0
12,Kashiru Bog,85,-9999,-9999,-9999,-9999,-9999,COUN,1931,0,0,0,0,0,0,0,4,4,0,0,0,0,5,0,0,10,8,0,0,2,0,16,0,0,0,1,1,0,0,0,0,0,2,0,0,0,0,0,0,0,0,0,0,0,0,0,0,4,0,0,0,423,0,0,0,1,0,1,0,0,2,0,0,0,0,0,5,1,0,0,0,0,0,19,0,0,1,0,1,0,2,3,4,0,0,0,0,0,1,0,0,0,0,0,0,0,21,0,0,1,0,0,0,3,0,0,0,12,0,0,0,1,5,0,0,0,0,0,11,0,0,75,20,0,1,0,58,0,0,0,0,2,0,2,0,0,0,0,1,1,0,0,0,0,0,3,0,0,0,0,1,0,0,0,1,0,0,8,1,0,0,0,0,0,1,0,0,8,0,0,1,0,3,0,0
12,Kashiru Bog,90,-9999,-9999,-9999,-9999,-9999,COUN,1932,0,0,0,0,0,0,0,5,1,0,0,0,0,2,0,0,9,4,0,0,0,0,12,0,0,0,0,0,0,0,0,2,0,3,0,0,0,0,0,0,0,2,0,0,0,0,0,0,0,0,0,0,302,0,0,0,0,0,1,0,0,4,0,0,0,0,0,2,1,0,0,0,0,0,9,0,0,1,0,1,1,0,1,19,0,0,0,0,1,0,0,1,0,0,1,0,0,8,0,0,0,0,1,0,0,0,0,0,5,1,0,0,0,0,0,0,0,0,0,8,0,0,39,16,0,0,0,39,0,0,0,0,0,0,1,0,0,0,0,0,0,0,0,0,0,0,1,0,0,0,0,0,0,0,0,0,1,0,9,0,0,0,0,0,0,0,0,0,1,0,0,1,0,0,0,0
12,Kashiru Bog,95,-9999,-9999,-9999,-9999,-9999,COUN,1933,0,0,0,0,0,0,0,2,1,0,0,0,1,5,0,0,9,1,0,0,0,0,16,0,0,0,0,0,0,0,2,0,0,4,0,0,2,0,0,0,0,0,0,0,0,1,0,0,0,0,0,0,343,0,0,0,0,0,0,0,0,1,0,0,0,0,0,2,0,0,0,0,0,0,3,0,0,0,0,5,0,0,3,7,0,0,0,0,0,1,0,0,0,0,1,0,1,9,0,0,0,0,0,0,0,0,0,0,3,0,0,0,0,0,0,0,0,0,0,8,0,0,45,5,0,0,0,21,0,0,0,0,0,0,0,0,0,0,0,0,1,0,0,0,0,0,2,0,0,0,0,0,0,0,0,0,1,0,8,0,0,0,0,0,0,0,0,0,0,0,0,1,0,1,0,0
12,Kashiru Bog,102,-9999,-9999,-9999,-9999,-9999,COUN,1934,0,2,0,0,0,0,0,6,0,0,0,0,0,7,0,0,15,0,0,0,0,0,32,0,0,0,0,0,0,0,1,0,0,3,0,0,2,0,0,0,0,1,0,0,0,0,0,0,0,3,0,0,472,0,0,0,0,0,1,0,0,1,0,0,1,0,0,3,0,0,0,0,0,0,3,0,0,2,0,2,0,1,1,9,0,0,0,0,0,0,0,0,0,0,1,0,1,12,0,0,0,0,0,0,0,0,0,0,1,1,0,0,0,0,0,0,0,0,0,11,0,0,80,15,0,0,1,71,1,0,0,0,0,0,0,0,0,0,0,0,0,0,2,0,1,0,1,0,0,0,0,2,0,0,0,0,0,0,10,0,0,0,0,1,0,0,0,0,0,0,0,1,0,2,0,0
12,Kashiru Bog,109,-9999,-9999,-9999,-9999,-9999,COUN,1935,0,4,0,0,0,0,0,3,0,0,0,0,0,7,0,0,10,2,0,0,0,0,27,0,0,0,0,0,0,0,0,0,0,0,0,0,0,0,0,0,0,0,0,0,1,0,0,0,0,0,0,0,459,0,0,0,0,0,0,0,0,3,0,0,0,0,0,5,0,0,0,0,0,0,1,0,0,1,0,2,0,0,3,16,0,0,0,0,0,0,0,0,0,0,2,0,0,18,0,0,0,0,1,0,0,0,0,0,8,0,0,0,0,0,0,0,0,0,0,14,0,0,77,12,0,0,0,32,0,0,0,0,0,1,2,0,0,0,0,1,1,0,0,0,0,0,1,0,0,0,0,0,0,0,0,0,0,0,8,0,0,0,0,0,0,0,0,0,2,0,0,0,0,0,0,0
12,Kashiru Bog,115,-9999,-9999,-9999,-9999,-9999,COUN,1936,0,1,0,0,0,0,0,3,0,0,0,0,1,3,0,0,7,2,0,0,0,0,22,0,0,0,0,0,0,0,0,1,0,3,0,0,0,0,0,0,0,0,0,0,0,0,0,0,0,1,0,0,446,0,0,0,1,0,0,0,0,2,0,0,0,0,0,4,0,0,0,0,0,0,2,0,0,3,0,3,0,0,4,11,0,0,0,0,0,0,0,0,0,0,1,0,1,17,0,0,0,0,0,1,0,0,0,0,0,0,0,0,1,0,0,0,0,0,0,13,0,0,65,11,0,1,0,44,0,0,0,1,0,0,0,0,0,0,0,0,4,0,0,0,0,0,5,0,0,0,0,1,0,0,0,0,0,0,10,0,0,0,0,0,0,0,0,0,0,0,0,0,0,1,0,0
12,Kashiru Bog,121,-9999,-9999,-9999,-9999,-9999,COUN,1937,0,2,0,0,0,0,0,8,0,0,0,0,0,4,0,0,8,3,0,0,0,0,24,0,0,0,0,0,0,0,0,0,0,4,0,0,4,0,0,0,0,0,0,0,0,0,0,0,1,0,0,0,349,0,0,0,0,0,0,0,0,1,0,0,0,0,0,9,0,0,0,0,0,0,1,0,0,5,0,0,0,0,4,9,1,0,0,0,0,0,0,0,0,1,2,0,3,10,0,0,0,0,0,0,0,0,0,0,5,0,0,0,2,0,0,0,0,0,0,7,1,0,75,12,0,0,0,47,0,0,1,0,0,0,0,0,0,0,0,0,2,0,0,0,1,0,1,0,1,0,0,0,0,0,0,0,0,0,9,0,0,0,0,0,0,0,0,0,3,0,0,1,0,1,0,0
12,Kashiru Bog,125,-9999,-9999,-9999,-9999,-9999,COUN,1938,0,0,0,0,0,0,0,1,0,0,0,0,0,3,0,0,2,3,0,0,0,0,17,0,1,0,0,0,0,0,0,0,0,2,0,0,0,0,0,0,0,0,0,0,0,0,0,0,0,0,0,0,236,0,0,0,0,0,1,0,0,1,0,0,0,0,0,4,0,0,0,0,0,0,0,0,0,0,0,7,0,0,2,6,0,0,0,0,0,0,0,0,0,0,0,0,3,5,0,0,0,0,0,0,0,0,0,0,6,0,0,0,0,0,0,0,0,0,1,3,0,0,40,10,0,0,0,36,0,0,0,0,0,0,0,0,0,0,0,0,0,0,0,0,0,0,0,0,0,0,0,0,0,0,0,0,0,0,5,0,0,0,0,0,0,0,0,0,4,0,0,1,0,0,0,0
12,Kashiru Bog,131,-9999,-9999,-9999,-9999,-9999,COUN,1939,0,1,0,0,1,0,0,5,1,0,0,0,0,2,0,1,1,1,0,0,1,0,18,0,0,0,0,0,0,0,0,0,0,3,0,0,1,0,0,0,0,0,0,0,0,0,0,0,1,0,0,0,295,0,0,0,0,0,0,0,0,1,0,0,0,0,0,3,1,0,0,0,0,0,1,0,0,2,0,2,0,0,2,7,0,0,0,0,0,0,0,1,0,0,0,0,2,7,0,0,0,0,1,0,1,0,0,0,4,0,0,0,0,0,0,0,0,0,0,11,1,0,43,17,0,1,0,64,0,0,0,0,0,0,1,1,0,0,0,0,0,0,0,0,0,0,5,0,0,0,0,0,0,0,0,0,0,0,13,0,0,0,0,0,0,0,0,0,1,0,0,1,2,0,0,0
12,Kashiru Bog,135,-9999,-9999,-9999,-9999,-9999,COUN,1940,0,0,0,0,0,0,0,9,0,0,0,0,0,0,0,0,7,4,0,0,0,0,23,0,0,0,0,0,0,0,1,0,0,3,0,0,0,0,0,0,0,1,0,0,0,0,0,0,0,0,0,0,311,0,0,0,6,0,0,0,0,1,0,0,0,0,0,6,0,0,0,0,0,0,3,0,0,4,0,3,0,3,5,18,0,0,0,0,0,0,0,2,1,1,0,0,4,6,0,0,0,0,0,0,2,0,0,0,6,0,0,0,0,0,0,0,0,0,0,5,1,0,69,21,0,0,0,57,0,0,0,0,0,0,0,0,0,0,0,0,1,0,3,0,0,0,3,0,0,0,0,0,0,3,0,0,3,0,12,1,0,0,0,0,0,2,0,0,5,0,0,3,0,0,0,0
12,Kashiru Bog,141,-9999,-9999,-9999,-9999,-9999,COUN,1941,0,4,0,0,1,0,0,10,4,0,0,0,0,0,0,0,2,7,0,0,0,0,28,0,0,0,0,0,0,0,1,0,0,0,0,0,0,0,0,0,0,0,0,0,2,0,0,0,0,0,0,0,249,0,0,0,0,0,0,0,0,1,0,0,0,0,0,2,0,0,0,0,0,0,7,0,0,2,0,0,0,1,0,20,0,0,1,0,1,0,0,1,0,0,0,1,8,5,0,0,0,1,1,0,0,0,0,0,7,0,0,0,3,0,0,0,0,0,0,6,0,0,45,23,0,0,0,84,0,0,0,0,1,0,0,1,0,1,0,0,1,0,0,0,0,0,15,1,1,0,0,0,0,0,0,0,0,0,9,0,0,0,0,0,0,0,0,0,3,0,0,1,0,3,0,0
12,Kashiru Bog,145,-9999,-9999,-9999,-9999,-9999,COUN,1942,0,9,0,0,1,0,0,23,3,0,0,0,0,8,0,0,2,7,0,4,0,0,32,0,0,0,0,0,0,0,1,2,0,1,0,0,4,0,0,0,0,0,0,0,3,0,0,0,3,0,0,0,281,0,0,0,1,0,1,0,0,0,0,0,0,0,0,22,0,0,3,0,0,0,2,0,0,5,0,0,0,3,3,21,0,1,0,0,0,1,0,1,0,0,0,0,10,13,0,0,0,0,1,0,2,0,0,0,6,0,0,0,0,1,0,0,0,0,0,8,0,0,89,35,0,0,0,210,0,0,0,0,1,2,1,0,0,0,0,0,0,0,1,0,0,0,19,1,1,0,0,0,0,2,0,0,0,0,13,1,1,0,0,0,0,0,0,0,2,0,0,1,0,0,0,1
12,Kashiru Bog,152,-9999,-9999,-9999,-9999,-9999,COUN,1943,0,0,1,0,1,0,0,7,1,0,0,0,1,1,0,0,7,3,0,0,0,0,13,0,0,0,0,0,0,0,1,0,0,0,0,0,3,0,0,0,0,3,0,0,0,0,0,0,0,0,0,0,232,0,0,0,1,0,0,0,0,4,0,0,0,2,0,14,0,0,0,0,0,0,3,0,0,1,0,3,0,1,0,10,0,1,0,0,0,0,0,0,0,0,0,0,5,2,0,0,0,0,0,0,0,0,0,0,5,0,0,0,0,0,0,0,0,0,0,4,2,0,32,20,0,0,0,95,6,0,0,0,0,0,0,0,0,0,0,1,1,0,0,0,0,0,3,0,0,0,0,0,0,0,0,0,0,0,13,0,0,0,0,0,0,0,0,1,1,0,0,0,0,0,0,0
12,Kashiru Bog,160,-9999,-9999,-9999,-9999,-9999,COUN,1944,0,3,0,0,0,0,0,3,2,0,0,0,0,5,0,0,2,6,0,0,0,0,19,0,0,0,0,0,0,0,2,0,0,0,0,0,4,0,0,0,0,1,0,0,1,0,0,0,0,0,0,0,236,0,0,0,2,0,0,0,0,3,0,0,0,0,0,11,0,0,0,1,0,0,0,1,0,1,0,3,0,0,2,29,0,0,0,0,1,0,0,1,0,0,0,0,5,4,0,0,0,0,1,0,0,0,0,0,4,0,0,0,2,0,0,0,0,0,0,1,0,0,46,14,0,0,0,99,0,0,0,0,0,0,0,0,0,0,0,0,0,0,0,0,0,0,9,0,0,0,0,0,0,1,0,0,0,0,15,0,0,0,0,0,0,0,0,0,3,0,0,1,0,0,0,0
12,Kashiru Bog,162,-9999,-9999,-9999,-9999,-9999,COUN,1945,0,2,0,0,0,0,0,7,2,0,0,0,0,3,0,0,0,2,0,1,2,0,15,0,0,0,0,0,0,0,1,2,0,0,0,0,1,0,0,0,0,1,0,0,1,0,0,0,3,0,0,0,205,0,0,0,0,0,1,0,0,0,0,0,0,0,0,8,0,0,0,0,0,0,3,0,0,2,0,0,0,2,0,8,0,0,0,0,0,0,0,0,0,0,0,1,4,5,0,0,0,0,1,0,0,0,0,2,8,0,0,0,1,0,0,0,0,0,0,2,0,0,61,14,0,1,0,112,0,0,0,0,0,1,0,0,0,1,0,0,2,0,0,0,0,1,11,0,0,0,0,0,0,1,0,0,0,0,8,2,0,1,0,0,0,0,0,0,0,0,0,5,1,0,0,0
12,Kashiru Bog,165,-9999,-9999,-9999,-9999,-9999,COUN,1946,0,3,1,0,0,0,0,14,6,0,0,0,0,12,0,0,8,0,0,0,0,0,21,0,0,0,0,0,0,0,0,0,0,0,0,0,1,0,0,0,3,0,0,0,0,0,0,0,0,0,0,0,330,0,0,0,1,0,0,0,0,0,0,0,0,0,0,9,0,1,0,0,0,0,0,0,0,1,0,1,0,1,0,7,0,0,0,0,0,0,0,2,0,0,0,0,1,6,0,0,0,0,0,0,0,0,0,0,2,1,0,0,0,0,0,0,0,0,0,3,1,0,44,5,0,0,0,58,2,0,0,0,1,0,1,0,0,0,0,0,1,0,1,0,0,0,2,0,0,0,0,0,0,0,0,0,1,0,5,0,0,1,0,0,0,0,0,0,14,0,0,0,0,0,0,0
12,Kashiru Bog,170,-9999,-9999,-9999,-9999,-9999,COUN,1947,0,2,1,0,0,0,0,8,5,1,0,0,0,2,0,0,0,5,0,0,0,0,20,0,0,0,0,0,0,0,4,2,0,0,0,0,2,0,0,0,0,0,0,0,0,0,0,0,0,0,0,0,217,0,0,1,0,0,0,0,0,1,0,0,0,0,0,39,0,0,0,0,0,0,1,0,0,2,0,6,0,2,2,15,0,0,0,0,0,0,1,0,0,0,0,0,1,10,0,0,0,0,1,2,0,0,0,0,5,0,0,0,2,0,0,0,0,0,0,1,1,0,32,22,0,0,0,186,0,0,0,0,0,0,1,0,0,0,0,0,2,0,0,0,0,0,6,0,1,0,0,0,0,0,0,0,0,0,23,0,0,1,0,1,0,0,0,0,8,0,0,1,1,0,0,0
12,Kashiru Bog,175,-9999,-9999,-9999,-9999,-9999,COUN,1948,0,0,0,0,0,0,0,1,3,0,0,0,0,0,0,0,0,0,0,0,0,0,8,0,0,0,0,0,0,0,0,1,0,0,0,0,1,0,0,0,0,0,0,0,0,0,0,0,0,0,0,0,177,0,0,0,0,0,0,0,0,0,0,0,0,0,0,14,0,0,0,0,0,0,0,0,0,1,0,2,0,1,1,12,0,0,0,0,0,1,0,1,0,0,1,0,1,3,0,0,0,0,0,0,0,0,0,0,2,0,0,0,0,0,0,0,0,0,0,0,0,0,30,13,0,0,0,69,3,0,0,0,0,0,0,0,0,0,0,0,0,0,0,0,0,0,0,0,1,0,0,0,0,0,0,0,0,0,16,0,0,0,0,0,0,0,0,0,3,0,0,1,0,0,0,0
12,Kashiru Bog,181,-9999,-9999,-9999,-9999,-9999,COUN,1949,0,3,0,1,1,0,0,6,8,0,0,0,0,1,0,0,3,6,0,0,0,0,8,0,0,0,0,0,0,0,1,0,0,0,0,0,5,0,0,0,0,0,0,0,0,0,0,0,2,0,0,0,247,0,0,0,0,0,0,0,0,2,0,0,1,0,0,11,0,0,0,0,0,0,1,0,0,0,0,0,0,1,0,14,0,0,0,0,1,1,0,0,0,0,0,0,1,6,0,0,0,0,1,1,0,0,0,0,9,2,0,0,0,0,0,0,0,0,0,0,1,0,48,26,0,1,0,108,0,0,0,0,0,0,0,0,0,0,0,0,4,0,0,0,0,0,20,0,0,0,0,0,0,0,0,0,0,0,7,0,0,0,0,0,0,0,0,0,1,0,0,0,0,0,0,1
12,Kashiru Bog,185,-9999,-9999,-9999,-9999,-9999,COUN,1950,0,3,0,0,1,0,0,7,2,2,0,0,0,6,0,0,8,0,0,0,0,0,31,0,0,1,0,1,0,0,0,5,0,1,0,0,11,0,0,0,1,0,0,0,0,0,0,0,0,0,0,0,382,0,0,0,2,0,0,0,0,4,1,0,2,0,0,3,0,0,0,0,0,0,2,0,0,1,0,2,0,1,5,7,0,1,0,1,0,1,0,5,0,1,0,1,14,2,0,0,0,0,0,0,1,0,0,0,2,0,0,0,0,0,0,0,0,0,0,1,0,0,101,11,0,0,3,94,1,0,0,0,1,0,0,0,0,0,0,0,1,0,2,0,0,0,7,0,0,0,0,0,0,0,1,0,3,0,11,0,1,0,0,0,0,0,0,0,1,0,0,3,0,0,0,1
12,Kashiru Bog,195,-9999,-9999,-9999,-9999,-9999,COUN,1951,0,2,0,0,2,0,0,14,8,0,0,0,1,1,0,0,2,2,0,0,0,0,6,0,0,0,0,0,0,0,2,0,0,0,0,0,4,0,0,0,0,0,0,0,0,0,0,0,0,0,0,0,235,0,0,0,0,0,0,0,0,0,0,0,0,0,0,17,1,0,0,0,0,0,3,0,0,0,0,0,0,0,0,8,0,1,0,0,0,0,0,2,0,0,0,0,0,6,0,0,0,0,0,0,0,0,0,0,3,0,0,0,0,0,0,0,0,0,0,1,1,0,35,12,0,0,1,113,0,0,0,0,0,0,1,0,0,0,0,0,0,0,0,0,0,0,6,0,1,0,0,0,0,0,0,0,0,0,25,0,0,1,0,1,0,0,0,0,1,0,0,1,1,0,0,0
12,Kashiru Bog,202,-9999,-9999,-9999,-9999,-9999,COUN,1952,0,4,1,0,0,0,1,3,2,0,0,0,0,0,0,0,4,1,0,0,0,0,13,0,0,0,0,0,0,0,5,0,0,0,0,0,4,0,0,0,0,0,0,0,0,0,0,0,0,0,0,0,181,0,0,0,1,0,0,0,0,0,0,0,0,0,0,12,0,0,0,0,0,0,2,0,0,1,0,3,0,0,0,12,0,0,0,0,0,0,0,0,0,0,1,0,1,4,0,0,0,0,0,0,0,0,0,0,5,2,0,0,0,0,0,0,0,0,0,0,0,0,31,15,0,0,0,80,5,0,0,0,0,0,0,0,0,0,0,0,0,0,0,0,0,0,2,0,0,0,0,0,0,0,0,0,0,0,6,0,0,0,0,2,0,0,0,0,3,0,0,1,0,0,0,0
12,Kashiru Bog,215,-9999,-9999,-9999,-9999,-9999,COUN,1953,0,0,0,0,0,0,0,5,5,0,0,0,0,3,0,0,2,6,0,0,0,0,9,0,0,0,0,0,0,0,0,1,0,0,0,0,1,0,0,0,0,0,0,0,1,0,0,0,0,1,0,0,252,0,0,0,2,0,0,0,0,2,0,0,0,0,0,19,0,0,0,0,0,0,0,0,0,0,0,1,0,0,3,19,0,1,0,0,0,0,0,1,0,0,0,0,3,9,0,0,0,0,0,1,0,0,0,0,5,0,0,0,3,0,0,0,0,0,0,0,1,0,32,14,0,0,0,101,0,0,0,0,0,0,0,1,0,0,0,0,2,0,1,0,1,0,11,0,0,0,0,0,0,0,0,0,0,0,21,0,0,0,0,1,0,0,1,0,3,0,0,2,0,0,0,1
12,Kashiru Bog,225,-9999,-9999,-9999,-9999,-9999,COUN,1954,0,2,2,0,0,0,0,2,4,0,0,0,0,1,0,0,3,2,0,0,0,0,4,0,0,0,0,0,0,0,1,0,0,0,0,0,0,0,0,0,0,0,0,0,0,0,0,0,0,2,0,0,238,0,0,0,0,0,0,0,0,3,0,0,0,0,0,10,0,0,1,0,0,0,0,0,0,0,0,0,0,0,0,9,0,0,0,0,0,0,0,0,0,0,0,0,5,1,0,0,0,0,0,0,0,0,0,0,6,0,0,0,2,0,0,0,1,0,0,1,1,0,29,14,0,0,0,57,0,2,0,0,0,0,0,0,0,0,0,0,0,0,0,0,0,0,5,0,0,0,0,0,0,0,0,0,0,0,8,0,0,0,0,0,0,0,0,0,5,0,0,1,0,0,0,0
12,Kashiru Bog,235,-9999,-9999,-9999,-9999,-9999,COUN,1955,0,4,0,0,0,0,0,7,7,0,0,0,0,3,0,0,3,0,0,0,0,0,16,0,0,1,0,0,0,0,0,1,0,0,0,0,3,0,0,2,0,0,0,0,0,0,0,0,1,0,0,0,197,0,0,0,0,0,0,0,0,6,0,0,0,0,0,12,0,0,1,0,0,0,4,0,0,1,0,0,1,2,2,17,0,1,0,0,1,0,0,0,0,0,0,2,2,7,0,0,1,0,0,1,0,0,0,0,5,0,0,0,0,0,0,0,0,0,0,3,0,0,42,21,0,0,0,128,0,0,0,0,0,0,0,0,0,0,0,0,1,0,0,0,0,0,14,0,0,0,0,0,0,0,0,0,0,0,11,1,0,0,0,0,0,0,0,0,0,0,0,0,0,0,0,0
12,Kashiru Bog,245,-9999,-9999,-9999,-9999,-9999,COUN,1956,0,7,0,0,0,0,0,5,6,0,0,0,0,1,0,0,2,2,0,0,0,0,16,0,0,0,0,0,0,0,2,2,0,0,0,0,2,0,0,1,0,0,0,0,2,0,0,0,0,1,0,0,158,0,0,0,0,0,0,0,0,3,0,0,0,0,0,32,0,0,0,0,0,0,2,0,0,0,0,1,0,1,2,19,0,0,0,0,0,0,0,0,0,0,0,0,1,10,0,0,0,1,1,0,0,0,0,0,5,0,0,0,0,0,0,0,0,0,0,0,3,0,35,22,0,0,0,143,0,0,0,0,0,0,1,0,0,1,0,0,3,0,0,0,0,0,18,0,0,0,0,0,0,0,0,0,0,0,23,0,1,0,0,1,0,0,0,0,5,0,0,0,0,1,0,1
12,Kashiru Bog,252,-9999,-9999,-9999,-9999,-9999,COUN,1957,0,0,0,0,0,0,0,3,8,0,0,0,0,2,0,0,2,3,0,0,0,0,5,0,0,0,0,0,0,0,1,0,0,0,0,0,0,0,0,0,0,1,1,1,0,1,0,0,0,0,0,0,151,0,0,0,0,0,0,0,0,0,0,0,0,0,0,8,0,0,0,0,0,0,5,0,0,0,0,4,0,1,0,16,0,1,0,0,0,0,0,0,0,0,0,0,2,6,0,0,0,0,0,0,0,0,0,0,3,0,0,0,0,0,0,0,0,0,0,1,1,0,23,17,0,0,0,117,5,0,0,0,0,0,0,0,0,0,0,0,1,0,0,0,0,0,0,0,0,0,0,0,1,0,0,0,0,0,15,0,0,0,0,0,0,0,0,0,0,0,0,3,0,0,0,0
12,Kashiru Bog,265,-9999,-9999,-9999,-9999,-9999,COUN,1958,0,2,1,0,0,0,0,5,8,0,0,1,0,0,0,0,6,0,0,0,0,0,24,0,0,0,0,0,0,0,1,1,0,0,0,0,2,0,0,0,0,0,0,1,1,0,0,0,0,0,0,0,110,0,0,0,0,0,0,0,0,2,0,0,0,0,0,20,1,0,0,0,0,0,7,0,0,1,0,1,0,1,0,10,0,2,0,0,0,1,0,0,0,0,0,0,4,10,0,0,0,0,0,0,0,0,0,0,2,1,0,0,0,0,0,0,0,0,0,1,1,0,43,16,0,0,1,77,7,0,0,0,0,0,3,0,0,0,0,0,1,0,1,0,0,0,2,0,0,0,0,0,0,0,0,0,0,0,15,0,0,0,0,0,0,0,0,0,6,0,0,3,0,0,1,0
12,Kashiru Bog,275,-9999,-9999,-9999,-9999,-9999,COUN,1959,0,0,0,0,0,0,0,3,3,0,0,0,0,0,0,0,1,3,0,0,0,0,10,0,0,1,0,0,0,0,0,0,0,0,0,1,0,0,0,0,0,1,1,0,0,0,0,0,0,0,1,0,94,0,0,0,0,0,0,0,0,3,0,0,0,0,0,29,0,0,0,0,0,0,5,0,0,0,0,1,0,2,1,24,0,1,0,0,1,1,0,0,0,0,0,0,1,10,0,0,0,0,0,3,0,0,0,0,5,0,0,0,0,0,0,0,0,0,0,1,6,0,37,11,0,0,0,127,0,0,0,0,0,1,0,0,0,0,0,0,4,0,1,0,0,0,16,0,1,0,0,0,0,0,0,0,0,0,21,0,0,0,0,0,0,0,0,0,8,0,0,3,0,0,0,0
12,Kashiru Bog,287,-9999,-9999,-9999,-9999,-9999,COUN,1960,0,0,0,0,1,0,0,7,4,0,0,0,0,2,0,0,1,0,0,0,0,0,11,0,0,0,0,0,0,0,1,0,0,0,0,0,1,0,0,0,0,2,0,0,0,0,0,0,0,0,0,0,169,0,0,0,1,0,0,0,0,0,0,0,0,0,0,9,0,0,0,0,0,0,8,0,0,0,0,2,0,1,1,15,0,0,0,0,0,0,0,0,0,0,1,0,0,4,0,0,0,0,0,0,0,0,0,0,0,0,0,0,0,0,0,0,1,0,0,2,0,0,30,20,0,0,0,115,0,1,0,0,0,0,0,0,0,0,0,0,0,0,0,0,0,0,8,0,2,0,0,0,0,0,0,0,0,0,20,0,0,0,0,1,0,0,0,0,2,0,0,1,0,0,0,0
12,Kashiru Bog,295,-9999,-9999,-9999,-9999,-9999,COUN,1961,0,1,0,0,0,0,0,17,5,0,0,0,0,0,0,0,4,3,0,0,0,0,18,1,0,0,0,0,0,0,1,0,0,0,0,0,1,0,0,0,0,0,0,0,1,0,0,0,2,2,0,0,269,0,0,0,1,0,0,0,0,1,0,0,0,0,0,19,0,0,0,0,0,0,2,0,0,0,1,2,0,4,1,14,0,0,0,0,0,0,0,1,0,0,0,0,3,6,0,0,0,0,0,0,1,0,0,0,7,0,0,0,4,0,0,0,0,0,0,4,0,0,57,16,0,0,1,159,0,0,0,0,0,0,2,0,0,0,0,0,7,0,0,0,0,0,11,1,1,0,0,0,0,0,0,0,0,0,16,0,0,2,0,0,0,0,0,0,3,1,0,4,1,0,0,0
12,Kashiru Bog,302,-9999,-9999,-9999,-9999,-9999,COUN,1962,0,2,0,0,0,0,0,6,3,0,0,0,0,3,0,0,3,0,0,0,0,0,16,0,0,0,0,0,0,0,1,1,0,1,0,0,3,0,0,0,0,1,0,0,0,0,0,0,0,0,1,0,274,0,0,0,0,0,0,0,0,2,0,0,0,0,0,9,0,0,0,0,0,0,3,0,0,2,0,2,0,2,0,10,0,0,0,0,0,0,0,0,0,0,1,0,1,6,0,1,0,0,0,0,0,0,0,0,4,2,0,0,0,0,0,0,0,0,0,1,0,0,34,11,0,0,0,92,7,0,0,0,0,0,0,0,0,0,0,0,0,0,1,0,0,0,2,0,0,0,0,0,0,0,0,0,0,0,10,0,0,0,0,0,0,0,0,0,1,0,0,2,0,3,0,0
12,Kashiru Bog,315,-9999,-9999,-9999,-9999,-9999,COUN,1963,0,3,0,0,0,0,0,4,6,0,0,0,0,0,0,0,4,2,0,0,0,0,14,0,0,0,0,1,0,0,0,0,0,0,0,0,4,0,0,0,0,1,0,0,1,0,0,0,0,0,0,0,59,0,0,0,0,0,0,0,1,2,0,0,0,0,0,17,0,0,0,0,0,0,11,0,0,0,0,2,0,4,0,24,0,0,0,0,0,2,0,1,0,0,0,0,2,10,0,1,0,0,0,0,0,0,0,0,4,0,0,0,1,0,0,0,1,0,0,0,2,0,31,21,1,0,0,108,4,0,0,0,0,0,0,0,0,0,0,0,3,0,0,0,0,0,11,0,0,0,0,0,0,0,0,0,0,0,27,0,0,0,0,1,0,0,0,0,7,1,0,5,0,0,0,0
12,Kashiru Bog,325,-9999,-9999,-9999,-9999,-9999,COUN,1964,0,0,0,1,0,0,0,5,7,0,0,0,0,9,0,0,6,0,2,0,0,0,12,0,0,0,0,1,0,0,0,1,0,3,0,0,3,0,0,0,0,1,0,0,0,0,0,1,0,0,0,0,274,0,0,0,0,0,0,0,0,1,0,0,0,0,0,3,0,0,0,0,0,0,2,0,0,0,0,10,0,2,0,23,0,0,0,0,0,0,0,0,0,0,0,0,1,10,0,0,0,0,0,0,0,0,0,0,0,0,0,0,0,0,0,0,0,0,0,4,1,0,31,12,0,0,0,48,0,0,0,0,0,0,0,0,0,0,0,0,0,0,0,0,0,0,1,0,0,0,0,0,0,0,0,0,0,0,8,0,0,0,0,0,0,0,0,0,2,0,0,0,0,0,0,0
12,Kashiru Bog,334,-9999,-9999,-9999,-9999,-9999,COUN,1965,0,2,1,0,0,0,0,4,7,0,0,0,0,22,0,0,5,0,0,0,0,0,11,0,0,0,0,0,0,0,1,0,0,0,0,0,1,0,0,0,0,0,0,0,0,0,0,0,0,0,0,0,357,0,0,0,0,0,0,0,0,2,0,0,0,0,0,7,0,0,0,0,1,0,0,0,0,0,0,2,0,0,0,11,0,0,0,0,0,0,0,0,0,1,0,0,0,5,0,1,0,0,0,4,0,0,0,0,0,0,0,0,0,1,0,0,0,0,0,4,1,0,20,2,0,0,0,54,1,0,0,0,0,0,1,0,0,0,0,0,0,0,0,0,0,0,0,0,0,0,0,1,0,0,0,0,0,0,22,0,0,1,0,0,1,0,0,0,11,0,0,1,0,0,0,0
12,Kashiru Bog,338,-9999,-9999,-9999,-9999,-9999,COUN,1966,0,3,0,0,0,0,0,15,9,0,0,0,0,40,0,0,13,0,0,0,0,0,23,0,0,0,0,0,0,0,0,0,0,3,0,0,0,0,0,0,0,0,0,0,1,0,0,0,0,1,0,0,544,0,0,0,1,0,0,0,0,4,0,0,0,0,0,5,0,0,0,0,0,0,1,0,0,0,0,0,0,1,0,7,0,0,0,0,0,0,0,0,0,1,0,0,0,11,0,0,0,0,0,2,0,0,0,0,7,0,1,0,0,0,0,0,0,0,0,3,1,0,22,9,0,0,0,79,4,0,0,0,1,0,0,0,0,0,0,0,1,0,0,0,0,1,0,0,0,0,0,0,0,0,0,0,0,0,10,0,1,1,0,1,0,0,0,0,18,0,0,0,0,0,0,0
12,Kashiru Bog,340,-9999,-9999,-9999,-9999,-9999,COUN,1967,0,0,0,1,0,0,0,7,8,0,0,0,0,22,0,0,5,0,0,0,0,0,12,0,0,0,0,0,0,0,0,0,0,1,0,0,2,0,0,1,0,0,0,0,0,0,0,0,0,0,0,0,402,0,0,0,0,0,0,0,0,3,0,0,0,0,0,12,0,0,0,0,0,0,0,0,0,0,0,2,0,0,0,11,0,0,0,0,0,0,0,0,0,0,0,0,0,8,0,1,0,0,0,2,0,0,0,0,3,0,0,0,0,0,0,0,0,0,0,2,5,0,32,4,0,0,0,66,4,0,0,0,1,0,1,0,0,0,0,0,0,0,0,0,0,0,3,0,0,0,0,0,0,0,0,0,0,0,10,0,0,1,0,0,0,0,0,0,11,0,0,0,0,0,0,0
12,Kashiru Bog,343,-9999,-9999,-9999,-9999,-9999,COUN,1968,0,3,1,0,0,0,0,14,9,0,0,0,0,28,0,0,10,0,0,0,0,0,29,0,0,0,0,0,0,0,1,0,0,0,0,0,1,0,0,2,0,1,0,0,1,0,0,0,0,0,0,0,419,0,0,0,0,0,0,0,0,3,0,0,0,0,0,9,0,0,0,0,3,0,2,0,0,2,0,1,0,0,0,8,0,0,0,0,1,0,0,0,0,1,0,0,0,8,0,0,0,0,0,1,0,0,0,0,2,0,1,0,0,0,0,0,0,0,0,7,0,0,19,3,0,0,0,76,2,0,0,0,0,0,0,0,0,0,0,0,2,0,0,0,0,0,1,0,0,0,0,0,0,0,0,0,0,0,6,0,0,1,0,0,1,0,0,0,7,0,0,1,0,1,0,0
12,Kashiru Bog,345,-9999,-9999,-9999,-9999,-9999,COUN,1969,0,4,0,0,0,0,0,6,2,0,0,0,0,5,0,0,0,3,0,0,0,0,19,0,0,0,0,1,0,0,1,0,0,0,0,0,2,0,0,0,0,1,0,0,0,0,0,0,0,0,0,0,228,0,1,0,2,0,1,0,0,2,0,0,3,0,0,21,0,0,0,0,0,0,2,0,0,2,0,2,1,3,1,17,0,2,0,1,0,0,0,0,0,1,0,0,1,5,0,0,0,0,0,0,2,1,0,0,8,0,0,1,0,0,0,0,2,0,0,0,4,0,44,27,0,0,0,152,0,0,0,0,0,0,0,0,0,0,0,1,2,0,0,0,0,0,1,0,0,0,0,1,0,0,0,0,0,0,12,0,0,0,0,0,0,0,0,0,4,0,0,5,0,0,0,0
12,Kashiru Bog,348,-9999,-9999,-9999,-9999,-9999,COUN,1970,0,1,0,0,0,0,0,23,17,0,0,0,0,29,0,0,17,2,0,0,1,0,40,0,0,0,0,0,0,0,0,0,0,0,0,0,2,0,0,0,0,0,0,0,3,0,0,1,0,0,0,0,519,0,0,0,0,0,0,0,0,1,0,0,0,0,0,8,0,1,0,0,0,0,0,0,0,1,0,3,0,0,0,17,0,0,0,0,2,0,0,3,0,3,0,0,0,11,0,0,0,0,0,1,0,0,0,0,1,0,0,0,0,0,0,0,0,0,0,4,1,0,27,12,0,0,0,92,3,0,0,0,0,0,2,0,0,0,0,0,0,0,0,0,0,0,0,0,1,0,0,1,0,0,0,0,0,0,11,0,0,0,0,0,1,0,0,0,4,0,0,1,0,0,0,0
12,Kashiru Bog,350,-9999,-9999,-9999,-9999,-9999,COUN,1971,0,3,0,0,0,0,0,16,10,0,0,0,0,18,0,0,7,1,0,0,0,0,23,0,0,0,0,0,0,0,0,0,0,1,0,0,0,0,0,0,0,0,0,0,2,0,0,0,0,0,0,0,384,0,0,0,0,0,0,0,0,0,0,0,0,0,0,6,0,0,0,0,1,0,2,0,0,0,0,1,0,0,0,18,0,0,0,0,0,0,0,1,0,0,0,0,1,7,0,0,0,0,1,1,0,0,0,0,3,0,1,0,0,0,0,0,0,0,0,3,0,0,32,6,0,0,0,76,4,0,0,0,1,0,0,0,0,0,0,0,1,0,0,0,0,0,0,0,1,0,0,0,0,0,0,0,0,0,13,0,0,1,0,0,0,0,0,0,4,0,0,2,0,1,0,0
12,Kashiru Bog,353,-9999,-9999,-9999,-9999,-9999,COUN,1972,0,1,0,0,0,0,0,17,4,0,0,0,0,29,0,0,11,0,0,0,0,0,31,0,1,0,0,0,0,0,1,0,0,2,0,0,4,0,0,0,0,1,1,0,1,0,0,0,0,0,0,0,465,0,0,0,0,0,0,0,0,6,0,0,0,0,0,14,0,0,0,0,0,0,1,0,0,1,0,2,0,0,0,21,0,1,0,0,0,0,0,0,0,2,0,0,0,9,0,0,0,0,0,2,1,0,0,0,5,0,2,0,0,0,0,0,0,0,0,5,0,0,37,14,0,0,0,93,1,0,0,0,0,0,0,0,0,1,0,0,1,0,0,0,0,0,2,0,0,0,0,0,0,0,0,0,0,0,15,0,0,0,0,0,0,0,0,0,12,0,0,3,0,0,0,1
12,Kashiru Bog,355,-9999,-9999,-9999,-9999,-9999,COUN,1973,0,3,0,0,0,0,0,7,6,0,0,0,0,14,0,0,5,2,0,1,0,0,27,0,0,0,0,0,0,0,3,0,0,0,0,0,1,0,0,0,0,0,0,0,0,0,0,0,0,0,0,0,295,0,0,0,0,0,0,0,0,2,0,0,0,0,0,3,0,0,0,0,0,0,0,0,0,0,0,0,0,0,0,3,0,0,0,0,0,0,0,0,0,0,1,0,0,2,0,0,0,0,0,0,0,0,0,0,1,0,0,0,0,0,0,0,0,0,0,2,0,0,53,8,0,0,0,70,0,0,0,0,0,0,0,0,0,0,0,0,0,0,0,0,0,0,4,0,0,0,0,2,0,0,0,0,0,0,4,0,0,0,0,0,0,0,0,0,8,0,0,0,0,1,1,0
12,Kashiru Bog,359,-9999,-9999,-9999,-9999,-9999,COUN,1974,0,3,0,0,0,0,0,14,9,0,0,0,0,27,0,1,11,1,0,0,0,0,40,0,0,0,0,0,0,0,2,0,0,0,0,0,2,0,0,0,0,0,0,0,0,0,0,0,0,0,0,0,582,0,0,0,0,0,0,0,0,1,0,0,0,0,0,11,0,0,0,0,2,0,0,0,0,0,0,1,0,0,0,20,0,1,0,0,0,1,0,0,0,1,0,0,0,7,0,0,0,0,0,0,0,0,0,0,1,0,1,0,0,0,0,0,0,0,0,9,0,0,36,11,0,0,0,96,3,0,0,0,0,0,1,0,0,0,0,1,1,0,0,0,0,0,1,0,1,0,0,0,0,0,0,0,0,0,7,0,0,1,0,0,0,0,0,0,9,0,0,0,0,0,0,0
12,Kashiru Bog,361,-9999,-9999,-9999,-9999,-9999,COUN,1975,0,5,0,0,0,0,0,8,6,0,0,0,0,14,0,0,5,0,0,0,0,0,29,0,0,0,0,0,0,0,0,0,0,1,0,0,3,0,0,0,0,0,0,0,2,0,0,0,0,1,0,0,320,0,0,0,0,0,0,0,0,3,0,0,0,0,0,15,0,0,0,0,1,0,2,0,0,1,0,3,0,0,0,18,0,0,0,0,0,0,0,1,0,0,0,0,0,9,0,0,0,0,0,3,0,0,0,1,1,0,0,0,0,0,0,0,0,0,0,1,2,0,26,5,0,0,0,72,2,0,0,0,0,0,0,0,0,0,0,0,3,0,0,0,0,0,0,0,0,0,0,1,0,0,0,0,0,0,10,0,0,1,0,0,0,0,0,0,6,0,0,1,0,0,0,0
12,Kashiru Bog,363,-9999,-9999,-9999,-9999,-9999,COUN,1976,0,0,0,0,0,0,0,8,10,0,0,0,0,16,0,1,1,1,0,0,0,0,18,0,0,0,0,0,0,0,0,0,0,0,0,0,1,0,0,0,0,1,3,0,0,0,0,0,0,0,0,0,342,0,0,0,0,0,0,0,0,6,0,0,0,0,0,10,0,0,0,0,0,0,1,0,0,0,0,0,0,0,1,16,0,1,0,0,0,0,0,4,0,2,0,0,0,14,0,0,0,0,1,0,0,0,0,0,2,0,0,0,0,0,0,0,0,0,0,4,0,0,30,20,0,0,0,97,1,0,0,0,0,0,2,0,0,0,0,0,4,0,0,0,0,0,1,0,0,0,0,2,0,0,0,0,0,0,12,0,0,0,0,0,0,0,0,0,2,0,0,0,0,1,0,0
12,Kashiru Bog,365,-9999,-9999,-9999,-9999,-9999,COUN,1977,0,0,0,0,0,0,0,5,6,0,0,0,0,6,0,1,3,4,0,0,0,0,22,0,0,0,0,0,0,0,0,0,0,0,1,0,1,0,0,0,1,0,2,0,0,0,0,0,0,0,0,0,276,0,0,0,1,0,0,0,0,10,0,0,0,0,0,4,0,0,0,0,0,0,3,0,0,1,0,2,0,0,0,3,0,0,0,0,0,0,0,0,0,0,0,0,1,13,0,0,0,0,0,0,1,0,0,0,1,0,0,0,0,0,0,0,0,0,0,0,0,0,39,11,0,0,0,64,0,0,0,0,0,1,1,0,0,0,0,0,0,0,1,0,0,0,2,0,0,0,0,0,0,0,0,0,0,0,7,0,1,0,0,0,0,0,0,0,0,0,0,1,0,1,0,0
12,Kashiru Bog,369,-9999,-9999,-9999,-9999,-9999,COUN,1978,0,2,1,0,0,0,0,9,7,0,0,0,0,5,0,1,2,1,0,0,0,0,22,0,0,0,0,0,0,0,0,0,0,0,0,0,2,0,0,0,0,1,2,0,1,0,0,0,0,2,0,0,224,1,0,0,0,0,0,0,0,11,0,0,0,0,0,18,0,0,0,0,0,0,3,0,0,1,0,1,0,1,0,21,0,0,0,0,0,1,0,2,0,0,0,0,0,13,0,0,0,0,0,3,1,0,0,0,5,0,0,0,0,0,0,0,0,0,0,1,1,0,30,11,0,0,0,96,2,0,0,0,0,1,1,0,0,0,0,0,2,0,0,0,0,0,4,0,1,0,0,1,0,0,0,0,0,0,11,0,0,0,0,0,0,0,0,0,6,0,0,4,0,4,0,0
12,Kashiru Bog,371,-9999,-9999,-9999,-9999,-9999,COUN,1979,0,1,0,0,0,0,0,7,12,1,0,0,0,5,0,0,3,1,0,0,0,0,13,0,0,0,0,0,0,0,1,0,0,0,0,0,1,0,0,0,0,0,0,1,1,0,0,0,0,0,0,0,174,0,0,0,0,0,0,0,0,8,0,0,0,0,0,13,0,0,0,0,0,0,2,0,0,0,0,4,0,3,1,10,0,0,0,0,0,0,1,3,0,0,0,0,0,13,0,0,0,0,0,0,1,0,0,0,0,0,0,0,0,0,0,0,0,0,0,2,0,0,30,9,0,0,0,97,3,0,0,0,0,0,0,0,0,0,0,0,1,0,0,0,1,0,5,0,0,0,0,2,0,0,0,0,0,0,15,0,0,0,0,0,0,0,0,0,6,0,0,2,0,0,0,0
12,Kashiru Bog,373,-9999,-9999,-9999,-9999,-9999,COUN,1980,0,4,0,0,0,0,0,4,10,0,0,0,0,5,0,0,3,2,0,0,0,0,7,0,0,1,0,0,0,0,1,0,0,0,0,0,3,0,0,0,0,0,3,0,2,0,0,0,0,2,1,0,288,0,0,0,0,0,0,0,0,5,0,0,0,0,0,10,0,0,0,0,1,0,1,0,0,1,0,1,0,2,0,16,0,0,0,0,0,0,0,10,0,2,0,0,1,12,0,2,0,0,0,1,0,0,0,0,7,0,0,0,0,0,0,0,1,0,0,2,1,0,39,14,0,0,0,56,2,0,0,0,0,0,0,0,0,0,0,0,1,0,0,0,0,0,5,0,0,0,0,1,0,0,0,0,0,0,11,0,0,1,0,0,0,0,0,0,6,0,0,2,0,0,0,0
12,Kashiru Bog,375,-9999,-9999,-9999,-9999,-9999,COUN,1981,0,0,0,0,0,0,0,2,3,0,0,0,0,8,0,0,3,1,0,2,0,0,24,0,0,0,0,0,0,0,4,0,0,14,0,0,0,0,0,1,16,0,0,0,0,0,0,0,0,0,0,0,156,0,0,0,1,0,0,0,0,4,0,0,0,1,1,3,1,0,0,0,0,0,2,0,0,0,0,1,0,1,0,3,0,0,0,0,0,0,0,32,0,4,0,0,0,10,0,0,0,0,0,0,2,0,0,0,3,0,0,0,4,0,0,0,1,0,0,0,1,0,50,5,0,0,0,68,2,0,0,0,1,0,0,0,0,0,0,0,0,0,1,0,0,0,0,0,0,0,0,4,0,2,0,0,1,0,12,0,0,0,0,0,0,0,0,0,4,0,0,4,0,0,0,0
12,Kashiru Bog,379,-9999,-9999,-9999,-9999,-9999,COUN,1982,0,1,0,0,0,0,0,5,13,0,0,0,5,12,0,0,5,0,0,0,0,0,70,0,0,0,0,0,0,0,0,0,0,6,0,0,3,0,2,0,10,0,4,0,1,0,0,0,0,0,0,0,192,0,0,0,1,0,0,0,0,7,0,0,0,1,0,2,0,0,0,0,0,0,3,0,0,1,0,1,0,0,0,12,0,0,0,0,0,1,0,11,0,0,0,0,0,12,0,0,0,0,0,2,0,0,0,0,5,0,0,0,0,0,0,0,0,0,0,1,0,0,59,10,0,0,0,18,1,0,0,0,0,0,1,0,0,0,0,0,0,0,0,0,0,0,0,0,0,0,0,2,0,0,0,0,0,0,5,0,0,0,0,0,0,0,0,0,6,0,0,1,0,3,0,0
12,Kashiru Bog,381,-9999,-9999,-9999,-9999,-9999,COUN,1983,0,1,0,0,1,0,0,3,7,0,0,0,0,16,0,0,5,0,0,0,0,0,10,0,0,0,0,0,0,0,0,0,0,0,0,0,0,0,0,0,0,0,1,1,0,0,0,0,0,0,0,0,229,0,0,0,0,0,0,0,0,8,0,0,0,0,0,7,0,0,0,0,0,0,1,0,0,2,0,2,0,0,0,9,0,0,0,0,0,0,0,27,0,0,0,0,0,3,0,0,0,0,0,0,0,0,0,0,3,0,0,0,0,0,0,0,1,0,0,1,0,0,28,10,0,0,0,24,0,0,0,0,0,0,1,0,0,0,0,0,2,0,0,0,0,0,0,0,2,0,0,6,0,0,0,0,0,0,4,0,0,0,0,0,0,0,0,0,14,0,0,0,0,1,0,0
12,Kashiru Bog,383,-9999,-9999,-9999,-9999,-9999,COUN,1984,0,3,0,0,1,0,0,4,7,0,0,0,0,1,0,0,3,2,0,0,1,0,18,0,0,0,0,0,0,0,1,0,0,0,0,0,4,0,0,0,0,0,0,0,0,0,0,0,0,0,0,0,267,0,0,0,0,0,0,0,0,12,0,0,0,0,0,10,0,0,0,0,0,0,1,0,0,0,0,2,0,0,1,16,0,0,0,0,0,0,0,6,0,1,0,0,0,13,0,0,0,0,0,3,0,0,0,0,3,0,0,0,1,0,0,0,0,0,0,2,0,0,42,14,0,0,0,37,2,0,0,0,1,0,2,0,0,0,0,0,1,0,0,0,0,0,3,0,0,0,0,1,0,0,0,0,0,0,7,0,0,1,0,0,0,0,0,0,5,0,0,1,0,3,0,0
12,Kashiru Bog,385,-9999,-9999,-9999,-9999,-9999,COUN,1985,0,5,0,0,0,0,0,3,9,0,0,0,0,4,0,0,4,2,1,0,0,0,19,0,0,0,0,0,0,0,0,2,0,0,0,0,2,0,0,0,0,0,2,0,0,0,0,0,0,0,0,0,79,0,0,0,0,0,0,0,0,4,0,0,0,0,0,33,0,0,0,0,0,0,1,0,0,0,0,6,0,0,0,26,0,0,0,0,0,0,0,3,0,0,0,0,0,4,0,0,0,0,1,0,0,0,0,0,2,0,0,0,0,0,0,0,0,0,0,1,5,0,41,38,0,0,0,79,0,0,0,0,1,0,1,0,0,0,0,0,2,0,1,0,0,0,0,0,0,0,0,1,1,0,0,0,0,0,21,0,0,0,0,0,0,0,0,0,5,0,0,4,0,0,0,0
12,Kashiru Bog,389,7291.4,7719.8,7508,467.711,Linear interpolation,COUN,1986,0,3,0,0,0,0,0,2,8,0,0,0,0,6,0,0,3,3,0,0,0,0,13,0,0,0,0,0,0,0,2,1,0,0,0,0,7,0,1,0,0,1,0,0,1,0,0,0,0,0,0,0,101,0,0,0,1,0,1,0,0,4,0,0,0,0,0,19,0,0,0,0,0,0,1,0,0,0,0,1,0,2,1,22,0,1,0,0,1,0,0,3,0,0,0,0,1,6,0,0,0,0,0,1,0,0,0,0,7,0,0,0,1,0,0,0,0,0,0,1,4,0,43,31,0,0,0,110,2,0,0,0,0,0,0,0,0,0,0,0,4,0,0,0,0,0,6,0,0,0,0,0,0,0,0,0,0,0,25,0,0,0,0,0,0,0,0,0,7,0,0,5,0,0,0,0
12,Kashiru Bog,391,8228.9,8661.7,8443.4,467.711,Linear interpolation,COUN,1987,0,5,0,0,0,0,0,7,4,0,0,0,0,12,0,0,3,0,0,0,0,0,36,0,0,0,0,0,0,0,0,0,0,1,0,0,4,0,0,0,0,0,7,0,1,0,0,0,0,0,0,0,328,0,0,0,2,0,0,0,0,13,0,0,0,0,0,3,0,0,0,0,0,2,3,0,0,1,0,0,0,1,0,3,0,0,0,0,0,0,0,0,0,0,3,0,0,11,0,0,0,0,0,0,0,0,0,0,8,2,0,0,1,0,0,0,0,0,0,0,0,0,105,28,0,0,0,32,0,1,0,0,0,0,1,0,0,0,0,0,0,0,0,0,0,0,1,0,1,0,0,7,0,0,0,1,0,0,4,0,0,0,0,0,0,0,0,0,6,0,0,0,0,7,0,3
12,Kashiru Bog,393,9158,9620.7,9378.8,467.711,Linear interpolation,COUN,1988,0,2,0,0,0,0,0,8,1,0,0,0,0,9,0,1,4,0,0,0,1,0,29,0,0,0,0,0,0,0,0,0,0,0,0,0,1,0,1,0,0,1,7,0,0,0,0,0,0,0,0,0,313,0,0,0,0,0,0,0,0,13,0,0,0,0,0,2,0,0,0,0,0,0,1,0,0,0,0,1,0,0,0,4,0,0,0,0,0,0,0,1,0,0,0,0,0,15,0,0,0,0,0,0,1,0,0,0,7,0,0,0,1,0,0,0,0,0,0,0,1,0,87,9,0,0,0,14,1,0,0,0,0,0,1,0,0,0,0,0,1,0,0,0,0,0,0,0,0,0,0,9,0,0,0,0,0,0,2,0,0,0,0,0,0,0,0,0,5,0,0,0,0,5,0,1
12,Kashiru Bog,395,10074.4,10592.5,10314.2,467.711,Linear interpolation,COUN,1989,0,1,0,0,0,0,0,9,3,0,0,0,0,19,0,3,12,1,0,0,0,0,39,0,0,0,0,0,0,0,0,0,0,2,0,0,2,3,0,0,0,0,4,0,0,0,0,0,0,0,0,0,491,0,0,0,3,0,0,0,0,10,0,0,0,0,0,1,0,0,0,0,0,0,2,0,0,2,0,0,0,0,0,3,0,0,0,0,0,0,0,0,0,0,0,0,0,9,0,0,0,0,0,0,2,0,0,0,6,2,0,0,1,0,0,0,0,0,0,0,0,0,199,13,0,0,0,29,0,0,0,0,0,1,0,0,0,0,0,0,1,0,0,0,0,0,2,0,0,0,0,2,0,0,0,0,0,0,2,0,0,0,0,0,0,0,0,0,0,0,0,0,0,2,0,1
12,Kashiru Bog,398,11431,12066.9,11717.4,467.711,Linear interpolation,COUN,1990,0,2,0,0,0,0,0,14,2,0,0,0,1,32,0,0,7,0,0,0,0,0,33,0,0,0,1,0,0,0,0,0,0,7,0,0,0,0,4,0,0,0,2,0,0,0,0,0,0,0,0,0,556,0,0,0,1,0,0,0,0,11,0,0,0,0,0,0,0,0,0,0,0,3,2,0,0,0,0,0,0,0,0,4,0,1,0,0,0,0,0,0,0,0,0,0,0,2,0,0,0,0,0,0,5,0,0,0,2,0,0,0,0,0,0,0,0,0,0,0,0,0,202,11,0,0,0,17,0,0,0,0,0,2,1,0,0,0,0,0,0,0,0,0,0,0,0,0,0,0,0,1,0,0,0,0,0,0,1,0,0,0,0,0,0,0,0,0,2,0,0,0,0,1,0,0
12,Kashiru Bog,401,12775.6,13554.6,13120.5,467.711,Linear interpolation,COUN,1991,0,4,0,0,0,0,0,14,2,0,0,0,0,32,0,1,10,0,0,0,0,0,13,0,0,0,0,0,0,0,0,0,0,0,0,0,1,0,1,0,0,1,1,0,0,0,0,0,0,0,0,0,558,0,0,0,2,0,0,0,0,11,0,0,0,0,0,0,0,0,0,0,0,0,3,0,0,1,0,1,0,0,0,9,0,0,0,0,0,0,0,4,0,0,0,0,0,6,0,0,0,0,0,0,1,0,0,0,11,1,0,0,4,0,0,0,0,0,0,0,0,0,240,23,0,0,0,22,0,0,0,0,0,0,0,0,0,0,0,0,0,0,0,0,0,0,3,0,0,0,0,1,0,0,0,0,0,0,2,0,0,0,0,0,0,0,0,0,2,0,0,1,0,3,0,0
12,Kashiru Bog,403,13521,14353.4,13887.4,130.623,Linear interpolation,COUN,1992,0,2,0,0,0,0,0,9,1,0,0,0,2,23,0,4,10,0,0,0,0,0,18,0,0,0,0,0,0,0,0,0,0,2,0,0,1,0,2,0,1,0,3,0,0,0,0,0,0,0,0,0,314,0,0,0,1,0,0,0,0,13,0,0,0,0,0,3,0,0,0,0,0,2,1,0,0,1,0,1,0,0,0,4,0,0,0,0,1,0,0,0,0,0,0,0,0,4,0,0,0,0,0,1,6,0,0,0,5,1,0,0,4,0,0,0,0,0,0,0,0,0,149,13,0,0,0,15,0,0,0,0,0,6,0,0,0,0,0,0,0,0,0,0,0,0,0,0,0,0,0,3,0,0,0,0,0,0,3,0,0,0,0,0,0,1,0,0,1,0,0,0,0,1,0,0
12,Kashiru Bog,405,13811.2,14559.2,14148.6,130.623,Linear interpolation,COUN,1993,0,2,0,0,0,0,0,12,1,0,0,0,0,37,0,1,6,1,0,0,1,1,12,0,0,0,0,0,0,0,1,0,0,0,1,0,1,2,0,0,0,1,1,0,1,0,0,0,0,0,0,0,398,0,0,0,1,1,0,0,0,10,0,0,0,0,0,6,0,0,0,0,0,1,2,0,0,0,0,2,0,0,0,6,0,0,0,0,0,0,0,2,0,0,2,0,0,8,0,0,0,0,0,0,1,0,0,0,2,2,0,0,1,0,0,0,0,0,0,0,2,0,169,12,0,0,0,32,3,0,0,0,0,5,0,0,0,0,0,0,1,0,0,0,0,0,0,0,0,0,0,3,0,0,0,1,0,0,3,0,0,0,0,0,0,0,0,0,10,0,0,2,0,3,0,0
12,Kashiru Bog,408,14212.1,14909,14540.5,130.623,Linear interpolation,COUN,1994,0,1,0,0,0,0,0,15,0,0,0,0,0,30,0,1,7,0,0,0,0,0,15,0,0,0,0,0,0,0,0,0,0,0,0,0,0,0,1,0,0,0,3,0,1,0,0,0,0,0,0,0,417,0,0,0,0,0,0,0,0,10,0,0,0,0,0,1,0,0,0,0,0,1,3,0,0,0,0,0,0,0,1,4,0,0,0,0,1,0,0,0,0,0,0,0,1,9,0,0,0,0,0,1,2,0,0,0,12,0,0,0,3,0,0,0,0,0,0,0,0,0,216,13,0,0,0,11,0,0,0,0,0,1,3,0,0,0,0,0,0,0,0,0,0,0,0,0,0,0,0,1,0,0,0,0,0,0,5,0,0,0,0,0,1,0,0,0,2,0,0,0,0,0,0,0
12,Kashiru Bog,410,14450.6,15167.8,14801.7,130.623,Linear interpolation,COUN,1995,0,1,0,0,0,0,0,14,1,0,0,0,0,34,0,5,8,0,0,0,0,0,21,0,0,0,0,0,0,0,0,0,0,1,0,0,1,1,0,0,0,0,2,0,0,0,0,0,0,0,0,0,465,0,0,0,0,0,0,0,0,14,0,0,0,0,0,2,0,0,0,0,0,2,4,0,0,1,0,0,0,0,0,5,0,1,0,0,0,0,0,0,0,0,0,0,0,7,0,0,0,0,0,0,2,0,0,0,2,1,0,0,3,0,0,0,0,0,0,0,1,0,274,18,0,0,0,23,1,0,0,0,1,5,1,0,0,0,0,0,0,0,0,0,0,0,0,0,0,0,0,2,1,0,0,0,0,0,1,0,0,0,0,0,0,0,0,0,0,0,0,0,0,2,0,0
12,Kashiru Bog,411,14563.2,15306.6,14932.4,130.623,Linear interpolation,COUN,1996,0,1,0,0,0,0,0,17,2,0,0,0,0,46,0,0,4,0,0,0,0,0,12,0,0,0,0,0,0,0,0,0,0,2,0,0,0,1,3,0,0,0,0,0,0,0,0,0,0,0,0,0,814,0,0,0,0,0,0,0,0,20,0,0,0,0,0,2,0,0,0,0,1,2,2,0,0,0,0,0,0,0,0,7,0,0,0,0,0,0,0,0,0,0,0,0,0,2,0,0,0,0,0,0,3,0,0,0,6,0,0,0,1,0,0,0,0,0,0,1,0,0,432,30,0,0,0,34,0,0,0,0,0,4,2,0,0,0,0,0,0,0,0,0,0,0,0,0,0,0,0,0,0,0,0,0,0,0,0,0,0,0,0,1,0,0,0,0,3,0,0,1,0,2,0,0
12,Kashiru Bog,415,14982,15912.3,15454.8,130.623,Linear interpolation,COUN,1997,0,1,0,0,0,0,0,12,0,0,0,0,0,53,0,3,7,0,0,1,0,0,12,0,0,0,0,0,0,0,0,0,0,0,0,0,0,2,0,0,2,1,3,0,0,0,0,0,0,0,0,0,683,0,0,0,0,0,0,0,0,14,0,0,0,0,0,0,0,0,0,0,0,0,0,0,0,0,0,0,0,0,0,5,0,0,0,0,0,0,0,0,0,0,0,0,0,1,0,0,0,0,0,0,1,0,0,0,3,4,0,0,0,0,0,0,0,0,0,0,0,0,346,18,0,0,0,12,0,0,0,0,0,6,1,0,1,0,0,0,0,0,0,0,0,0,0,0,0,0,0,0,1,0,0,0,0,0,0,0,0,0,0,0,0,0,0,0,2,0,0,0,0,1,0,0
12,Kashiru Bog,420,15429.8,16551.7,15994.8,55.215,Linear interpolation,COUN,1998,0,0,0,0,0,0,0,12,0,0,0,0,0,49,0,1,5,0,0,2,0,0,17,0,0,0,0,0,0,0,0,0,0,0,0,0,0,1,1,0,0,0,0,0,0,0,0,0,0,0,0,0,677,0,0,0,0,0,0,0,0,34,0,0,0,0,0,4,0,0,0,0,1,1,0,0,0,0,0,0,0,0,0,9,0,0,0,0,0,0,0,0,0,0,0,0,0,0,0,0,0,0,0,0,5,0,0,0,4,0,0,0,0,0,0,0,0,0,0,0,0,0,408,18,0,0,0,33,1,0,0,0,1,4,0,0,1,0,1,0,1,0,0,0,0,0,0,0,0,0,0,2,0,0,0,0,0,0,0,0,0,0,0,0,0,0,0,0,1,0,0,0,0,0,0,0
12,Kashiru Bog,425,15758.3,16771,16270.9,55.215,Linear interpolation,COUN,1999,0,2,0,0,0,0,0,2,1,0,0,0,0,11,0,0,3,0,0,2,0,0,6,0,0,0,0,2,0,0,0,0,0,0,1,0,0,0,0,0,0,1,0,0,0,0,0,0,0,0,0,0,499,0,0,0,0,0,0,0,0,8,0,0,0,0,0,1,0,0,0,0,0,0,2,0,0,0,0,0,0,0,0,4,0,0,0,0,0,0,0,0,0,0,0,0,0,2,0,0,0,0,0,0,3,0,0,0,3,2,0,0,0,0,0,0,0,0,0,0,1,0,151,10,0,0,0,20,1,0,0,0,0,4,1,0,1,0,0,0,1,0,0,0,0,0,0,0,0,0,0,0,0,0,0,0,0,0,1,0,0,0,0,0,0,0,0,0,1,0,0,0,0,0,0,0
12,Kashiru Bog,431,16139.8,17051.5,16602.2,55.215,Linear interpolation,COUN,2000,0,1,0,0,0,0,0,7,1,0,0,0,0,30,0,6,4,0,0,0,0,0,8,0,0,0,0,1,0,0,0,0,0,0,0,0,0,1,2,0,1,0,0,0,0,0,0,0,1,0,0,0,1263,0,0,0,1,0,0,0,0,14,0,0,0,0,0,2,0,0,0,0,0,0,1,0,0,0,0,0,0,0,0,11,0,0,0,0,0,0,0,0,0,0,0,0,0,1,0,0,0,0,0,0,3,0,0,0,5,0,0,0,0,0,0,0,0,0,0,0,1,0,456,40,0,0,0,22,0,0,0,1,0,4,2,0,0,0,0,0,0,0,0,0,0,0,0,0,0,0,0,0,0,0,0,0,0,0,3,0,0,0,0,0,0,0,0,0,2,0,0,1,0,0,0,0
12,Kashiru Bog,435,16385.3,17254.2,16823.1,55.215,Linear interpolation,COUN,2001,0,1,0,0,0,0,0,5,0,0,0,0,0,60,0,1,1,0,0,1,0,0,4,0,0,0,0,0,0,0,0,0,0,0,3,0,0,0,0,0,0,0,0,0,0,0,0,0,0,0,0,0,1308,0,0,0,0,0,0,0,0,10,0,0,0,0,0,0,0,0,0,0,0,0,1,0,0,0,0,1,0,0,0,6,0,0,0,0,0,0,0,0,0,0,0,0,0,1,0,0,0,0,0,0,2,0,0,0,2,0,0,0,0,0,1,0,0,0,0,0,0,0,593,29,0,0,0,11,0,0,0,0,1,2,2,0,0,0,0,0,0,0,0,0,0,0,0,0,0,0,0,0,0,0,0,0,0,0,0,0,0,0,0,0,0,0,0,0,0,0,0,0,0,0,0,0
12,Kashiru Bog,441,16723.2,17587.1,17154.4,55.215,Linear interpolation,COUN,2002,0,4,0,0,0,0,0,7,0,0,0,0,0,101,0,2,3,0,0,8,1,0,16,0,0,0,0,0,0,0,0,0,0,0,0,0,0,2,3,0,0,0,2,0,0,1,0,0,15,0,0,0,1229,0,0,0,0,0,0,0,0,33,0,0,0,0,0,0,0,0,0,0,0,0,3,0,0,1,0,0,0,0,1,5,0,0,0,0,0,0,0,2,0,0,0,0,0,1,0,0,0,0,0,0,2,0,1,0,6,0,0,0,0,0,0,0,0,0,0,0,0,1,690,48,0,0,0,29,0,0,0,0,1,4,2,0,0,0,0,1,0,0,0,0,0,0,0,1,0,1,0,0,0,0,0,0,0,0,0,0,0,0,0,0,0,1,0,0,4,0,0,0,0,0,0,0
12,Kashiru Bog,445,16936.5,17820.4,17375.2,55.215,Linear interpolation,COUN,2003,0,0,0,0,0,0,2,5,0,0,0,0,0,20,0,5,7,0,0,0,0,0,23,0,0,0,0,4,0,0,0,0,0,0,0,0,0,5,0,0,0,1,0,0,0,0,0,0,0,0,0,0,630,0,0,0,0,0,0,0,0,18,0,0,0,0,0,0,0,0,0,0,0,0,0,0,0,1,0,0,0,0,0,6,0,0,0,0,0,0,0,0,0,0,0,0,0,1,0,0,0,0,0,0,4,0,0,0,1,0,0,0,0,0,0,0,0,0,0,0,0,0,426,20,0,0,0,22,0,0,0,0,0,6,1,0,0,0,0,0,0,0,0,0,0,0,0,0,0,0,0,0,0,0,0,0,0,0,1,0,0,0,0,0,0,0,0,0,0,0,0,1,0,0,0,0
12,Kashiru Bog,455,17414,18453.2,17927.4,55.215,Linear interpolation,COUN,2004,0,2,0,0,0,0,0,13,1,0,0,0,0,12,0,3,3,2,0,0,4,0,18,0,0,0,0,6,0,0,0,0,0,3,3,1,0,2,4,0,0,0,1,0,0,0,0,0,14,0,0,0,375,0,0,0,0,0,0,0,0,13,0,0,0,0,0,1,1,0,0,0,0,1,0,0,0,6,0,0,0,0,0,25,0,0,0,0,0,0,0,0,0,1,0,0,1,1,0,0,0,0,0,0,3,0,0,0,7,0,0,0,0,0,0,0,0,0,0,0,0,0,464,23,0,0,0,36,1,0,0,1,1,8,1,0,0,0,0,1,2,0,0,0,0,0,5,0,0,0,0,0,0,0,0,0,0,0,2,0,0,0,0,0,0,0,0,1,2,0,0,0,0,0,0,0
12,Kashiru Bog,465,17851.7,19114.1,18481.4,57.718,Linear interpolation,COUN,2005,1,0,0,0,0,0,0,4,0,0,0,0,0,27,0,1,14,0,0,1,0,2,10,0,0,0,0,2,0,0,0,0,0,1,1,0,0,0,0,0,0,0,2,0,0,0,0,0,0,0,0,0,183,0,0,1,1,0,0,0,0,25,3,0,0,0,0,0,0,0,0,0,0,0,0,0,0,1,0,2,0,0,0,10,0,0,0,0,0,0,0,0,0,0,2,0,1,2,0,0,0,0,0,0,2,0,0,0,2,1,0,0,0,0,0,0,0,0,0,0,0,0,281,15,0,0,0,23,0,0,0,1,0,5,0,0,1,0,0,1,0,0,0,0,0,0,0,0,0,1,0,6,0,0,0,0,0,0,1,0,0,0,0,0,0,0,0,0,3,0,0,0,0,1,0,0
12,Kashiru Bog,475,18464.3,19658.2,19058.6,57.718,Linear interpolation,COUN,2006,0,3,0,0,0,0,0,4,2,0,0,0,0,31,0,3,22,0,0,2,0,0,15,0,0,0,0,0,0,0,0,0,0,0,0,0,0,0,0,0,0,0,3,0,0,0,0,0,7,0,0,0,253,0,0,0,0,0,0,0,0,17,4,0,0,0,0,2,0,0,0,0,0,0,1,0,0,0,0,0,0,1,0,11,0,0,0,0,0,0,0,0,0,0,0,0,0,2,0,0,0,0,0,1,6,0,0,0,7,0,0,0,0,2,0,0,0,0,0,0,0,0,359,16,0,0,0,11,0,0,0,0,1,5,1,0,1,0,0,0,0,0,0,0,0,0,0,0,0,0,0,2,0,0,0,0,0,0,3,0,0,0,0,0,0,0,0,0,2,0,0,0,0,0,0,0
12,Kashiru Bog,485,19010.7,20277,19635.8,57.718,Linear interpolation,COUN,2007,0,1,0,0,0,0,0,4,0,0,0,0,0,10,0,0,13,0,0,1,0,0,19,0,0,0,0,0,0,0,0,0,0,0,0,0,1,0,0,0,0,0,0,0,0,0,0,0,0,0,0,0,192,0,0,0,0,0,0,0,0,7,2,0,0,0,0,0,0,0,0,0,0,0,1,0,0,1,0,0,0,0,0,3,0,0,0,0,0,0,0,0,0,0,5,0,0,1,0,0,0,0,0,0,2,0,0,0,1,0,0,0,0,0,0,0,0,0,0,0,0,0,211,8,0,0,0,7,1,0,0,0,0,8,0,0,0,0,0,0,0,0,0,0,0,0,0,0,0,0,0,0,0,0,0,0,0,0,0,0,0,0,0,0,0,0,0,0,1,0,0,0,0,0,0,0
12,Kashiru Bog,495,19489.3,20975.3,20212.9,57.718,Linear interpolation,COUN,2008,0,0,0,0,0,0,0,12,1,0,0,0,0,2,0,0,21,0,0,2,1,0,17,0,0,0,0,0,0,0,0,0,0,1,0,0,0,0,2,0,0,0,3,0,1,0,0,0,9,0,0,0,191,0,0,0,0,0,0,0,0,6,3,0,0,0,0,4,0,0,0,0,0,0,1,0,0,1,0,0,0,0,0,4,0,0,0,0,0,0,0,0,0,0,0,0,0,5,0,0,0,0,0,1,1,1,0,0,1,0,0,0,0,0,0,0,0,0,0,0,0,0,178,13,0,0,0,22,0,0,0,0,1,12,1,0,0,0,0,0,0,0,0,0,0,0,0,0,0,0,0,2,0,0,0,0,0,0,2,0,0,0,0,0,0,0,0,0,0,0,0,0,0,0,0,0
12,Kashiru Bog,505,19930.8,21705.5,20790.1,57.718,Linear interpolation,COUN,2009,0,2,0,0,0,0,0,5,1,0,0,0,0,18,0,1,21,0,0,1,0,0,25,0,0,0,0,0,0,0,0,1,0,3,0,0,0,0,0,0,1,1,0,0,0,0,0,0,0,0,0,0,218,0,0,1,0,1,0,0,0,15,2,0,0,0,0,1,0,0,0,0,0,0,0,0,1,0,0,0,0,0,0,5,0,0,0,0,0,0,0,0,0,0,2,0,0,1,0,0,0,0,0,0,4,0,0,0,4,1,0,0,0,0,0,0,0,0,0,0,0,0,200,8,0,0,0,7,0,0,0,1,0,1,1,0,1,0,0,0,0,0,0,0,0,0,0,0,0,0,0,3,0,0,0,0,0,0,0,0,0,0,0,0,0,0,0,0,0,0,0,1,0,0,0,0
12,Kashiru Bog,515,20347.5,22445.2,21367.3,57.718,Linear interpolation,COUN,2010,0,1,0,0,0,0,0,12,0,0,0,0,0,33,0,2,5,1,0,0,0,1,24,0,0,0,0,3,0,0,0,1,1,7,0,0,0,0,0,0,0,0,0,0,0,0,0,0,0,1,0,0,193,0,0,0,0,0,0,0,0,33,1,1,1,0,0,5,0,0,0,0,0,0,1,0,0,1,0,0,0,0,0,6,0,0,0,0,0,0,0,0,0,0,1,0,0,1,0,0,0,0,0,0,7,0,0,0,3,0,0,0,0,0,0,0,0,0,0,0,0,0,257,18,0,0,0,21,2,0,0,0,0,4,3,0,0,0,0,0,0,0,0,0,0,0,0,0,0,0,1,16,1,0,0,0,1,0,0,1,0,0,0,0,0,0,0,0,2,0,0,1,0,1,0,0
12,Kashiru Bog,525,20735.8,23220.8,21944.5,57.718,Linear interpolation,COUN,2011,0,3,1,0,0,0,1,8,6,0,0,0,0,52,0,0,9,0,0,0,0,0,30,0,0,2,0,0,0,0,0,0,0,1,1,0,0,0,0,0,0,0,0,0,0,0,1,0,0,0,0,0,234,0,0,0,0,0,0,0,0,17,0,0,0,0,0,17,0,0,0,0,0,0,2,0,0,1,1,1,0,0,1,18,0,0,0,0,0,0,0,0,0,1,2,0,0,3,0,1,0,0,0,1,1,0,0,0,2,1,0,0,1,0,0,0,0,0,0,0,1,0,173,15,0,0,0,56,1,0,0,0,0,1,0,0,3,1,0,0,2,0,1,0,0,0,5,0,0,0,0,10,0,0,0,0,0,0,11,0,0,0,0,0,0,0,0,0,5,0,0,2,0,1,0,0
12,Kashiru Bog,535,21138,23990.6,22521.7,57.718,Linear interpolation,COUN,2012,0,2,0,0,0,0,0,4,0,0,0,0,1,23,0,0,11,0,0,1,0,0,20,0,0,0,0,0,0,1,0,0,0,0,1,0,0,0,0,0,0,0,4,0,0,0,0,0,0,0,0,0,167,0,0,0,0,0,0,0,0,13,0,0,0,0,0,3,0,0,0,0,0,0,0,0,0,0,0,0,0,0,0,5,0,0,1,0,0,0,0,0,0,0,0,0,0,0,0,0,0,0,0,0,2,0,0,0,1,1,0,0,1,0,0,0,0,0,0,0,1,0,147,11,0,0,0,15,0,1,0,0,0,2,1,0,6,0,0,0,0,0,0,0,0,0,0,0,0,0,0,8,0,0,0,0,0,0,0,0,0,0,0,0,0,0,0,0,2,0,0,0,0,1,0,0
12,Kashiru Bog,545,21695.7,24588.4,23098,57.479,Linear interpolation,COUN,2013,0,0,0,0,0,0,1,15,1,0,0,0,0,24,0,0,20,0,0,2,1,3,24,0,0,0,0,0,0,0,0,0,0,2,1,0,0,0,1,0,0,0,7,0,0,0,0,0,4,0,0,0,319,0,0,0,1,0,0,0,0,51,1,0,0,0,0,1,0,0,0,0,0,0,1,0,0,1,0,1,0,0,0,8,0,0,0,0,0,0,0,1,0,0,0,0,0,5,0,0,0,0,0,0,3,0,0,0,12,0,0,0,0,1,0,0,0,0,0,1,1,0,222,16,0,0,0,28,0,0,0,1,2,4,2,0,0,0,0,1,0,0,0,0,0,0,0,0,0,0,0,3,0,0,0,0,0,0,1,0,0,0,0,0,0,0,0,0,0,0,0,0,0,0,0,0
12,Kashiru Bog,555,22406.9,25019.7,23672.8,57.479,Linear interpolation,COUN,2014,0,0,0,0,0,0,0,9,1,0,0,0,0,19,0,0,11,1,0,1,0,0,18,0,0,0,0,0,0,0,0,0,0,1,0,0,0,0,0,0,0,1,6,0,0,0,0,0,0,0,0,0,198,0,0,0,0,0,0,0,0,18,2,0,0,0,0,4,0,0,0,0,0,0,1,0,0,0,0,0,0,0,0,8,0,0,0,0,0,0,0,1,0,0,0,0,0,3,0,0,0,0,0,0,3,0,0,0,3,1,0,0,0,0,0,0,0,0,0,0,1,0,98,6,0,0,0,28,0,0,0,0,1,2,2,0,0,0,0,0,0,0,0,0,0,0,0,0,0,0,0,3,1,1,0,0,0,0,3,0,0,0,0,1,0,0,0,1,4,0,0,1,0,0,0,0
12,Kashiru Bog,565,22914.4,25646.1,24247.5,57.479,Linear interpolation,COUN,2015,0,0,0,0,0,0,0,13,0,0,0,0,0,43,0,0,28,0,0,0,0,0,23,0,0,0,0,0,0,0,0,0,0,0,0,0,0,0,0,0,0,0,1,0,0,0,0,0,0,0,0,0,365,0,0,0,1,0,0,0,0,13,3,0,0,0,0,0,0,0,0,0,0,0,0,0,0,1,0,0,0,0,0,4,0,0,0,0,0,0,0,0,0,0,1,0,0,0,0,0,0,0,0,0,2,0,0,0,2,0,0,0,0,0,0,0,0,0,0,0,0,0,219,6,0,0,0,4,0,0,0,1,0,0,3,0,1,0,0,0,0,0,0,0,0,0,0,0,0,0,0,2,0,0,0,0,0,0,1,0,0,0,0,0,0,0,0,0,0,0,0,0,0,0,0,0
12,Kashiru Bog,575,23293.2,26472.7,24822.3,57.479,Linear interpolation,COUN,2016,0,2,0,0,0,0,0,11,1,0,0,0,0,34,0,2,16,0,0,0,0,0,23,0,0,0,0,0,0,0,0,0,0,0,0,0,0,0,0,0,0,0,0,1,0,0,0,0,0,0,0,0,321,0,0,0,1,0,0,0,0,9,6,0,0,0,0,0,0,0,0,0,0,0,3,0,0,0,0,1,0,0,0,3,0,0,0,0,0,0,0,0,0,1,0,0,0,1,0,0,0,0,0,0,4,0,0,0,5,1,0,0,0,0,0,0,0,0,0,0,0,0,156,13,0,0,0,9,0,0,0,0,0,0,2,0,0,0,0,0,0,0,0,0,0,0,1,0,0,0,0,0,0,0,0,0,0,0,0,0,0,0,0,0,0,0,0,0,4,0,0,0,0,0,0,0
12,Kashiru Bog,581,23474.6,27031.9,25167.2,57.479,Linear interpolation,COUN,2017,0,1,0,0,0,0,0,11,1,0,0,0,0,19,0,0,12,0,0,1,0,0,20,0,0,0,0,0,0,0,0,0,0,0,0,0,0,0,0,0,1,0,0,0,1,0,0,0,0,0,0,0,214,0,0,0,0,0,0,0,0,7,20,0,0,0,0,1,0,0,0,0,1,0,0,0,0,0,0,5,0,0,0,6,0,0,0,0,0,0,0,0,0,0,0,0,0,1,0,0,0,0,0,0,1,0,0,0,7,2,0,0,0,0,0,0,0,0,0,0,0,0,99,16,0,0,0,0,0,0,0,0,0,0,5,0,0,0,0,0,0,0,0,0,0,0,0,0,0,0,1,2,0,0,0,0,0,0,0,0,0,0,0,0,0,0,0,0,1,0,0,0,0,0,0,0
12,Kashiru Bog,585,23572.8,27422.8,25397.1,57.479,Linear interpolation,COUN,2018,0,1,0,0,0,0,0,1,3,0,0,0,0,4,0,0,6,1,0,0,0,0,10,0,0,0,0,0,0,0,0,0,0,0,0,0,0,0,0,0,0,0,6,0,1,0,0,0,0,0,0,0,158,0,0,0,0,0,0,0,0,14,3,0,0,0,0,0,0,0,0,0,0,0,0,0,0,0,0,8,0,5,0,9,0,0,0,0,0,0,0,0,0,0,0,0,0,7,0,0,0,0,0,0,0,0,0,0,9,1,0,0,0,0,0,0,0,0,0,4,2,0,51,60,0,0,0,28,0,0,0,0,0,0,1,0,1,0,0,0,0,0,0,0,0,0,0,0,0,0,0,2,0,0,0,0,0,0,3,0,0,0,0,0,0,0,0,0,2,0,0,1,0,3,0,0
12,Kashiru Bog,591,23707.2,28039.2,25742,57.479,Linear interpolation,COUN,2019,0,4,0,0,0,0,1,10,1,0,0,0,0,10,0,0,17,0,0,2,0,0,24,0,0,0,0,1,0,0,0,0,0,1,0,0,1,0,1,0,0,0,0,0,0,0,0,0,0,0,0,0,191,0,0,0,0,0,0,0,0,11,27,0,0,0,0,0,0,0,0,0,0,0,0,0,0,1,0,6,0,0,0,14,0,0,0,0,0,1,0,0,0,0,0,0,0,3,0,1,0,0,0,0,0,0,0,0,3,3,0,0,0,0,0,0,0,0,0,0,0,0,103,20,0,0,0,6,0,0,0,0,0,0,1,0,0,0,0,0,0,0,0,0,0,0,0,0,0,0,0,0,0,0,0,0,0,0,0,0,0,0,0,0,0,0,0,0,0,0,0,1,0,0,0,0
12,Kashiru Bog,595,23858.3,28354.1,25955.4,44.216,Linear interpolation,COUN,2020,0,3,0,0,0,0,0,15,2,0,0,0,0,3,0,0,12,0,0,0,0,0,39,0,0,0,0,1,0,0,0,0,0,0,0,0,0,0,0,0,0,0,0,0,0,0,0,0,0,0,0,0,144,0,0,0,1,0,0,0,0,9,44,0,0,0,0,1,0,0,0,0,0,0,0,0,0,0,0,11,0,0,0,14,0,0,0,0,0,0,0,0,0,0,0,0,0,2,1,0,0,0,0,0,0,0,0,0,8,2,0,0,0,0,0,0,0,0,0,0,1,0,101,11,0,0,0,6,0,0,0,0,0,0,1,0,0,0,0,0,0,0,0,0,0,0,0,0,0,0,0,0,0,0,0,0,0,0,2,0,0,0,0,0,0,0,0,0,5,0,0,1,0,0,0,0
12,Kashiru Bog,605,24533.9,28531.3,26397.5,44.216,Linear interpolation,COUN,2021,0,1,0,0,0,0,0,35,0,0,0,0,0,6,0,0,11,0,0,1,1,0,30,0,0,0,0,5,0,0,0,0,0,0,0,0,0,0,0,0,1,0,2,0,0,1,0,0,0,0,0,0,144,0,0,0,0,0,0,0,0,14,26,0,0,0,0,1,0,0,0,0,0,0,0,0,0,0,0,8,0,0,0,16,0,0,0,0,0,0,0,1,0,0,0,0,0,4,0,0,0,0,0,0,1,0,0,0,5,2,0,0,1,0,0,0,0,0,0,0,1,0,71,15,0,0,0,15,2,0,0,0,0,0,1,0,0,0,0,0,0,0,0,0,0,0,0,0,0,0,0,2,0,0,0,0,0,0,3,0,0,0,0,0,0,0,0,0,5,0,0,0,0,0,0,0
12,Kashiru Bog,615,25150,28741.6,26839.7,44.216,Linear interpolation,COUN,2022,0,2,0,0,0,0,0,27,3,0,0,0,0,4,0,0,8,1,0,0,0,0,7,0,0,0,0,0,0,0,0,0,0,0,0,0,0,0,0,0,0,0,0,0,0,0,0,0,0,0,0,0,129,0,0,0,1,0,0,0,0,4,17,0,0,0,0,2,0,0,0,0,0,0,3,0,0,1,0,32,0,1,0,45,0,0,0,0,0,1,0,0,0,0,0,0,1,11,0,0,0,0,0,0,1,0,0,0,1,2,0,0,1,0,0,0,1,0,0,0,0,0,52,11,0,0,0,28,2,42,0,0,0,1,0,0,0,0,0,1,0,0,1,0,0,0,2,0,0,0,0,0,0,0,0,0,0,0,7,0,0,0,0,0,0,0,0,0,12,0,0,0,0,0,0,0
12,Kashiru Bog,625,25738.7,28994,27281.8,44.216,Linear interpolation,COUN,2023,0,2,0,0,0,0,0,19,0,0,0,0,0,1,0,0,1,0,0,0,0,0,6,0,0,0,0,0,0,0,0,0,0,0,0,0,1,0,0,0,0,0,1,1,0,0,0,0,0,0,0,0,63,0,0,0,0,0,0,0,0,4,31,0,0,0,0,1,0,0,0,0,0,0,0,0,0,1,0,23,0,0,0,32,0,0,0,0,0,0,0,1,0,0,1,0,0,2,0,2,0,0,0,0,3,0,0,0,1,1,0,0,0,0,0,0,0,0,0,0,1,0,207,7,0,0,0,12,1,10,0,0,0,2,1,0,0,0,0,1,2,0,1,0,0,0,0,0,0,0,0,0,0,0,0,1,0,0,0,0,0,0,0,0,0,0,0,0,2,0,0,0,0,1,0,0
12,Kashiru Bog,635,26279.7,29315,27724,44.216,Linear interpolation,COUN,2024,0,1,0,0,0,0,0,7,0,0,0,0,0,4,0,2,5,0,0,0,0,0,16,0,0,0,0,0,0,0,0,0,0,0,0,0,0,0,0,0,0,0,0,0,0,0,0,0,0,0,0,0,145,0,0,0,0,0,0,0,0,4,3,0,0,0,0,1,0,0,0,0,0,0,2,0,0,1,0,1,0,0,0,4,0,0,0,0,0,0,0,0,0,0,0,0,0,0,0,0,0,0,0,0,5,0,0,0,0,0,0,0,0,0,0,0,0,0,0,0,0,0,165,6,0,0,0,15,0,21,0,0,0,1,0,0,0,0,0,0,1,0,0,0,0,0,0,0,0,0,0,0,0,0,0,0,0,0,1,0,0,0,0,0,0,0,0,0,1,0,0,0,0,0,0,0
12,Kashiru Bog,645,26789.8,29666.9,28166.1,44.216,Linear interpolation,COUN,2025,0,0,0,0,0,0,0,5,0,1,0,0,1,42,0,3,12,1,0,0,0,0,27,0,0,0,0,0,0,0,0,0,0,0,0,0,0,1,0,0,0,0,1,0,0,0,0,0,0,0,0,0,423,0,0,0,0,0,0,0,0,12,1,0,0,0,0,0,0,0,0,0,0,0,2,0,0,0,0,0,0,0,0,2,0,0,1,0,0,0,0,1,0,0,0,0,0,3,0,0,0,0,0,0,3,0,0,0,7,3,0,0,0,0,0,0,0,0,0,0,0,0,338,18,0,0,0,23,1,0,0,1,0,1,2,0,0,0,0,0,0,0,0,0,0,0,0,0,0,0,0,0,0,0,0,0,0,0,0,0,0,0,0,0,0,0,0,0,0,0,0,0,0,0,0,0
12,Kashiru Bog,655,27232.8,30133.4,28608.3,44.216,Linear interpolation,COUN,2026,0,0,0,0,0,1,0,3,2,0,0,0,1,80,0,0,14,0,0,0,0,0,41,0,0,0,0,0,0,0,0,0,0,2,0,0,0,3,3,0,0,0,4,1,0,0,0,0,0,0,0,0,277,0,0,0,1,0,0,0,0,18,3,0,0,0,0,0,0,0,0,0,0,1,2,0,0,0,0,1,0,2,0,1,0,1,0,0,0,0,0,1,0,0,2,0,0,2,0,0,0,0,0,0,6,0,0,0,9,0,0,0,4,1,0,0,0,0,0,3,1,0,423,13,0,0,0,24,0,0,0,0,0,26,5,0,0,0,0,0,0,0,0,0,0,0,0,0,0,0,0,0,0,0,0,0,0,0,0,0,0,0,0,0,0,0,0,0,0,0,0,1,0,0,0,0
12,Kashiru Bog,665,27593,30633.3,29050.5,44.216,Linear interpolation,COUN,2027,0,1,0,0,0,0,0,2,0,0,0,0,2,78,0,1,8,0,0,0,0,0,13,0,0,0,0,1,0,0,0,0,0,8,0,0,0,1,0,0,0,0,0,0,0,0,0,0,0,0,0,0,366,0,0,0,1,0,0,0,0,12,6,0,0,0,0,0,0,0,0,0,0,0,2,0,0,0,0,1,0,0,0,0,0,0,0,0,0,0,0,0,0,0,3,0,0,0,0,0,0,0,0,0,4,0,0,0,3,1,0,0,3,0,0,0,0,0,0,0,0,0,241,13,0,0,0,9,0,0,0,0,0,11,1,0,0,0,0,0,0,0,0,0,0,0,1,0,0,0,0,0,0,0,0,0,0,0,0,0,0,0,0,0,0,0,0,11,0,0,0,0,0,0,0,0
12,Kashiru Bog,685,28943,32139.7,30464.8,162.007,Linear interpolation,COUN,2028,0,3,0,0,0,0,0,5,0,0,0,0,0,38,0,1,3,0,0,0,0,0,12,0,0,0,0,0,0,0,0,0,0,4,1,0,0,0,0,0,0,0,0,0,0,0,0,0,0,0,0,0,186,0,0,0,0,0,0,0,0,4,0,0,0,0,0,0,0,0,0,0,0,0,0,0,0,0,0,0,0,0,0,2,0,0,0,0,0,0,0,0,0,0,0,0,0,1,0,0,0,0,0,0,4,0,0,0,3,0,0,0,1,0,0,0,0,1,0,0,0,0,124,5,0,0,0,16,0,0,0,0,0,2,0,0,1,0,0,0,0,0,0,0,0,0,0,0,0,0,0,0,0,0,0,0,0,0,1,0,0,0,0,0,0,0,0,0,0,0,0,0,0,0,0,0
12,Kashiru Bog,695,30554.3,33921.4,32084.9,162.007,Linear interpolation,COUN,2029,0,1,0,0,0,0,0,1,1,0,0,0,0,41,0,1,13,0,0,0,0,0,27,0,0,0,0,0,0,0,0,0,0,4,2,0,1,0,0,0,0,0,6,0,0,0,0,0,0,0,0,0,311,0,0,1,0,0,0,0,0,10,3,0,0,0,0,0,0,0,0,0,0,0,2,0,0,0,0,0,0,0,1,3,0,0,0,0,0,0,1,0,0,0,0,0,0,2,0,0,0,0,0,0,1,0,0,0,7,0,0,0,10,0,0,0,0,0,0,0,0,0,215,10,0,0,0,16,0,2,0,3,0,1,0,0,7,0,0,0,1,0,0,0,0,0,0,0,0,0,0,1,0,0,0,0,0,0,0,0,0,0,0,0,0,1,0,2,0,0,0,0,0,0,0,0
12,Kashiru Bog,705,31727.2,36289.1,33705,162.007,Linear interpolation,COUN,2030,0,2,0,0,0,0,0,3,1,0,0,0,0,29,0,1,7,0,0,0,0,0,19,0,0,0,0,2,0,0,0,0,0,3,0,0,0,0,0,0,1,0,3,0,0,0,0,0,0,0,0,0,247,0,0,1,0,0,0,0,0,8,1,0,0,0,0,3,0,0,0,0,0,0,1,0,0,0,0,1,0,1,1,5,0,0,0,0,0,0,0,0,0,0,0,0,0,1,0,0,0,0,0,0,4,0,0,0,2,0,0,0,5,0,0,0,0,0,0,0,0,0,200,13,0,0,0,21,2,3,0,0,0,3,0,0,0,0,0,0,1,0,0,0,0,0,0,0,0,0,0,2,0,0,0,0,0,0,1,0,0,0,0,0,0,1,0,6,1,0,0,1,0,0,0,0
12,Kashiru Bog,715,32679.7,38892.2,35325,162.007,Linear interpolation,COUN,2031,0,2,0,0,1,0,1,6,1,0,0,0,0,30,0,4,17,0,0,1,0,1,21,0,0,0,0,3,0,0,0,0,0,2,0,0,0,0,0,0,0,0,0,2,0,0,0,0,0,0,0,0,250,0,0,1,5,0,0,0,0,18,2,0,0,0,0,1,0,0,0,0,0,0,0,0,0,1,0,0,0,0,1,11,0,0,0,0,0,0,0,0,0,0,1,0,0,0,0,0,0,0,0,0,14,0,0,0,6,0,0,0,10,0,0,0,0,0,0,0,0,1,241,7,0,0,0,26,0,0,0,0,1,1,0,0,0,0,0,0,0,0,0,0,0,0,0,0,0,0,1,10,0,0,0,0,0,0,0,0,0,0,1,0,0,1,0,0,1,0,0,0,0,0,0,0
12,Kashiru Bog,725,33434.7,41367.8,36864.1,162.007,Linear interpolation,COUN,2032,0,2,0,0,0,0,0,5,2,0,0,0,0,25,0,2,17,0,0,5,0,0,16,0,0,0,0,0,0,0,0,0,0,4,0,0,0,0,2,0,2,0,0,0,0,0,0,0,3,0,0,0,326,0,0,2,1,0,0,0,0,11,1,0,0,0,0,2,0,0,0,0,0,0,2,0,0,0,0,0,0,0,0,18,0,0,0,0,0,0,0,0,0,0,2,0,0,2,0,0,0,0,0,0,5,0,0,0,7,0,0,0,20,0,0,0,0,0,0,1,2,0,420,11,0,0,0,42,0,0,0,0,0,5,3,0,1,0,0,0,1,0,0,0,0,0,3,0,0,1,0,3,0,0,0,0,1,0,3,0,0,0,0,1,0,0,0,4,0,0,0,1,0,0,0,0
12,Kashiru Bog,735,34194.4,44038.2,38484.2,162.007,Linear interpolation,COUN,2033,1,2,0,0,0,0,0,0,0,0,0,0,0,12,0,0,16,0,0,0,0,0,10,0,0,0,0,0,0,0,0,0,0,1,2,0,0,0,0,0,0,0,0,0,0,0,0,0,0,0,0,0,176,0,0,2,0,0,0,0,0,8,3,0,0,0,0,1,0,0,0,0,0,0,0,0,0,0,0,0,0,0,0,3,0,0,0,0,0,0,0,0,0,0,1,0,0,1,0,0,0,0,0,0,3,0,0,0,4,0,0,0,2,0,0,0,0,0,0,0,0,0,234,10,0,0,0,2,0,0,0,1,0,1,1,0,0,0,0,0,0,0,0,0,0,0,0,0,0,0,0,0,0,0,0,0,0,0,1,0,0,0,0,0,0,0,0,0,0,0,0,0,0,2,0,0
12,Kashiru Bog,745,34944,46761.2,40104.3,162.007,Linear interpolation,COUN,2034,0,0,0,0,0,0,0,6,0,0,0,0,0,20,0,4,25,1,0,2,1,0,27,0,0,0,0,0,0,0,0,0,0,2,0,0,0,0,0,0,0,1,8,0,0,0,0,0,9,0,0,0,257,0,0,1,1,0,0,0,0,22,4,0,0,0,0,0,0,0,0,0,0,0,3,0,0,2,0,0,0,1,0,20,0,0,0,0,0,1,0,0,0,0,0,0,0,1,0,0,0,0,0,0,7,0,0,0,17,0,0,0,0,0,0,0,0,0,0,0,0,0,402,19,0,0,0,11,0,0,0,0,0,2,3,0,6,0,0,0,0,0,0,0,0,0,0,0,0,0,0,3,0,0,0,0,0,0,1,0,0,0,0,0,0,1,0,2,1,0,0,0,0,0,0,0
12,Kashiru Bog,755,35620.4,49497.5,41724.3,162.007,Linear interpolation,COUN,2035,0,1,0,0,0,0,0,7,0,0,0,0,0,17,0,2,11,0,0,0,0,0,20,0,0,0,0,0,0,0,0,0,0,1,0,0,0,0,0,0,0,0,1,0,0,0,0,0,0,0,0,0,144,0,0,1,0,0,0,0,0,14,4,0,0,0,0,0,0,0,0,0,0,0,0,0,0,0,0,3,0,0,0,17,0,0,0,0,0,0,0,0,0,0,3,0,0,4,0,0,0,0,0,0,4,0,0,0,7,0,0,0,0,0,0,0,0,0,0,0,0,0,158,14,0,0,0,11,0,1,0,0,0,0,0,0,2,0,0,0,0,0,0,0,0,0,0,0,0,0,0,2,0,0,0,0,0,0,1,0,0,0,0,0,0,0,0,0,0,0,0,1,0,1,0,0
12,Kashiru Bog,765,36348.4,52226.5,43344.4,162.007,Linear interpolation,COUN,2036,0,0,1,0,0,0,0,3,1,0,0,0,0,34,0,1,16,0,0,0,0,0,15,0,0,0,0,0,0,0,0,0,0,1,2,0,0,0,0,0,0,0,5,0,0,0,0,0,0,0,0,0,160,0,0,1,1,0,0,0,0,28,1,0,0,0,0,2,0,0,0,0,0,0,1,0,0,0,0,2,0,2,1,22,0,0,0,0,0,0,0,0,0,0,2,0,0,6,0,0,0,0,0,0,0,0,0,1,8,2,0,0,0,0,0,0,0,0,0,1,0,0,150,20,0,0,0,35,2,0,0,0,0,0,1,0,10,0,0,0,0,0,1,0,0,0,0,0,1,0,0,1,0,0,0,0,0,0,0,0,0,0,0,0,0,0,0,1,0,0,0,0,0,0,0,0
12,Kashiru Bog,775,37047.9,54954.2,44964.5,162.007,Linear interpolation,COUN,2037,0,0,0,0,0,0,0,1,0,0,0,0,0,12,0,2,14,0,0,0,0,1,16,0,0,0,0,0,0,0,0,0,0,2,0,0,0,2,0,0,0,0,1,0,1,0,0,0,0,0,0,0,126,0,0,1,0,0,0,0,0,30,2,0,1,0,0,0,0,0,0,0,0,0,12,0,0,0,0,2,1,3,0,10,0,0,0,2,0,0,0,0,0,0,0,0,0,5,0,0,0,0,0,1,5,0,0,0,4,1,0,0,0,0,0,0,1,0,0,5,0,0,117,10,0,0,0,23,0,1,0,5,0,0,3,0,4,0,0,0,0,0,0,0,0,0,0,0,0,0,0,2,0,0,0,0,0,0,2,0,0,0,0,0,0,0,0,2,1,0,0,1,0,1,0,0
12,Kashiru Bog,785,37756,57717.7,46584.5,162.007,Linear interpolation,COUN,2038,0,1,0,0,0,0,0,2,2,0,0,0,0,6,0,0,2,0,0,0,0,0,15,0,0,0,0,0,0,0,0,0,0,0,0,0,0,0,0,0,0,0,2,0,0,0,0,0,0,1,0,0,155,0,0,0,0,0,0,0,0,16,0,0,0,0,0,2,0,0,0,0,0,0,0,0,0,0,0,1,0,4,0,10,0,0,0,0,0,0,0,0,0,0,0,0,0,13,0,0,0,0,0,0,1,0,0,0,10,0,0,0,0,0,0,0,0,0,0,4,0,0,63,36,0,0,0,39,0,0,0,0,0,0,5,0,0,0,0,0,0,0,1,0,0,0,0,0,0,0,0,0,0,0,0,0,0,0,5,0,0,0,0,0,0,0,0,0,1,0,0,1,0,3,0,0
12,Kashiru Bog,795,38464,60394.3,48204.6,162.007,Linear interpolation,COUN,2039,0,0,0,0,0,0,0,4,0,0,0,0,0,13,0,0,18,0,0,0,1,0,19,0,0,0,0,0,0,0,0,0,0,0,0,0,0,0,0,0,0,1,3,0,0,0,0,0,0,0,0,0,256,0,0,0,0,0,0,0,0,19,0,0,1,0,0,1,0,0,0,0,0,0,1,0,0,2,0,0,0,1,0,4,0,0,0,0,0,0,0,0,0,0,1,0,0,3,0,0,0,0,0,0,1,0,0,0,10,0,0,0,0,0,0,0,0,0,0,0,0,0,243,30,0,0,0,15,1,0,0,0,0,1,1,0,26,0,0,0,0,0,0,0,0,0,0,0,0,0,0,7,0,0,0,0,0,0,0,0,0,0,0,0,0,0,0,0,0,0,0,1,0,0,0,0
12,Kashiru Bog,805,39173.9,63114.8,49824.7,162.007,Linear interpolation,COUN,2040,0,0,0,0,0,1,1,7,0,0,0,0,1,14,0,3,28,0,0,0,0,0,30,0,0,0,1,0,0,0,0,0,0,1,0,0,0,0,2,0,0,0,1,0,1,0,0,0,0,0,0,0,333,0,0,0,0,0,0,0,0,26,7,0,0,0,0,6,0,0,0,0,0,0,3,0,0,1,0,1,0,2,0,2,0,0,0,0,0,0,0,0,0,1,4,0,0,5,0,0,0,0,0,0,8,0,0,0,8,0,0,0,1,1,0,0,0,0,0,0,0,0,420,22,0,0,0,38,0,0,0,0,0,4,4,0,31,0,0,0,1,0,0,0,0,0,1,0,0,0,0,11,2,0,0,1,0,0,1,0,0,1,0,0,0,1,0,0,0,0,0,0,0,0,0,1
12,Kashiru Bog,815,39872.3,65848,51444.7,-9999,Linear interpolation,COUN,2041,0,1,0,0,0,0,0,3,0,0,0,0,0,10,0,0,10,0,0,1,0,0,18,0,0,0,0,1,0,0,0,0,0,0,0,0,0,0,0,0,0,0,2,0,0,0,0,0,0,0,0,0,217,0,0,0,0,0,0,0,0,17,4,0,0,0,0,0,0,0,0,0,0,0,1,0,0,0,0,0,0,1,0,2,0,2,0,0,0,0,0,0,0,0,3,0,0,7,0,0,0,0,0,0,7,0,0,0,7,0,0,0,1,0,0,0,0,0,0,1,0,0,186,25,0,0,0,13,0,0,0,0,0,1,1,0,26,0,0,0,0,0,0,0,0,0,0,0,0,0,0,4,0,0,0,0,0,0,2,0,0,0,0,0,0,0,0,1,0,0,0,0,0,2,0,0
12,Kashiru Bog,825,-9999,-9999,-9999,-9999,-9999,COUN,2042,0,0,1,0,0,0,0,2,1,0,0,0,0,2,0,1,1,1,0,0,0,0,12,0,0,0,0,0,0,0,0,0,0,1,1,0,1,0,0,0,0,0,6,0,0,0,0,0,0,0,0,0,112,0,0,0,0,0,0,0,0,100,0,0,0,0,0,0,0,0,0,0,0,0,0,0,0,0,0,0,0,5,0,1,0,0,0,0,0,0,0,0,0,0,1,0,0,8,0,0,0,0,0,0,2,0,0,0,3,0,0,0,2,0,0,0,0,0,0,0,0,0,68,37,0,0,0,8,2,0,0,0,0,1,2,0,22,0,0,0,1,0,0,0,0,0,0,0,0,0,0,2,0,0,0,0,0,0,1,0,0,0,0,0,0,0,0,1,0,0,0,0,0,1,0,0
12,Kashiru Bog,835,-9999,-9999,-9999,-9999,-9999,COUN,2043,0,0,0,0,0,0,0,0,2,0,0,0,0,1,0,0,5,1,0,0,1,0,8,0,0,0,0,0,0,0,0,0,0,0,0,0,0,0,0,0,0,0,4,0,0,0,0,0,0,0,0,0,36,0,0,0,0,0,0,0,0,22,0,0,0,0,0,1,0,0,1,0,0,0,0,0,0,0,0,0,0,2,1,3,0,0,0,0,0,0,0,1,0,0,1,0,0,5,0,0,0,0,0,0,0,0,0,0,8,0,0,0,0,0,0,0,0,0,0,0,0,0,35,32,0,0,0,7,0,2,0,0,1,0,1,0,190,0,0,0,0,0,0,0,0,0,0,0,0,0,0,11,0,0,0,0,0,0,0,0,0,0,0,0,0,0,0,0,1,0,0,3,0,3,0,0
12,Kashiru Bog,845,-9999,-9999,-9999,-9999,-9999,COUN,2044,0,0,0,0,0,0,0,0,0,0,0,0,0,0,0,0,4,0,0,0,0,0,4,0,0,0,0,0,0,0,0,0,0,1,0,0,0,0,0,0,0,0,4,0,0,0,0,0,0,0,0,0,43,0,0,0,1,0,0,0,0,67,2,0,0,0,0,0,0,0,0,0,0,0,0,0,0,0,0,1,0,1,0,3,0,0,0,0,0,0,0,0,0,0,0,0,0,8,0,0,0,0,0,0,0,0,0,0,9,0,0,0,0,0,0,0,0,0,0,0,0,0,71,54,0,0,0,3,0,0,0,0,0,2,0,0,260,0,0,0,0,0,0,0,0,0,0,0,0,0,0,66,0,0,0,0,0,0,3,0,0,0,0,0,0,0,0,0,0,0,0,2,0,0,0,0
12,Kashiru Bog,855,-9999,-9999,-9999,-9999,-9999,COUN,2045,0,1,0,0,0,0,0,4,1,0,0,0,1,15,0,0,9,0,0,0,0,0,19,0,0,2,0,0,0,0,0,0,0,2,0,0,0,1,0,0,0,0,13,1,0,0,0,0,0,0,0,0,141,0,0,0,3,0,0,0,0,24,2,0,0,0,0,2,0,0,0,0,2,0,2,0,0,1,0,0,0,1,0,3,0,0,1,0,0,0,0,0,0,0,1,0,0,11,0,0,0,0,1,0,6,0,0,0,20,0,0,0,0,0,0,0,0,0,0,0,1,0,130,29,0,0,0,20,0,0,0,0,0,3,1,0,154,0,0,0,2,0,0,0,0,0,0,0,0,0,0,9,0,0,0,0,0,0,2,0,0,0,0,0,0,0,0,0,0,0,0,0,1,0,0,0
12,Kashiru Bog,865,-9999,-9999,-9999,-9999,-9999,COUN,2046,0,0,0,0,0,0,0,4,3,0,0,0,0,4,0,1,6,1,0,0,0,0,17,0,0,0,0,0,0,0,0,0,0,0,0,0,0,0,0,0,0,0,29,0,0,0,0,0,0,0,0,0,55,0,0,0,2,0,0,0,0,39,0,0,1,0,0,3,0,0,0,0,0,0,0,0,0,0,1,1,0,4,0,7,0,1,0,0,0,0,0,1,0,0,1,0,0,4,0,0,0,0,0,0,2,0,0,0,12,0,0,0,0,0,0,0,0,0,0,1,0,0,55,54,0,0,0,29,0,1,0,0,0,0,1,0,174,0,0,0,0,0,1,0,0,0,0,0,0,0,0,10,0,0,0,0,0,0,3,0,0,0,0,0,0,1,0,0,0,0,0,2,0,0,1,0
12,Kashiru Bog,875,-9999,-9999,-9999,-9999,-9999,COUN,2047,0,1,0,0,0,0,0,7,4,0,0,0,0,10,0,0,5,4,0,0,1,0,17,0,0,0,0,0,0,0,0,0,0,0,0,0,0,0,0,0,0,2,25,0,0,0,0,0,0,0,0,0,84,0,0,0,4,0,0,1,0,46,0,0,0,0,0,5,0,0,0,0,0,1,0,0,0,1,0,0,0,0,0,30,0,0,0,0,0,1,0,0,0,0,0,0,0,11,0,0,0,0,0,1,2,0,0,2,12,0,0,0,0,0,0,0,0,0,0,4,0,0,65,58,0,0,0,19,0,3,0,0,0,0,2,0,101,0,0,0,1,1,0,0,0,0,0,0,0,1,0,6,0,0,0,0,1,1,4,0,0,1,0,0,0,1,0,0,2,0,0,2,0,0,0,0
12,Kashiru Bog,885,-9999,-9999,-9999,-9999,-9999,COUN,2048,0,0,0,0,0,0,0,4,0,0,0,0,0,13,0,1,5,1,0,0,0,1,16,0,0,0,0,0,0,0,0,1,0,0,0,0,1,0,0,0,0,0,25,0,0,0,0,0,0,0,0,0,71,0,0,0,5,0,0,0,0,24,0,0,0,0,0,0,0,0,0,0,0,0,1,0,1,1,0,9,0,2,1,13,0,0,0,0,0,0,0,0,0,0,0,0,0,2,0,0,0,0,1,0,1,2,0,0,7,0,0,0,1,0,0,0,0,0,0,1,0,0,69,34,0,0,0,15,0,1,0,1,0,1,0,0,43,0,0,0,0,0,0,0,0,0,0,0,0,0,0,2,0,0,0,0,0,0,1,0,0,0,0,0,0,0,0,0,0,0,0,0,0,1,0,0
12,Kashiru Bog,895,-9999,-9999,-9999,-9999,-9999,COUN,2049,0,0,0,0,0,0,0,5,3,0,0,0,0,32,2,1,1,0,0,1,0,0,14,0,0,0,0,0,0,0,0,1,0,0,0,0,1,0,0,0,0,1,34,0,0,0,0,0,0,0,0,0,106,0,0,0,0,0,0,0,0,57,0,0,0,0,0,3,0,0,0,0,0,0,0,0,0,2,0,3,0,2,0,40,0,0,0,0,0,0,0,0,0,1,0,0,0,6,0,0,0,0,0,0,4,0,0,1,17,0,0,0,0,0,0,0,0,0,0,7,0,0,119,39,0,0,0,51,0,1,0,0,0,0,3,0,41,0,0,0,0,0,0,0,0,0,0,0,0,0,0,5,0,0,0,0,0,0,5,0,0,0,0,0,0,0,0,0,0,0,0,0,0,2,0,0
12,Kashiru Bog,905,-9999,-9999,-9999,-9999,-9999,COUN,2050,0,1,0,0,0,0,0,8,1,0,0,0,0,17,0,0,6,0,0,0,0,0,14,0,0,0,0,0,0,0,0,0,0,0,0,0,0,0,0,0,0,0,34,0,0,0,0,0,0,0,0,0,76,0,0,0,2,0,0,0,0,21,0,0,0,0,0,0,0,0,0,0,0,0,0,0,0,0,0,0,0,0,0,18,0,0,0,0,0,0,0,2,0,0,1,0,0,5,0,0,0,0,0,0,3,0,0,0,13,0,0,0,0,0,0,0,0,0,0,0,0,0,110,40,0,0,0,15,0,2,0,0,0,0,1,0,41,0,0,0,0,0,0,0,0,0,0,0,0,0,0,0,0,0,0,0,0,0,0,0,0,0,1,0,0,1,0,0,0,0,0,0,0,0,0,0
12,Kashiru Bog,915,-9999,-9999,-9999,-9999,-9999,COUN,2051,0,1,1,0,0,0,0,2,4,0,0,0,0,9,0,0,1,3,0,0,0,0,18,0,0,0,0,1,0,0,0,0,0,0,0,0,0,0,0,0,0,0,14,0,0,1,0,0,0,0,0,0,138,0,0,0,2,0,0,0,0,32,0,0,0,0,0,4,0,0,0,0,0,0,0,0,0,0,0,4,0,3,0,22,0,0,0,0,0,0,0,2,0,0,0,0,0,17,0,0,0,0,0,0,1,0,0,2,16,0,0,0,0,0,0,1,0,0,0,0,0,0,86,53,0,0,0,56,0,0,0,0,0,0,2,0,4,0,0,0,0,0,0,0,0,0,3,0,0,0,0,1,1,0,0,0,0,0,4,0,0,0,0,0,0,0,0,0,0,0,0,1,0,0,0,0
12,Kashiru Bog,925,-9999,-9999,-9999,-9999,-9999,COUN,2052,0,0,0,0,1,0,1,10,5,0,0,0,0,23,1,3,8,7,0,1,2,2,55,0,0,0,0,2,0,0,2,3,0,0,1,0,0,0,0,0,0,0,33,0,0,0,0,0,0,0,0,0,283,0,0,0,3,0,0,0,0,79,0,0,0,0,0,9,0,0,2,0,0,0,1,0,0,1,0,1,0,11,1,15,0,0,0,0,0,2,0,1,0,0,3,0,0,12,0,0,0,0,0,0,2,0,0,6,41,0,0,0,0,3,0,0,0,0,0,8,0,0,143,178,0,0,0,137,3,0,0,0,0,0,6,0,52,0,0,2,0,0,0,0,1,0,1,0,1,2,0,15,0,0,0,0,0,0,9,0,0,0,0,0,0,1,0,0,1,0,0,3,0,2,0,0
12,Kashiru Bog,935,-9999,-9999,-9999,-9999,-9999,COUN,2053,0,0,0,0,0,0,0,2,2,0,0,0,0,3,0,0,2,1,0,0,0,3,16,0,0,0,0,0,0,0,0,0,1,0,0,0,0,0,0,0,0,0,10,0,0,0,0,0,0,1,0,1,156,0,0,0,1,0,0,0,0,20,0,0,0,0,0,2,0,0,0,0,0,0,0,0,1,0,0,0,0,2,0,7,0,0,0,0,0,0,0,2,0,0,3,0,0,11,0,0,0,0,2,0,0,0,0,0,12,0,0,0,0,0,0,0,0,0,0,1,1,0,36,60,0,0,0,44,0,1,0,0,0,0,4,0,0,0,0,0,0,0,0,0,0,0,0,0,0,0,0,6,0,0,0,0,0,0,7,0,0,0,0,0,0,0,0,0,0,0,0,1,0,3,0,0
12,Kashiru Bog,945,-9999,-9999,-9999,-9999,-9999,COUN,2054,0,0,0,0,0,0,0,5,1,1,0,0,0,3,0,0,2,1,0,0,0,0,22,0,0,0,0,0,0,0,1,0,0,0,0,0,0,0,0,0,0,0,10,0,0,0,0,0,0,0,0,0,129,0,0,0,0,0,0,0,0,36,0,0,0,0,0,2,0,0,0,0,0,0,0,0,0,1,0,2,0,5,0,13,0,0,0,0,0,0,0,2,0,0,4,0,0,10,0,0,0,0,0,0,0,0,0,0,17,1,0,0,1,0,0,0,0,0,0,2,0,0,33,67,0,0,0,37,0,0,0,0,0,0,2,0,8,0,0,0,1,0,0,0,0,0,1,0,0,0,0,6,0,0,0,0,0,0,12,0,0,0,0,0,0,0,0,0,0,0,0,0,0,3,0,0
12,Kashiru Bog,955,-9999,-9999,-9999,-9999,-9999,COUN,2055,0,0,0,0,2,0,0,2,13,0,0,0,0,0,0,1,1,3,0,0,0,0,22,0,0,0,0,0,0,0,1,1,0,0,0,0,1,0,0,0,0,0,1,0,1,0,0,0,0,0,0,0,74,0,0,0,1,0,0,0,0,8,0,0,0,0,0,12,0,0,0,0,0,0,0,0,0,0,0,3,0,3,5,13,0,0,0,0,0,0,0,4,0,0,0,0,0,37,0,0,0,0,0,0,1,0,0,1,13,0,0,0,0,0,0,0,0,0,0,2,0,0,50,19,0,0,0,82,3,0,0,0,0,0,2,0,0,0,0,0,2,0,0,0,0,0,0,0,0,0,0,0,1,1,0,0,0,0,18,0,0,0,0,0,0,0,0,0,2,1,0,4,0,0,0,0
12,Kashiru Bog,965,-9999,-9999,-9999,-9999,-9999,COUN,2056,0,1,1,0,1,0,0,0,1,0,0,0,0,2,0,1,3,0,0,0,0,0,18,0,0,0,0,3,0,0,0,1,1,1,1,0,0,0,0,0,0,1,2,0,0,0,0,0,0,0,0,0,112,0,0,0,1,0,0,0,0,7,0,0,0,0,0,1,0,0,0,0,0,0,0,0,0,0,0,1,0,1,0,12,0,0,0,0,0,0,0,2,0,0,0,0,0,19,0,0,0,0,0,0,4,0,0,1,19,0,0,0,0,0,0,0,0,0,0,5,0,0,54,26,0,0,0,96,1,0,0,0,0,0,2,1,6,0,0,0,0,0,0,1,0,0,1,0,0,0,0,0,0,0,0,0,0,0,10,0,0,0,0,1,1,0,0,0,2,0,0,0,0,4,0,0
12,Kashiru Bog,973,-9999,-9999,-9999,-9999,-9999,COUN,2057,0,1,1,0,0,0,0,4,12,0,0,0,0,0,0,0,2,3,0,0,0,0,15,0,0,0,0,0,0,0,1,2,0,0,0,0,2,0,0,0,0,0,4,0,0,0,0,0,0,0,0,0,157,0,0,0,0,0,0,0,0,8,0,0,0,0,0,4,0,0,0,0,0,0,1,0,0,1,0,0,0,2,0,5,0,0,0,0,0,0,0,4,0,0,1,0,0,25,0,0,0,0,1,0,0,0,0,0,11,0,0,0,0,0,0,0,0,0,0,0,0,0,19,48,0,0,0,62,1,0,0,0,0,0,1,0,1,0,0,0,0,0,0,0,0,0,1,0,0,0,0,0,0,0,0,0,0,0,21,0,0,0,0,0,0,0,0,0,2,0,0,1,0,0,0,0
12,Kashiru Bog,985,-9999,-9999,-9999,-9999,-9999,COUN,2058,0,1,1,0,0,0,0,6,4,0,0,0,0,6,0,0,4,2,0,0,0,0,11,0,0,0,0,0,0,0,1,0,0,0,0,0,2,0,0,0,0,0,1,0,0,0,0,0,0,0,0,0,124,0,0,0,0,0,0,0,0,12,0,0,0,0,0,5,0,0,0,0,0,0,1,0,0,0,0,4,0,5,0,17,0,0,0,0,0,0,0,2,0,0,0,0,0,11,0,0,0,0,0,0,0,0,0,0,15,0,0,0,0,0,1,0,0,0,1,0,0,0,34,23,0,0,0,42,0,0,0,0,0,0,1,0,7,0,0,0,0,0,0,0,0,0,0,0,0,0,0,0,0,0,0,0,0,0,15,0,0,0,0,0,0,0,0,0,6,0,0,1,0,3,0,0
