site_id,site_name,Sample depth,CLAM_min95,CLAM_max95,CLAM_best,CLAM_acc_rate,CLAM_age_model_type,count_type,sample_id,Acaena/Polylepis,Acalypha,Alchornea,Alibertia,Alnus,Amanoa,Anacardiaceae,Aniseia,Annonaceae,Apeiba,Apocynaceae,Ardisia,Arecaceae,Aspidosperma type,Astronium,Begonia,Bignoniaceae,Bocconia,Bombacaceae,Burseraceae,Byttneria,Caesalpiniaceae,Calandrinia,Calceolaria,Carapa,Caryophyllaceae,Casearia,Cecropia,Cedrela,Celtis,Cestrum,cf Heliotropium/Lafoenisia,Chamaesyce,Chrysobalanaceae,Cissus,Citrus,Clethra,Clusiaceae,Cochlospermum,Combretaceae/Melastomataceae,Connaraceae,Cordia,Costus,Croton,Cucurbitaceae,Cupania,Dalechampia,Daphnopsis,Dendropanax,Desmodium,Dictyocaryum,Didymopanax,Diploon,Doliocarpus,Duroia,Elaeocarpaceae,Ericaceae,Erythroxylum,Eschweilera,Eugenia,Euphorbiaceae,Euterpe,Fabaceae,Ficus,Flacourtiaceae,Forsteronia type,Gaiadendron,Genipa,Gentianaceae,Geonoma,Gomphrena,Gordonia,Hedyosmum,Heliocarpus,Hyeronima,Ilex,Inga,Iresine,Iriartea,Juglans,Justicia,Lecythidaceae,Lepidocaryum type,Loganiaceae,Loranthaceae,Ludwigia,Luehea,Mabea,Machaerium,Malpighiaceae,Malvaceae,Marcgraviaceae type,Margaritaria,Mauritia,Meliaceae,Menispermaceae,Mimosa,Monnina,Moraceae/Urticaceae,Muntingia,Myrica,Myristicaceae,Myrsine,Myrtaceae,Ochnaceae,Oenocarpus,Onagraceae,Parahancornia,Paullinia,Phyllanthus,Phytelephas type,Poaceae,Podocarpus,Polygalaceae,Proteaceae,Protium,Puya,Ranunculus,Rhamnaceae,Rosaceae,Rubiaceae,Salix type,Sapindaceae,Sapium,Sapotaceae,Scrophulariaceae,Sebastiania,Serjania,Sloanea,Solanaceae,Spermacoce,Spondias,Sterculiaceae,Struthanthus,Symmeria,Symphonia,Symplocos,Tabebuia,Tapirira,Tetrapterys,Thalictrum,Tiliaceae,Tournefortia,Tovomita,Trema,Trichilia type,Triumfetta,Uncaria,Unknown,Valerianaceae,Vallea,Vantanea,Verbenaceae,Virola,Vismia,Vochysia,Waltheria,Warszewiczia,Weinmannia,Ximenia type,Zanthoxylum
85,Lake Consuelo (CON1),10,-1999,-1999,-1999,-1999,-1999,COUN,18791,0,22,20,0,0,0,0,0,0,0,0,0,0,0,0,0,0,0,0,0,0,3,0,0,1,0,1,57,0,14,0,0,1,0,1,0,2,0,0,8,0,0,0,0,0,0,0,0,1,0,2,0,4,1,0,0,0,0,1,0,0,0,1,0,0,0,0,0,0,0,0,0,4,0,0,0,0,0,0,0,0,0,0,0,0,0,0,2,2,0,0,0,0,0,0,0,0,0,88,0,0,0,3,3,0,0,0,0,0,0,0,27,1,0,0,0,0,0,0,0,1,0,0,1,0,0,0,0,0,0,0,2,0,0,0,0,0,0,1,0,0,0,0,0,10,0,0,0,0,0,4,0,0,0,0,0,0,1,0,0,0
85,Lake Consuelo (CON1),20,-1999,-1999,-1999,-1999,-1999,COUN,18792,0,25,16,0,0,0,0,0,0,0,0,0,1,0,0,0,0,0,0,0,0,2,0,0,0,0,0,72,0,6,0,0,1,0,0,0,2,0,0,5,0,0,0,0,0,0,1,0,0,0,0,0,0,0,0,0,0,0,0,0,0,0,0,1,0,4,0,1,0,0,0,0,1,0,0,0,0,0,0,8,0,0,0,1,1,0,0,0,0,0,0,0,0,0,0,0,0,0,69,0,0,0,6,0,0,0,0,0,0,0,0,15,2,0,0,0,0,0,0,0,5,0,0,0,0,0,0,0,0,0,0,0,0,0,0,0,0,0,0,0,0,0,0,0,35,0,0,0,0,0,0,0,0,0,0,0,0,0,0,0,0
85,Lake Consuelo (CON1),30,-1999,-1999,-1999,-1999,-1999,COUN,18793,0,21,15,0,2,0,0,0,0,0,0,0,1,0,0,1,0,0,0,0,0,3,0,0,1,0,0,35,0,6,0,0,0,0,0,0,3,0,0,18,0,0,0,0,0,0,0,0,0,0,0,0,0,0,0,0,0,0,0,0,3,0,1,0,1,0,0,0,3,0,0,0,0,0,0,1,0,0,0,0,0,0,0,0,0,0,0,1,0,0,0,0,0,0,0,0,0,0,98,0,0,0,0,5,0,0,0,0,1,1,0,51,0,0,0,0,0,0,0,0,0,0,0,0,0,0,0,0,0,1,0,0,0,0,0,0,0,0,0,0,0,0,1,0,10,0,0,0,0,0,1,0,0,0,0,0,0,2,0,0,0
85,Lake Consuelo (CON1),40,-1999,-1999,-1999,-1999,-1999,COUN,18794,0,23,18,0,0,0,0,0,0,0,0,0,1,0,0,0,1,0,0,0,0,1,0,0,0,1,0,77,0,11,0,0,0,0,0,0,0,0,0,6,0,0,0,0,0,0,0,0,0,0,2,0,0,0,0,0,0,0,0,0,0,0,2,1,0,0,0,0,0,0,0,0,0,0,1,0,0,0,0,2,0,0,0,0,0,0,0,0,1,0,0,0,0,0,0,0,0,0,66,0,0,0,0,0,0,0,0,0,0,0,0,18,2,0,1,0,0,0,0,0,0,0,0,0,0,0,0,0,0,1,0,0,0,0,0,0,0,0,4,0,0,0,0,0,17,0,0,0,0,0,0,0,0,0,0,0,0,0,1,0,1
85,Lake Consuelo (CON1),50,-1999,-1999,-1999,-1999,-1999,COUN,18795,0,12,26,0,1,0,0,0,0,0,0,0,0,0,0,0,0,0,0,0,0,2,0,0,1,0,0,61,0,8,0,0,5,0,0,0,0,0,0,5,0,0,0,0,0,0,0,0,0,0,16,0,0,0,0,0,0,0,0,0,0,0,0,0,0,0,0,0,0,0,0,0,0,0,0,1,0,0,0,1,0,0,0,0,0,0,0,0,0,0,0,30,0,0,0,0,0,0,75,0,0,0,1,0,0,0,0,0,0,0,0,16,1,0,0,1,0,0,0,0,0,0,0,0,0,0,0,0,0,1,0,3,0,0,0,0,0,0,0,0,0,0,0,0,10,5,0,0,0,0,0,0,0,1,0,0,0,2,1,0,0
85,Lake Consuelo (CON1),60,-1999,-1999,-1999,-1999,-1999,COUN,18796,0,15,23,0,0,0,0,0,0,0,0,0,0,0,0,0,0,0,0,0,0,1,0,0,0,0,0,46,0,12,0,0,0,0,0,0,2,0,0,36,0,0,0,0,0,0,0,0,0,0,0,0,0,0,0,0,0,0,0,0,0,0,0,0,11,0,0,0,1,0,0,0,0,0,0,2,0,0,0,3,0,0,0,0,0,0,0,0,1,0,0,5,0,0,0,0,0,0,78,0,0,0,0,0,0,0,0,0,1,0,0,28,1,0,1,0,0,0,0,0,0,0,0,0,0,0,0,0,0,0,0,0,0,0,0,0,0,0,1,0,0,0,0,0,8,0,1,0,0,0,0,0,0,1,0,0,0,0,0,0,1
85,Lake Consuelo (CON1),65,-1999,-1999,-1999,-1999,-1999,COUN,18797,0,6,12,0,0,0,1,0,0,0,0,0,0,0,0,16,0,0,0,0,0,2,0,0,0,0,0,34,0,2,0,0,0,0,0,0,16,0,0,12,0,0,0,0,0,1,0,0,0,0,1,0,0,0,0,0,0,0,0,0,0,0,0,0,0,0,0,0,1,0,0,0,2,0,0,1,0,0,0,0,0,0,0,0,0,0,0,2,0,0,0,3,0,0,0,0,0,0,69,0,0,0,4,3,0,0,0,0,1,0,0,13,0,0,0,0,1,0,0,0,0,0,0,0,0,0,0,0,1,1,0,0,0,0,0,0,0,0,0,0,0,0,0,0,10,0,0,0,0,0,78,0,0,0,0,0,0,0,2,0,0
85,Lake Consuelo (CON1),70,-1999,-1999,-1999,-1999,-1999,COUN,18798,1,5,10,0,0,0,0,0,0,0,0,0,0,0,0,6,0,0,0,0,0,1,0,0,1,0,0,56,0,3,0,0,1,0,0,0,32,0,0,22,0,0,0,0,0,0,0,0,4,0,15,0,0,0,0,0,0,0,0,0,0,0,0,0,0,0,0,0,0,0,0,0,0,0,0,0,0,0,0,2,0,0,0,0,0,0,0,2,0,0,0,4,0,0,0,0,1,0,82,0,0,0,2,1,0,0,0,0,0,0,0,13,1,0,0,0,0,0,0,0,0,0,0,0,0,0,0,0,0,0,0,1,0,0,3,0,0,0,0,0,0,0,0,0,6,0,0,0,0,0,12,0,0,0,0,0,0,2,2,0,0
85,Lake Consuelo (CON1),75,-1999,-1999,-1999,-1999,-1999,COUN,18799,0,16,12,0,0,0,0,0,0,0,0,0,0,0,0,3,0,0,0,0,0,1,0,0,2,0,0,40,0,3,0,0,0,0,0,0,4,0,0,15,0,0,0,0,0,0,0,0,1,0,1,0,0,0,0,0,0,0,0,0,3,0,0,1,0,0,0,0,2,0,0,0,4,0,0,0,0,0,0,1,0,0,0,0,0,0,0,3,0,0,0,2,0,0,0,0,0,0,118,0,0,0,2,0,0,0,0,0,0,0,0,11,0,0,0,1,0,0,0,0,0,0,0,0,0,0,0,0,0,0,0,0,0,0,0,0,0,0,0,0,0,0,0,0,3,0,0,0,0,0,42,0,0,0,0,0,0,1,0,0,0
85,Lake Consuelo (CON1),80,-1999,-1999,-1999,-1999,-1999,COUN,18800,0,17,12,0,0,0,0,0,0,0,0,0,0,0,0,0,1,0,0,0,0,1,0,0,0,0,0,60,0,14,0,0,0,0,0,0,0,0,0,30,0,0,0,0,0,0,0,0,0,0,2,0,0,0,0,0,0,0,0,0,0,0,0,0,0,0,0,0,0,0,0,0,0,0,0,0,0,0,0,1,0,0,0,0,0,0,0,1,0,1,0,0,0,0,0,0,0,0,72,0,0,0,2,0,0,0,0,0,0,0,0,12,1,0,0,0,1,0,0,0,0,0,0,0,0,0,0,0,0,1,0,0,0,0,0,0,0,0,1,0,0,0,0,0,16,0,0,0,0,0,0,0,0,0,0,0,0,0,0,0,1
85,Lake Consuelo (CON1),85,-1999,-1999,-1999,-1999,-1999,COUN,18801,0,32,24,0,0,0,0,0,0,0,0,0,0,0,0,2,0,0,0,0,0,3,0,0,1,0,0,58,0,11,0,0,0,0,0,0,1,0,0,14,0,0,0,0,0,1,0,0,1,0,1,0,0,0,0,0,0,0,0,0,0,0,0,1,0,0,0,0,0,0,0,0,0,0,0,0,0,0,0,0,0,0,0,0,0,0,0,2,1,0,0,1,0,0,1,0,0,0,96,0,0,0,4,1,0,0,0,0,0,0,0,25,1,0,0,0,1,0,0,0,1,0,0,0,3,0,0,0,0,0,0,0,0,0,0,0,0,0,0,0,0,1,0,0,5,0,0,0,0,0,1,0,0,0,0,0,0,0,1,0,0
85,Lake Consuelo (CON1),90,-1999,-1999,-1999,-1999,-1999,COUN,18802,0,23,15,0,0,0,0,0,0,0,0,0,0,0,0,0,0,0,0,0,0,6,0,0,0,0,0,102,0,6,0,0,2,0,0,0,1,0,0,4,0,0,0,0,0,0,0,0,0,0,0,0,0,0,0,0,0,0,0,0,1,0,0,0,0,0,0,0,0,0,0,0,0,0,0,1,0,0,1,2,0,0,0,1,0,0,0,1,3,1,0,0,0,0,0,0,0,0,64,0,0,0,2,5,0,0,0,0,0,0,0,20,1,0,0,0,0,0,0,0,2,0,0,0,0,0,0,0,0,0,0,2,0,0,0,0,0,0,0,0,0,1,0,0,25,0,0,0,0,0,0,0,0,0,0,0,0,0,0,0,1
85,Lake Consuelo (CON1),95,-1999,-1999,-1999,-1999,-1999,COUN,18803,0,31,43,0,0,0,0,0,0,0,0,0,0,0,0,0,0,0,0,0,0,3,0,0,0,0,0,27,0,19,0,0,0,0,1,0,2,0,0,3,0,1,0,0,0,2,0,0,0,0,0,0,0,0,0,0,0,0,1,0,0,0,0,0,0,0,0,0,0,0,0,0,0,0,0,0,0,0,0,0,0,0,0,0,0,0,0,2,0,0,0,0,0,0,0,0,0,0,87,0,0,0,1,1,0,0,0,0,0,0,0,42,0,0,0,2,0,0,0,0,2,0,1,0,4,0,0,0,0,1,0,0,0,0,0,0,0,0,0,0,0,0,0,0,19,0,0,0,0,0,0,0,0,0,0,0,0,1,1,0,0
85,Lake Consuelo (CON1),100,-1999,-1999,-1999,-1999,-1999,COUN,18804,0,29,27,0,0,0,0,0,0,0,0,0,1,0,0,0,0,0,0,0,0,2,0,0,0,0,0,53,0,27,0,0,1,0,0,0,3,0,0,7,0,0,0,0,0,0,0,0,0,0,1,0,0,0,0,0,0,0,1,0,0,0,0,1,0,1,0,0,0,0,0,0,0,0,0,0,0,0,0,2,0,0,0,0,2,0,0,1,1,0,0,0,0,0,0,0,0,0,75,0,0,0,1,0,0,0,0,0,0,0,0,32,0,0,0,0,0,0,0,0,2,2,0,0,1,0,0,0,0,0,0,0,0,0,0,0,0,0,0,0,0,0,0,0,18,0,0,0,0,0,0,0,0,1,0,1,0,0,0,0,1
85,Lake Consuelo (CON1),105,-1999,-1999,-1999,-1999,-1999,COUN,18805,0,27,25,0,0,0,0,0,0,0,0,0,0,0,0,0,0,0,0,0,0,2,0,0,0,0,0,33,0,22,0,0,0,0,0,0,0,0,0,7,0,0,0,0,0,2,0,0,0,0,4,0,0,1,0,0,0,0,0,0,2,0,0,0,0,0,0,0,0,0,0,0,2,0,0,1,0,0,0,0,0,0,0,0,0,0,0,6,0,0,0,2,0,0,0,0,0,0,105,0,0,0,2,3,0,0,0,0,1,0,0,30,0,0,0,0,0,0,0,0,0,0,0,0,4,1,0,0,0,1,0,0,0,0,0,0,0,0,0,0,0,0,0,0,13,0,0,0,0,1,0,0,0,0,0,0,0,0,1,0,1
85,Lake Consuelo (CON1),110,-1999,-1999,-1999,-1999,-1999,COUN,18806,1,16,17,0,0,0,1,0,0,0,0,0,0,0,0,0,0,0,0,0,0,1,0,0,0,0,0,69,0,17,0,0,1,0,0,0,0,0,0,19,0,0,0,0,0,0,0,0,2,0,1,0,0,0,0,0,0,0,0,0,0,0,0,0,0,0,0,0,0,0,0,0,1,0,0,0,0,0,0,1,0,0,0,1,0,0,0,0,0,0,0,0,0,0,0,0,0,0,103,0,1,0,0,0,0,0,0,0,1,0,0,16,1,0,0,0,0,0,0,0,2,0,0,0,0,0,0,0,0,0,0,0,0,0,0,0,0,0,0,0,0,0,0,0,15,0,0,0,0,0,0,0,0,0,0,0,0,4,0,0,0
85,Lake Consuelo (CON1),115,-1999,-1999,-1999,-1999,-1999,COUN,18807,0,27,24,0,0,0,0,0,0,0,0,0,0,0,0,0,0,0,0,0,0,2,0,0,1,0,0,60,0,13,0,0,0,0,0,0,1,0,0,5,0,0,0,0,0,1,0,0,0,0,1,0,0,0,0,0,1,0,2,0,1,0,0,0,0,0,0,0,0,0,0,0,0,0,1,3,0,0,0,1,0,0,0,0,0,0,0,3,1,2,0,0,0,0,0,0,0,0,94,0,0,0,3,4,0,0,0,0,1,0,0,23,2,0,0,0,0,0,0,0,0,0,0,0,3,0,0,0,0,0,0,0,0,0,0,0,0,0,0,0,0,0,0,0,21,0,0,0,0,1,2,0,0,0,0,0,0,0,0,0,0
85,Lake Consuelo (CON1),120,-1999,-1999,-1999,-1999,-1999,COUN,18808,0,29,20,0,1,0,0,0,0,0,0,0,0,0,0,1,0,0,0,0,0,0,0,0,0,0,0,67,0,35,0,0,0,0,0,0,3,0,0,6,0,0,0,1,0,0,0,0,0,0,0,0,0,0,0,0,0,0,0,0,0,0,0,1,0,1,0,0,0,0,0,0,0,0,0,0,0,0,0,0,0,0,0,1,2,0,1,2,1,0,0,0,0,0,0,0,0,0,59,0,0,0,1,0,0,0,0,0,0,0,0,17,1,0,0,0,0,0,0,0,6,0,0,0,0,0,0,0,0,1,0,1,0,0,0,0,0,0,0,0,0,0,0,0,19,0,0,0,0,0,0,0,0,0,0,0,0,1,0,0,0
85,Lake Consuelo (CON1),125,-1999,-1999,-1999,-1999,-1999,COUN,18809,0,30,36,0,0,0,0,0,0,0,0,0,1,0,0,0,0,0,0,0,0,2,0,0,0,0,0,82,0,11,0,0,0,0,0,0,2,0,0,2,0,0,0,0,0,0,0,0,0,0,2,0,0,0,0,0,0,0,0,0,0,0,0,0,0,0,0,0,0,0,0,0,0,0,0,2,0,0,0,0,0,0,0,0,1,0,0,2,1,0,0,0,0,0,0,0,0,0,122,0,0,0,6,6,0,0,0,0,2,0,0,10,2,0,0,0,1,0,0,0,1,0,0,0,0,0,0,0,0,1,0,0,0,0,0,0,0,0,0,0,0,0,0,0,19,0,0,0,0,0,1,0,0,0,0,0,0,1,2,0,0
85,Lake Consuelo (CON1),130,-1999,-1999,-1999,-1999,-1999,COUN,18810,0,17,20,0,0,0,0,0,0,0,0,0,0,0,0,0,0,0,0,0,0,2,0,0,0,0,0,86,0,16,0,0,0,0,0,0,0,0,0,8,0,0,0,0,0,1,0,0,0,0,0,0,0,0,0,0,1,0,2,0,0,0,0,0,0,0,0,0,0,0,0,0,0,0,0,2,0,0,2,2,0,0,0,0,0,0,0,2,1,0,0,0,0,0,0,0,0,0,95,0,0,0,5,0,0,0,0,0,0,0,0,15,0,0,0,0,0,0,0,0,0,0,0,0,0,0,0,0,0,0,0,1,0,0,0,0,0,0,0,0,0,1,0,0,15,0,0,0,0,0,0,0,0,0,0,0,0,2,0,0,0
85,Lake Consuelo (CON1),135,-1999,-1999,-1999,-1999,-1999,COUN,18811,0,21,34,0,0,0,0,0,0,0,0,0,0,0,0,1,0,0,0,0,0,5,0,0,0,0,0,73,0,15,0,0,0,0,0,0,4,0,0,8,0,0,0,0,0,1,0,1,0,0,3,0,0,0,0,0,0,0,0,0,0,0,1,0,0,0,0,0,0,0,0,0,0,0,0,2,0,0,1,0,0,0,0,0,0,0,0,0,2,0,0,0,0,0,0,0,1,0,105,0,1,0,9,4,0,0,0,0,0,0,0,11,0,0,0,2,1,0,0,0,0,0,0,0,0,0,0,0,0,0,0,0,0,0,0,0,0,0,0,0,0,0,0,0,9,0,0,0,0,0,0,0,0,0,1,0,0,1,0,0,0
85,Lake Consuelo (CON1),140,9838.5,10200,10136.3,31.954,Smooth spline (default smoothing 0.3),COUN,18812,0,13,29,0,1,0,0,0,0,0,0,0,0,0,0,1,1,0,0,0,0,0,0,0,0,0,0,79,0,20,0,0,0,0,0,0,5,0,0,17,0,1,0,2,0,0,0,0,0,0,0,0,0,0,0,0,0,0,0,0,1,0,6,4,0,0,0,0,0,0,0,0,0,0,0,1,0,0,1,2,0,0,0,0,0,0,0,0,3,0,0,0,0,0,0,0,0,0,41,0,0,0,8,2,0,0,0,0,1,0,0,14,0,0,1,0,0,0,0,0,3,0,0,1,0,0,0,0,0,1,0,0,0,0,0,0,1,0,2,0,0,0,0,0,14,1,0,0,0,0,0,0,0,0,0,0,0,1,0,0,0
85,Lake Consuelo (CON1),150,10186.1,10537.7,10455.9,32.008,Smooth spline (default smoothing 0.3),COUN,18813,0,11,35,0,0,0,3,0,0,0,0,0,0,0,0,3,0,0,0,0,0,4,0,0,1,0,0,60,0,12,0,0,0,0,0,0,2,0,0,13,0,0,0,0,0,0,0,0,1,0,3,0,0,0,0,0,0,0,0,0,0,0,0,0,1,0,0,0,0,0,0,0,0,0,0,2,0,0,0,0,0,0,0,0,0,0,0,0,1,1,0,1,0,0,0,0,0,0,91,0,0,0,6,3,0,0,0,0,0,0,0,10,4,0,0,0,0,0,0,0,1,0,0,0,0,0,0,0,0,0,0,0,0,0,0,0,0,0,0,0,0,0,0,0,14,0,0,0,0,0,4,0,0,0,0,0,0,5,0,0,0
85,Lake Consuelo (CON1),160,10531.7,10895.6,10776.7,32.188,Smooth spline (default smoothing 0.3),COUN,18814,0,18,31,0,3,0,0,0,0,0,0,0,1,0,0,1,0,0,0,0,0,0,0,0,1,0,0,59,0,13,0,0,0,0,0,0,3,0,0,10,0,0,0,0,0,0,0,0,1,0,6,0,0,1,0,0,0,0,1,0,0,0,1,5,2,0,0,0,0,0,0,0,0,0,1,2,0,0,2,0,0,0,0,0,0,0,0,0,1,0,0,0,0,0,0,0,0,0,66,0,0,0,2,8,0,0,0,0,1,0,0,9,0,0,0,0,1,0,0,0,1,0,0,0,0,0,0,0,0,2,0,0,0,0,1,0,3,0,2,0,0,0,0,0,15,0,0,0,0,0,0,0,0,0,1,0,0,4,0,0,0
85,Lake Consuelo (CON1),180,11230.7,11618.4,11426.7,32.927,Smooth spline (default smoothing 0.3),COUN,18815,0,14,38,0,0,0,0,0,0,0,0,0,1,0,0,4,0,0,0,0,0,1,0,0,1,0,0,76,0,1,0,0,0,0,0,0,4,0,0,18,0,0,0,2,0,0,0,0,0,0,27,0,0,3,0,0,0,0,4,0,0,0,0,7,0,1,0,0,0,0,0,0,0,0,1,0,0,0,0,0,0,0,2,0,0,0,0,2,1,0,0,0,0,0,0,0,0,0,65,0,1,0,3,6,0,0,0,0,1,2,0,2,3,0,1,0,1,0,0,0,1,0,0,1,0,0,0,0,0,1,0,0,0,0,0,0,0,0,1,0,0,0,0,0,17,0,0,0,0,0,0,0,0,0,0,0,0,4,0,0,0
85,Lake Consuelo (CON1),190,11582.4,11983.4,11758.4,33.487,Smooth spline (default smoothing 0.3),COUN,18816,0,19,24,0,0,0,0,0,0,0,0,0,2,0,0,0,0,0,0,0,0,4,0,0,1,0,0,68,0,13,0,0,0,0,0,0,4,0,0,11,1,0,0,0,0,0,0,0,0,0,31,0,0,1,0,0,0,0,1,0,0,0,2,0,0,0,0,0,1,0,0,0,1,0,0,2,0,0,2,0,0,0,0,0,0,0,0,0,0,0,0,1,0,0,0,0,0,0,83,0,0,0,2,3,0,0,0,0,0,0,0,3,1,0,0,0,2,0,0,0,1,0,0,2,0,0,0,0,0,1,0,0,0,0,0,0,1,0,0,0,0,0,0,0,5,0,0,0,0,0,0,0,0,0,0,0,0,3,0,0,0
85,Lake Consuelo (CON1),200,11940.2,12350.2,12096.2,34.172,Smooth spline (default smoothing 0.3),COUN,18817,0,24,34,0,1,0,0,0,0,0,0,0,0,0,0,2,0,0,0,0,0,0,0,0,0,0,0,52,0,19,0,0,0,0,0,0,1,0,0,16,0,0,0,1,0,0,0,0,2,0,17,0,0,0,0,0,2,0,1,0,0,0,0,0,1,0,0,0,0,0,0,0,1,0,1,0,0,0,21,2,0,0,3,0,0,0,0,3,0,0,0,0,0,0,0,0,0,0,53,0,0,0,3,3,0,0,0,0,0,3,0,9,16,0,0,0,0,0,1,0,0,0,0,0,0,0,1,0,0,2,0,1,0,0,0,0,1,0,0,0,0,0,0,0,11,0,0,0,0,0,0,0,0,0,0,0,0,1,0,0,0
85,Lake Consuelo (CON1),210,12305.3,12717.9,12441.5,34.984,Smooth spline (default smoothing 0.3),COUN,18818,0,16,17,0,0,0,0,0,0,0,0,0,0,0,0,3,0,0,0,0,0,1,0,0,0,0,0,81,0,9,0,0,0,0,0,0,1,0,0,15,0,0,0,0,0,2,0,0,0,0,23,0,0,5,0,0,1,0,1,0,1,0,0,0,0,0,0,0,0,0,0,0,2,0,0,2,0,0,3,2,0,0,0,0,0,0,0,1,0,0,0,0,0,0,0,0,0,0,69,0,0,0,7,4,0,0,0,0,0,0,0,5,8,0,0,1,0,0,0,0,2,0,0,0,0,0,0,0,0,0,0,2,0,0,0,0,0,0,0,0,0,0,0,0,5,0,0,0,0,0,6,0,0,0,0,0,0,1,0,0,0
85,Lake Consuelo (CON1),220,12674.4,13088.7,12795.4,35.923,Smooth spline (default smoothing 0.3),COUN,18819,0,20,39,0,0,0,0,0,0,0,0,0,1,0,0,9,0,0,0,0,0,0,0,0,0,0,0,25,0,6,0,0,0,0,0,0,6,0,0,19,0,1,0,0,0,0,0,0,3,0,23,0,0,0,0,0,4,0,2,0,0,0,2,0,0,0,0,0,0,0,0,0,5,0,3,2,0,0,3,0,0,0,1,0,0,0,1,0,0,0,0,0,0,0,0,0,0,0,64,0,0,0,2,6,0,0,0,0,0,0,0,10,18,0,0,0,0,0,0,0,1,0,0,0,0,0,0,0,3,1,0,0,0,0,0,0,0,0,2,0,0,0,0,0,2,0,0,0,0,0,0,0,0,0,0,0,0,4,2,0,0
85,Lake Consuelo (CON1),230,13048,13463.7,13159.4,36.988,Smooth spline (default smoothing 0.3),COUN,18820,1,9,20,0,0,0,0,0,0,0,0,0,0,0,0,2,0,0,0,0,0,3,0,0,1,0,0,64,0,6,4,0,0,0,0,0,7,0,0,15,0,0,0,0,0,0,0,0,2,0,0,0,0,7,0,0,0,0,1,0,0,0,0,3,0,0,0,0,0,0,0,0,4,0,0,2,0,0,0,0,0,0,0,0,0,0,0,0,0,0,0,0,0,0,0,0,0,0,67,0,0,0,10,5,0,0,0,0,2,0,0,17,17,0,0,0,0,0,0,0,1,0,0,0,0,0,0,0,0,2,0,0,0,0,0,0,1,0,0,0,0,0,0,0,9,0,0,0,0,0,5,0,0,0,0,0,0,5,0,0,0
85,Lake Consuelo (CON1),240,13421.6,13840.6,13534.5,38.179,Smooth spline (default smoothing 0.3),COUN,18821,0,10,15,0,0,0,0,0,0,0,0,0,0,0,0,8,0,1,0,0,0,1,0,0,2,0,0,61,0,9,0,0,0,0,0,0,5,0,0,35,0,0,0,2,0,0,0,0,0,0,4,0,0,0,0,0,1,0,3,0,0,0,0,1,1,0,0,0,0,0,0,0,6,0,0,1,0,0,0,1,0,0,2,0,0,0,0,1,5,0,0,0,0,0,0,0,0,0,56,0,0,0,8,7,0,0,0,1,0,0,0,18,6,0,1,0,0,0,1,0,2,0,0,0,0,0,0,0,0,0,0,0,0,0,0,0,1,0,0,0,0,0,1,0,5,0,0,0,0,0,0,0,0,0,0,0,0,3,0,1,0
85,Lake Consuelo (CON1),250,13800,14223,13922,39.451,Smooth spline (default smoothing 0.3),COUN,18822,1,16,14,0,1,0,0,0,0,0,0,0,0,0,0,0,0,0,0,0,0,2,0,0,0,0,0,53,0,2,0,0,0,0,0,0,1,0,0,21,0,0,0,0,0,1,0,0,3,0,0,0,0,4,0,0,1,0,1,0,0,0,2,0,1,0,0,0,0,0,0,0,3,0,0,3,0,0,0,3,0,0,0,0,0,0,0,0,1,0,0,0,0,0,0,1,0,0,93,0,0,0,6,6,0,0,0,0,1,0,0,16,17,0,0,1,0,0,0,0,0,0,0,0,0,0,0,0,1,1,0,0,0,0,0,0,0,0,0,0,0,0,0,0,3,0,0,0,0,0,7,0,0,0,0,0,0,5,1,0,0
85,Lake Consuelo (CON1),260,14179.1,14609,14321.4,40.474,Smooth spline (default smoothing 0.3),COUN,18823,0,17,27,0,1,0,0,0,1,0,1,0,0,0,0,5,0,0,0,0,0,2,0,0,0,0,0,22,0,6,0,0,0,0,0,0,3,0,0,41,0,1,0,2,0,0,0,0,0,0,0,0,0,0,0,0,2,0,0,0,0,0,0,1,0,0,0,0,0,0,0,0,19,0,2,1,0,0,0,3,0,0,1,0,0,0,0,1,1,0,0,0,0,0,0,0,0,0,57,0,0,0,12,6,0,0,0,0,1,0,0,17,22,0,1,0,0,0,1,0,1,0,0,0,0,0,0,0,0,10,0,0,0,0,0,0,1,0,2,0,0,0,0,0,1,0,0,0,0,0,0,0,0,0,0,0,0,0,1,2,0
85,Lake Consuelo (CON1),270,14564.7,14996.6,14729.6,41.179,Smooth spline (default smoothing 0.3),COUN,18824,0,16,15,0,0,0,0,0,1,0,0,0,0,0,0,1,0,0,0,0,0,0,0,0,0,0,0,80,0,11,0,0,0,0,1,0,7,0,0,36,0,0,0,0,0,0,0,0,0,0,0,0,0,3,0,0,2,0,1,0,0,0,2,0,1,0,0,0,0,0,0,0,4,0,0,0,0,0,0,0,0,0,0,0,0,0,0,1,1,0,0,0,0,0,0,0,0,0,56,0,0,0,8,6,0,0,0,0,0,0,0,12,12,0,0,0,0,0,0,0,0,0,0,0,0,0,0,0,0,3,0,0,0,0,0,0,0,0,0,0,0,0,0,0,1,0,0,0,0,0,1,0,0,0,0,0,0,3,2,0,0
85,Lake Consuelo (CON1),280,14952.1,15383.2,15143.4,41.567,Smooth spline (default smoothing 0.3),COUN,18825,0,15,22,0,3,0,0,0,0,0,0,0,0,2,0,5,0,0,0,0,0,0,0,0,2,0,0,61,0,4,0,0,0,0,0,0,10,2,0,30,0,0,0,0,0,1,0,0,0,0,2,0,0,3,0,1,0,0,2,0,0,0,1,2,0,0,0,0,0,0,0,0,12,0,0,0,0,0,9,4,0,0,1,0,0,0,1,0,0,0,0,0,0,0,0,0,0,0,36,0,0,0,11,12,0,0,0,0,0,0,0,18,16,0,0,0,0,0,1,0,0,0,0,0,0,0,0,0,0,1,0,0,0,0,0,0,1,0,0,0,0,0,0,0,6,1,0,0,0,0,0,0,0,0,0,0,0,3,3,0,0
85,Lake Consuelo (CON1),290,15337.4,15769.2,15559.6,41.637,Smooth spline (default smoothing 0.3),COUN,18826,0,6,16,0,11,0,0,0,0,0,0,0,0,0,0,8,0,1,0,0,0,5,0,0,1,0,0,13,0,0,1,0,0,0,0,0,5,0,0,49,0,0,0,0,0,0,0,17,0,2,0,0,0,0,0,0,4,0,0,0,2,0,1,0,1,0,0,0,0,0,0,0,12,0,0,3,0,0,1,3,0,0,0,0,0,0,0,0,0,0,0,0,0,0,0,0,2,0,18,0,2,0,5,15,0,0,0,0,3,0,0,30,14,0,0,0,0,0,0,0,2,0,0,0,0,0,0,0,0,8,0,0,3,0,0,0,0,0,0,0,0,0,0,0,0,0,0,0,0,0,3,0,0,0,0,0,0,1,1,0,0
85,Lake Consuelo (CON1),300,15728.7,16157,15975.2,41.391,Smooth spline (default smoothing 0.3),COUN,18827,0,22,14,0,4,0,0,0,0,0,0,0,0,1,0,8,0,0,0,0,0,0,0,0,3,0,0,37,0,5,0,0,0,0,0,0,10,4,0,55,0,0,0,1,0,0,0,0,1,0,0,0,0,0,0,1,1,0,0,0,0,0,0,1,0,0,0,0,0,0,0,0,11,0,0,1,0,0,0,4,0,0,1,0,0,0,0,1,0,0,0,0,0,0,0,0,0,0,30,1,1,0,12,13,0,0,0,0,1,0,0,24,20,0,2,0,0,0,0,0,0,0,0,0,0,0,0,0,0,6,0,0,0,0,0,0,0,0,0,0,0,0,0,0,1,1,0,0,0,0,0,0,0,0,0,0,0,1,0,0,0
85,Lake Consuelo (CON1),310,16118.5,16542.5,16386.8,40.827,Smooth spline (default smoothing 0.3),COUN,18828,0,15,5,0,4,1,0,0,0,0,0,0,0,0,0,1,0,0,0,0,0,1,0,0,11,0,0,56,0,2,0,0,0,0,0,0,6,0,0,36,0,0,0,0,0,1,0,0,0,0,0,0,0,3,0,0,1,0,0,0,0,0,1,0,0,0,0,0,0,0,0,0,11,0,2,1,1,0,0,5,0,0,0,0,0,0,0,1,0,0,0,1,0,0,0,0,1,0,31,0,0,0,6,5,0,0,0,0,2,0,0,42,22,0,0,0,0,0,0,0,0,0,0,1,0,0,0,0,0,1,0,0,0,0,0,0,2,0,0,0,0,2,0,0,2,0,0,0,0,1,3,0,1,0,0,0,0,1,0,0,0
85,Lake Consuelo (CON1),320,16507.5,16935.1,16791.4,39.945,Smooth spline (default smoothing 0.3),COUN,18829,0,9,12,0,1,0,0,0,0,0,0,1,1,0,0,8,0,0,0,0,0,0,0,0,1,0,0,32,0,1,0,0,0,0,0,0,7,8,0,42,0,1,0,0,0,0,0,1,2,0,3,0,0,0,0,0,7,0,3,0,0,0,1,0,0,0,0,0,0,0,0,0,11,0,0,0,0,0,1,2,0,0,1,0,0,0,0,0,0,0,0,0,0,0,0,0,0,1,30,1,0,0,2,12,0,0,0,0,2,0,0,35,20,0,3,0,0,0,1,0,5,0,0,0,0,1,0,0,0,7,0,0,0,0,0,0,1,0,0,0,0,0,0,0,0,3,0,0,0,0,0,0,0,0,0,0,0,3,0,0,0
85,Lake Consuelo (CON1),330,16898.5,17332.7,17186.2,38.956,Smooth spline (default smoothing 0.3),COUN,18830,0,19,3,0,4,0,0,0,0,0,0,0,0,0,0,0,0,2,0,0,0,2,0,0,6,0,0,62,0,9,0,0,0,0,0,0,2,0,0,32,0,0,0,0,0,0,0,2,0,0,0,0,0,4,0,0,1,3,1,0,0,0,0,0,0,0,0,0,0,0,0,0,20,0,0,0,0,0,0,4,0,0,0,0,0,0,0,0,1,0,0,2,0,0,0,0,1,0,32,0,1,0,12,11,0,0,0,0,2,0,0,15,32,0,0,0,0,0,0,0,0,0,0,0,0,0,0,0,0,2,0,0,0,0,0,0,0,0,0,0,0,0,0,0,2,0,0,0,0,0,2,0,0,0,0,0,0,1,1,0,0
85,Lake Consuelo (CON1),340,17289.8,17732.4,17572.2,38.224,Smooth spline (default smoothing 0.3),COUN,18831,0,11,16,0,6,0,0,0,0,0,0,0,0,0,0,3,0,0,0,0,0,1,0,0,5,0,0,23,0,1,0,0,1,0,0,1,12,0,0,36,0,0,0,0,0,0,0,0,0,0,2,0,0,0,0,0,4,0,3,0,0,0,0,1,0,0,3,0,0,0,0,0,8,0,1,1,0,0,1,1,0,0,0,0,0,0,1,1,1,0,0,0,0,0,0,0,1,0,40,0,2,0,10,13,0,0,0,0,1,1,0,21,22,0,0,0,0,0,1,0,1,0,0,0,0,0,0,0,0,8,0,0,0,0,0,0,3,0,0,0,0,0,0,1,0,3,0,0,0,0,0,0,0,0,0,0,0,0,0,2,1
85,Lake Consuelo (CON1),350,17679,18128.4,17952.1,37.755,Smooth spline (default smoothing 0.3),COUN,18832,0,9,10,0,5,0,0,0,0,0,0,0,0,0,0,0,0,1,0,0,0,2,0,0,5,0,0,51,0,2,0,0,0,0,0,0,5,0,0,35,0,0,0,1,0,0,0,1,1,1,0,0,0,4,0,0,5,0,1,0,0,0,1,1,0,0,0,0,0,0,0,0,6,0,1,0,0,0,0,0,0,0,0,0,0,0,0,1,0,0,0,0,0,0,0,0,0,0,25,0,1,0,8,23,0,0,0,0,1,0,0,27,24,0,0,1,2,0,0,0,1,0,0,0,0,0,0,0,0,5,0,0,0,0,0,0,1,0,0,0,0,0,0,0,4,0,0,0,0,1,9,0,0,0,0,0,0,0,2,0,1
85,Lake Consuelo (CON1),360,18075,18522.8,18328.5,37.549,Smooth spline (default smoothing 0.3),COUN,18833,0,5,4,0,8,0,0,0,0,0,0,0,0,0,0,6,0,0,0,0,0,4,0,0,3,0,0,46,0,4,0,0,0,0,0,1,4,0,0,30,0,0,0,0,0,0,0,0,0,0,0,0,0,4,0,0,10,0,0,0,0,0,1,1,0,1,1,0,0,0,0,0,14,0,1,0,0,0,0,2,0,0,1,0,0,0,0,1,2,0,0,0,0,0,0,0,0,0,20,0,0,0,14,21,0,0,0,0,1,1,0,27,15,0,2,0,0,0,0,0,0,0,0,0,0,0,0,0,0,4,0,0,0,0,0,0,0,0,0,0,0,0,0,0,0,3,0,0,0,0,25,0,0,0,0,0,0,2,0,0,0
85,Lake Consuelo (CON1),370,18472.8,18913.8,18704.1,37.605,Smooth spline (default smoothing 0.3),COUN,18834,1,3,8,0,7,0,0,0,0,0,0,0,1,0,0,0,0,0,0,0,0,1,0,0,1,0,0,70,0,7,0,0,0,0,0,0,7,0,0,46,0,0,0,1,0,0,0,0,0,0,0,0,0,1,0,0,2,0,0,0,0,0,1,0,0,0,0,0,0,0,0,0,8,0,1,0,0,0,0,0,0,0,0,0,1,0,0,0,0,0,0,0,0,0,0,0,2,0,29,0,0,0,8,8,0,0,0,0,2,0,0,33,18,0,0,0,0,0,0,0,0,0,0,0,0,0,0,0,0,2,0,0,0,0,2,0,0,0,0,0,0,0,0,0,1,0,0,0,0,0,6,0,0,0,0,0,0,0,0,0,0
85,Lake Consuelo (CON1),380,18876.2,19304.9,19081.3,37.925,Smooth spline (default smoothing 0.3),COUN,18835,0,8,7,0,6,0,0,0,0,0,0,0,0,0,0,1,1,0,1,0,0,0,0,0,2,0,0,65,0,10,0,0,0,0,0,0,12,0,1,52,0,0,0,1,0,0,0,0,0,0,0,0,0,0,0,0,0,0,1,0,0,0,2,1,0,0,1,0,0,0,0,0,5,0,0,0,0,0,1,1,0,0,1,0,0,0,0,0,0,0,0,0,0,0,0,0,4,0,24,0,2,0,15,22,0,0,0,0,1,0,0,27,27,0,0,0,0,0,0,0,1,0,0,0,0,0,0,0,1,1,0,0,0,0,0,0,0,0,1,0,0,0,0,0,0,1,0,0,0,0,11,0,0,0,0,0,0,0,1,0,0
85,Lake Consuelo (CON1),390,19284.7,19697.4,19463,38.509,Smooth spline (default smoothing 0.3),COUN,18836,0,5,4,0,13,0,0,0,0,0,0,0,1,0,0,3,0,0,0,0,0,2,0,0,5,0,0,36,0,0,0,0,0,0,0,1,10,0,0,51,0,0,0,0,0,0,0,9,1,0,0,0,0,6,0,0,1,0,0,0,0,0,0,0,0,0,0,0,0,0,0,0,6,0,0,0,0,0,0,1,0,0,0,0,0,0,0,0,1,0,1,2,0,0,0,0,3,0,25,0,0,0,7,12,0,0,0,0,1,0,0,34,25,0,0,0,1,0,0,0,0,0,0,0,0,0,0,0,0,7,0,0,0,0,0,0,1,0,0,0,0,0,0,0,0,0,0,0,0,0,8,0,0,0,0,1,0,1,2,0,0
85,Lake Consuelo (CON1),400,19695.4,20091.8,19851.7,39.355,Smooth spline (default smoothing 0.3),COUN,18837,1,11,5,0,5,0,0,0,2,0,0,0,0,0,0,7,0,2,0,0,0,0,0,0,2,0,0,61,1,3,0,0,0,0,0,0,8,0,0,64,0,0,0,0,0,0,0,0,0,0,0,0,0,1,0,0,1,0,1,0,0,0,2,1,0,0,0,0,0,0,0,0,7,0,0,1,0,0,0,3,0,0,0,0,0,0,0,0,2,0,0,1,0,0,0,0,2,0,26,0,0,0,6,14,0,0,0,0,0,1,0,17,5,0,0,0,1,0,0,0,0,0,0,0,0,0,0,0,0,2,0,0,0,0,0,0,1,0,0,0,0,0,0,0,0,0,0,0,0,0,7,0,0,0,0,0,0,0,2,0,0
85,Lake Consuelo (CON1),410,20108.3,20492.3,20250,40.464,Smooth spline (default smoothing 0.3),COUN,18838,1,7,12,0,4,0,0,0,0,0,0,0,0,0,0,2,0,0,0,0,0,1,0,0,4,0,0,46,0,4,0,0,0,0,1,0,8,0,0,39,0,0,0,0,0,1,0,4,0,0,0,0,0,5,0,0,4,0,0,0,0,0,0,1,0,0,0,0,0,0,0,0,17,0,5,0,0,0,0,1,0,0,0,0,0,0,0,1,0,0,0,5,0,0,0,0,2,0,18,0,1,0,5,19,0,0,0,0,0,0,0,33,24,0,0,0,0,0,0,0,0,0,0,0,0,0,0,0,0,1,0,0,0,0,0,0,0,0,0,0,0,0,0,0,1,0,0,0,0,0,5,0,0,0,0,2,0,2,2,0,0
85,Lake Consuelo (CON1),420,20509.2,20899.2,20660.6,41.815,Smooth spline (default smoothing 0.3),COUN,18839,0,6,6,0,7,0,0,0,0,0,0,0,0,0,0,2,0,1,0,0,0,0,0,0,1,0,1,61,0,5,0,0,0,1,0,0,7,0,0,40,0,0,0,0,0,3,0,0,0,0,0,0,0,2,0,0,6,0,3,0,0,0,1,0,0,0,0,0,0,0,0,0,1,0,2,1,0,0,0,1,0,0,1,0,0,0,0,0,1,0,0,1,0,0,0,0,2,0,23,0,0,0,11,12,0,0,0,0,2,1,0,32,14,1,0,1,0,0,0,0,1,0,0,1,0,0,0,0,0,3,2,0,0,0,0,0,0,0,0,0,0,0,0,1,0,0,0,0,0,0,3,0,0,0,0,0,0,4,0,0,1
85,Lake Consuelo (CON1),430,20909.4,21309.3,21084.1,42.932,Smooth spline (default smoothing 0.3),COUN,18840,0,6,5,0,6,0,0,0,0,0,0,0,0,0,0,1,0,0,0,0,0,1,0,0,0,0,0,115,0,4,0,0,0,0,0,0,5,0,0,22,0,0,0,0,0,1,0,3,0,0,0,0,0,1,0,0,1,0,1,0,0,0,0,0,0,0,0,0,0,0,0,0,9,0,0,1,0,0,0,0,0,0,0,0,0,0,0,0,1,0,0,1,0,0,0,0,1,0,30,0,0,0,17,4,0,0,0,0,2,0,0,18,17,0,0,1,0,0,0,0,1,0,0,0,0,0,0,0,0,0,0,1,0,0,0,0,0,0,0,0,0,0,0,0,3,0,0,0,0,0,2,0,0,0,0,0,0,2,0,0,0
85,Lake Consuelo (CON1),440,21315.8,21724.5,21516.9,43.62,Smooth spline (default smoothing 0.3),COUN,18841,0,8,11,0,11,0,0,0,2,0,0,0,0,0,0,10,0,2,0,0,0,2,0,0,3,0,0,47,0,6,0,0,1,0,0,0,9,0,0,53,0,0,0,0,0,0,0,0,3,0,0,0,0,4,0,0,2,0,4,0,0,0,1,0,0,0,0,0,0,0,0,0,7,0,0,0,0,0,1,2,0,0,0,0,1,0,0,0,0,0,0,0,0,0,0,0,0,0,16,0,0,0,10,25,0,0,0,0,1,2,0,36,15,0,0,0,0,0,0,0,2,0,0,1,0,0,0,0,0,4,2,0,0,0,0,0,0,0,0,0,0,0,0,0,0,1,0,0,0,0,7,0,0,0,0,0,1,0,1,0,0
85,Lake Consuelo (CON1),450,21724.5,22143.8,21954.6,43.88,Smooth spline (default smoothing 0.3),COUN,18842,0,6,12,0,9,0,0,0,1,0,0,0,0,0,0,3,0,0,0,0,0,0,0,0,1,0,0,46,0,0,0,0,0,0,0,0,4,0,0,40,0,0,0,0,0,0,0,3,0,0,0,0,0,5,0,0,2,0,1,0,0,0,2,0,0,0,0,0,0,0,0,0,15,0,3,0,0,0,0,1,0,0,0,0,0,0,0,0,0,0,0,9,0,0,0,0,0,0,35,0,0,0,6,14,0,0,0,0,3,0,0,26,9,0,0,0,2,0,0,0,0,0,0,0,0,0,0,0,0,3,0,0,0,0,0,0,1,0,0,0,0,0,0,0,1,0,0,0,0,0,6,0,0,0,0,0,0,1,1,0,1
85,Lake Consuelo (CON1),460,22137.4,22567.2,22393,43.711,Smooth spline (default smoothing 0.3),COUN,18843,0,9,5,0,11,0,0,0,1,0,0,0,0,0,0,4,0,4,0,0,0,0,0,0,1,0,0,39,0,2,0,0,1,0,0,0,8,0,0,52,0,1,0,0,0,0,0,0,0,0,3,0,0,2,0,0,6,0,0,0,0,0,0,0,0,0,0,0,0,0,0,0,16,0,1,1,0,0,2,0,0,0,1,0,0,0,0,0,0,0,0,1,0,0,0,0,0,0,10,0,0,0,7,16,0,0,0,0,2,0,0,37,4,0,2,1,0,0,0,0,1,0,0,0,0,0,0,0,0,3,0,0,0,0,0,0,0,0,0,0,0,0,0,0,3,0,0,0,0,0,21,0,0,0,0,0,0,0,3,0,0
85,Lake Consuelo (CON1),470,22556.5,23008.3,22828,43.245,Smooth spline (default smoothing 0.3),COUN,18844,0,8,7,0,23,0,0,0,0,0,0,0,0,0,0,2,0,0,0,0,0,3,0,0,7,0,0,42,0,0,0,0,0,0,0,0,3,0,0,46,0,0,0,0,0,0,0,10,0,0,1,0,0,6,0,0,2,0,1,0,1,0,1,0,0,0,0,0,0,0,0,1,11,0,0,1,0,0,0,0,0,0,0,0,1,0,0,0,0,0,0,2,0,0,1,0,4,0,30,0,0,0,10,10,0,0,0,0,0,0,0,33,10,0,0,0,0,0,0,0,0,0,0,0,0,0,0,0,0,0,0,0,0,0,1,0,1,0,0,0,0,0,0,0,0,0,0,0,0,0,4,0,0,0,0,0,0,2,1,0,0
85,Lake Consuelo (CON1),480,22983.3,23469.7,23259.5,43.126,Smooth spline (default smoothing 0.3),COUN,18845,0,4,7,0,20,0,0,0,0,0,0,0,0,0,0,2,0,4,0,0,0,1,0,0,5,0,0,29,2,4,0,0,0,0,0,0,3,0,0,47,0,0,0,0,0,0,0,0,0,0,1,0,0,3,0,0,5,0,2,0,0,0,0,2,0,0,0,0,0,0,0,0,13,0,1,1,0,0,0,1,0,0,0,0,0,0,0,1,1,0,0,0,0,0,0,0,0,0,13,0,0,0,15,21,0,0,0,0,0,0,0,23,19,0,2,0,0,0,0,0,3,0,0,0,0,0,0,0,0,4,0,0,0,0,0,0,0,0,0,0,0,0,0,0,0,0,0,0,0,0,10,0,0,0,0,0,0,1,1,0,0
85,Lake Consuelo (CON1),490,23417.6,23941.4,23691.8,43.443,Smooth spline (default smoothing 0.3),COUN,18846,0,13,16,0,14,0,0,0,0,0,0,0,0,0,0,6,0,1,0,0,0,2,0,0,6,0,0,24,0,6,0,0,0,0,1,0,2,0,0,42,0,0,0,0,0,0,0,3,0,0,0,0,0,2,0,0,2,0,1,0,1,0,1,0,0,0,0,0,0,0,0,0,10,0,0,1,0,0,0,0,0,0,0,0,0,0,0,1,0,0,0,1,0,0,0,0,0,0,22,0,0,0,13,21,0,0,0,0,2,0,0,41,9,0,0,1,0,0,0,0,0,0,0,0,0,0,0,0,0,1,0,0,0,0,0,0,0,0,0,0,0,0,0,0,0,0,0,0,0,0,9,0,0,0,0,0,0,1,0,0,0
85,Lake Consuelo (CON1),500,23859.4,24415.3,24129.3,44.195,Smooth spline (default smoothing 0.3),COUN,18847,0,7,11,0,12,0,0,0,0,0,0,0,0,0,0,4,0,7,0,0,0,5,0,1,4,0,0,39,0,6,0,0,0,0,0,0,7,0,0,36,0,0,0,0,0,0,0,0,0,0,1,0,0,1,0,0,5,0,0,0,0,0,1,0,1,0,0,0,0,0,0,0,11,0,0,2,0,0,0,1,0,0,1,0,0,0,0,1,1,0,0,2,0,0,0,0,1,0,10,0,3,0,4,12,0,0,0,0,1,0,0,48,10,0,0,0,1,0,0,0,3,0,0,0,0,0,0,0,0,2,0,0,0,0,0,0,0,0,0,0,0,0,0,0,2,0,0,0,0,0,6,0,0,0,0,0,0,2,0,0,0
85,Lake Consuelo (CON1),510,24316.5,24900.6,24576.2,45.382,Smooth spline (default smoothing 0.3),COUN,18848,0,7,8,0,14,0,0,0,1,0,0,0,0,0,0,3,0,0,0,0,0,2,0,0,4,0,0,37,0,2,0,0,0,0,0,0,8,0,0,45,0,0,0,0,0,0,0,5,0,0,0,0,0,2,0,0,3,0,0,0,1,0,0,0,3,0,0,0,0,0,0,0,6,0,0,2,0,0,0,0,0,0,0,0,0,0,0,0,0,1,0,8,0,0,0,0,1,0,34,0,0,0,8,15,0,0,0,0,1,0,0,40,7,0,0,0,1,0,0,0,1,0,0,0,0,0,0,0,0,2,0,0,0,0,0,0,0,0,0,0,0,0,0,0,2,0,0,0,0,0,17,0,0,0,0,0,0,1,1,0,0
85,Lake Consuelo (CON1),520,24790.5,25393.5,25037,47.005,Smooth spline (default smoothing 0.3),COUN,18849,0,5,4,0,9,0,0,0,0,0,0,0,0,0,0,4,0,0,0,0,0,1,0,0,5,0,0,48,0,6,0,0,0,0,0,0,4,0,0,32,0,0,0,0,0,0,0,0,0,0,0,0,0,4,0,0,0,0,0,0,0,0,0,1,0,0,0,0,0,0,0,0,13,0,2,1,0,0,0,0,0,0,0,0,0,0,0,0,1,0,0,0,0,0,0,0,3,0,24,0,1,0,9,15,0,0,0,0,1,0,0,39,11,0,0,0,0,1,0,0,1,0,0,0,1,1,0,0,0,2,0,0,0,0,0,0,0,0,0,0,0,0,0,0,0,1,0,0,0,0,17,0,0,0,0,0,0,3,2,0,0
85,Lake Consuelo (CON1),530,25285.3,25898.5,25515.9,49.063,Smooth spline (default smoothing 0.3),COUN,18850,0,10,10,0,4,0,0,0,0,0,1,0,0,0,0,7,0,0,0,0,0,5,0,0,4,0,0,48,0,1,0,0,0,0,0,0,8,0,0,29,0,0,0,0,0,0,0,1,0,0,0,0,0,2,0,0,4,0,0,0,1,0,0,0,0,0,0,0,0,0,0,0,10,0,0,4,0,0,0,3,0,0,0,0,0,0,0,1,1,0,0,5,0,0,0,0,0,0,25,0,0,0,10,16,1,0,0,0,1,1,0,48,10,0,0,0,0,0,0,0,0,0,0,0,0,0,0,0,0,5,0,0,0,0,0,0,0,0,0,0,0,0,0,0,3,0,0,0,0,0,13,0,0,0,0,0,0,0,0,0,1
85,Lake Consuelo (CON1),540,25803.3,26415.6,26017.4,51.556,Smooth spline (default smoothing 0.3),COUN,18851,1,6,12,0,10,0,0,0,0,0,0,0,0,1,0,3,0,5,0,0,0,1,0,0,4,0,0,54,0,4,0,0,0,0,0,0,5,0,0,30,0,1,0,0,0,1,0,0,3,0,1,0,0,2,0,0,2,0,1,0,0,0,0,0,0,0,1,0,0,0,0,0,7,0,1,0,0,0,0,1,0,0,0,0,0,0,0,0,0,0,0,1,0,0,0,0,0,0,15,0,0,0,11,12,0,0,0,0,0,0,0,40,8,0,0,0,0,0,0,0,0,0,0,0,0,0,0,0,0,8,0,0,0,0,1,0,0,0,0,0,0,0,0,0,2,0,0,0,0,0,10,0,0,0,0,0,0,2,2,0,0
85,Lake Consuelo (CON1),550,26344.9,26941.6,26545.8,54.483,Smooth spline (default smoothing 0.3),COUN,18852,0,11,17,0,3,0,1,0,0,0,0,0,1,0,0,3,0,0,0,0,0,11,0,0,2,0,0,24,0,0,0,0,0,0,0,0,14,0,0,53,0,0,0,0,0,1,0,5,2,0,1,0,0,0,6,0,0,3,1,0,0,0,1,0,0,0,0,0,0,0,0,3,0,6,0,4,0,0,0,0,0,0,0,0,1,1,0,1,0,0,0,0,0,0,2,0,0,0,22,0,0,0,10,17,0,0,0,0,2,0,0,26,5,0,0,0,0,0,0,0,1,0,0,0,1,0,0,0,0,4,0,0,0,0,0,0,0,0,0,0,0,0,0,0,0,0,0,0,0,0,21,0,0,0,0,1,0,0,3,0,0
85,Lake Consuelo (CON1),560,26911.4,27484.7,27104,57.375,Smooth spline (default smoothing 0.3),COUN,18853,0,8,14,0,9,0,0,0,0,0,0,0,0,0,0,8,0,1,0,0,0,1,0,0,1,0,0,35,0,3,0,0,0,0,0,2,8,0,0,40,0,0,0,0,0,0,0,0,0,0,0,0,0,5,0,0,0,0,0,0,0,0,1,0,0,0,0,0,0,0,0,0,8,0,0,1,0,0,0,1,0,0,0,0,2,0,0,0,0,0,0,3,0,0,0,1,0,0,9,0,0,0,8,10,0,0,0,0,0,0,0,50,12,0,0,0,0,0,0,0,2,0,0,0,0,0,0,0,0,6,0,0,0,0,0,0,1,0,0,0,0,0,0,0,0,0,0,0,0,0,12,0,0,0,0,0,0,0,2,0,1
85,Lake Consuelo (CON1),580,28106.7,28610.8,28297.2,61.894,Smooth spline (default smoothing 0.3),COUN,18854,1,14,13,0,3,0,0,0,2,0,0,0,0,0,0,9,0,0,0,0,0,0,0,0,1,0,0,54,0,1,0,0,0,0,0,0,7,0,0,40,0,0,0,0,0,0,0,0,0,0,1,0,0,2,0,0,7,0,1,0,0,0,1,0,0,0,0,0,0,0,0,0,13,0,0,0,0,0,0,0,0,0,0,0,0,0,0,0,0,0,0,2,0,0,0,0,4,0,14,0,0,0,12,18,0,0,0,0,1,0,0,40,17,0,0,0,0,0,0,0,1,0,0,1,0,0,0,0,0,12,0,0,0,0,0,0,0,0,0,0,0,0,0,0,0,0,0,0,0,0,20,0,0,0,0,0,0,3,0,0,0
85,Lake Consuelo (CON1),590,28736.7,29191.2,28923.8,63.52,Smooth spline (default smoothing 0.3),COUN,18855,0,13,20,0,5,0,0,0,0,0,0,0,1,0,0,8,0,0,0,0,0,3,0,0,6,0,0,24,0,2,0,0,0,0,0,0,15,0,0,41,0,0,0,0,0,0,0,0,1,0,0,0,0,0,1,0,0,2,1,0,0,0,0,0,0,0,0,0,0,0,0,2,0,12,1,3,0,0,0,3,0,0,0,0,0,0,0,2,0,0,0,4,0,0,2,0,1,1,19,0,0,0,9,15,0,0,0,0,2,0,0,22,15,0,0,0,0,0,0,0,1,0,0,0,0,0,0,0,0,3,0,0,2,0,0,0,2,0,0,0,0,0,0,0,0,0,0,0,0,0,15,0,0,0,0,0,0,1,2,0,0
85,Lake Consuelo (CON1),600,29379.3,29790.3,29564.8,64.724,Smooth spline (default smoothing 0.3),COUN,18856,0,13,22,0,3,0,0,0,0,0,1,0,0,0,0,5,0,0,0,0,0,0,0,0,3,0,0,56,0,7,0,0,0,0,0,0,4,0,0,40,0,2,0,0,0,0,0,0,0,0,0,0,1,2,0,0,4,0,0,0,1,0,0,1,0,0,0,0,0,0,0,0,9,0,0,1,0,0,0,0,0,0,0,0,0,0,0,1,0,0,0,6,0,0,0,0,0,0,12,0,0,0,6,18,0,0,0,0,2,0,0,30,18,0,0,1,2,0,0,1,0,0,0,3,0,0,0,0,0,1,0,0,0,0,0,0,0,0,0,0,0,0,0,0,0,0,0,0,0,0,8,0,0,0,0,0,0,0,0,0,1
85,Lake Consuelo (CON1),610,30035.4,30401.8,30215.9,65.507,Smooth spline (default smoothing 0.3),COUN,18857,0,10,16,0,7,0,0,0,0,0,0,0,0,0,0,3,0,0,0,0,0,4,0,0,4,0,0,17,0,2,0,0,0,0,0,1,6,0,0,47,0,0,0,0,0,2,0,3,2,0,0,0,0,2,0,0,5,0,0,0,1,0,0,0,1,0,0,0,0,0,0,1,10,0,1,0,0,0,0,0,0,0,0,0,0,0,0,1,0,1,0,4,0,0,0,0,2,0,34,0,0,0,13,12,0,0,0,0,3,0,0,29,9,0,0,0,0,0,0,0,1,0,0,0,0,0,0,0,0,3,0,0,0,0,1,0,0,0,0,0,0,0,0,0,2,0,0,0,0,0,9,0,0,0,0,0,0,1,5,0,1
85,Lake Consuelo (CON1),620,30694.3,31029.3,30873,65.867,Smooth spline (default smoothing 0.3),COUN,18858,0,11,11,0,3,0,0,0,0,0,0,0,0,0,0,9,1,0,0,0,0,1,0,0,4,0,2,48,0,12,0,0,0,0,0,0,13,0,0,42,0,0,0,0,0,0,0,0,0,0,0,0,1,6,0,0,1,0,2,0,0,0,1,0,0,0,0,0,0,0,0,0,10,0,0,2,0,0,0,5,0,0,0,0,0,0,0,0,0,1,0,3,0,0,0,0,0,0,11,0,1,0,11,14,0,0,0,0,3,2,0,36,17,0,0,1,3,0,0,0,0,0,0,2,0,0,0,0,0,8,0,0,0,0,0,1,0,0,0,0,0,0,0,0,0,1,0,0,0,0,17,0,0,0,0,0,0,1,0,0,0
85,Lake Consuelo (CON1),625,31026.3,31347.7,31202.4,65.89,Smooth spline (default smoothing 0.3),COUN,18859,0,7,11,0,14,0,0,0,0,0,0,0,0,0,0,2,0,1,0,0,0,3,0,0,6,0,0,13,0,4,0,0,0,0,0,0,6,0,0,30,0,0,0,1,0,0,0,14,0,0,4,0,0,1,0,0,5,0,0,0,0,0,3,0,0,0,0,0,0,0,0,0,15,0,0,0,0,0,0,0,0,0,0,0,0,0,0,0,1,0,0,6,0,0,0,0,1,0,22,0,2,0,11,10,0,0,0,0,2,1,0,30,16,0,0,0,0,0,0,0,0,0,0,0,0,0,0,0,0,3,0,0,0,0,0,0,0,0,0,0,0,0,0,0,1,0,0,0,0,0,8,0,0,0,0,0,0,2,1,0,0
85,Lake Consuelo (CON1),630,31354.4,31673.3,31531.8,65.846,Smooth spline (default smoothing 0.3),COUN,18860,1,9,17,0,5,0,0,0,0,0,0,0,0,0,0,5,0,0,0,0,0,2,0,0,7,0,0,34,0,1,0,0,0,0,0,0,4,0,0,56,0,0,0,3,0,0,0,2,1,0,0,0,0,2,0,0,1,0,0,0,2,0,0,0,0,0,0,0,0,0,0,0,9,0,0,3,0,0,0,2,0,0,0,0,0,0,0,0,0,0,0,1,0,0,0,0,1,0,58,0,0,0,14,2,0,0,0,0,0,0,0,16,17,0,0,0,0,0,0,0,0,0,0,0,3,0,0,0,0,2,0,0,0,0,0,0,0,0,0,0,0,0,0,0,3,0,0,0,0,1,9,0,0,0,0,0,0,4,2,0,0
85,Lake Consuelo (CON1),635,31683.1,32001.3,31860.8,65.762,Smooth spline (default smoothing 0.3),COUN,18861,0,9,12,0,0,0,1,0,0,0,0,0,0,1,0,0,0,3,0,0,0,2,0,0,0,0,0,34,0,11,0,0,0,0,0,0,9,0,0,27,0,1,0,0,0,0,0,0,0,0,1,0,1,6,0,0,4,0,0,0,0,0,2,0,0,0,0,0,0,0,0,0,4,0,0,0,0,0,0,1,0,0,0,0,0,0,0,1,1,0,0,3,0,0,0,0,2,0,35,0,1,0,9,24,0,0,0,0,3,0,0,32,18,0,0,0,1,0,0,0,0,0,0,0,0,0,0,0,0,6,0,0,0,0,0,0,0,0,0,0,0,0,0,0,3,0,0,0,0,0,15,0,0,0,0,0,0,0,2,0,0
85,Lake Consuelo (CON1),640,32011.7,32333.9,32189.4,65.639,Smooth spline (default smoothing 0.3),COUN,18862,0,20,14,0,2,0,0,0,0,0,0,0,0,0,0,5,0,1,0,0,0,2,0,0,2,0,2,48,0,5,0,0,0,0,0,1,6,0,0,33,0,0,0,0,0,0,0,0,0,0,1,0,2,5,0,0,5,1,0,0,0,0,0,0,0,0,0,0,0,0,0,0,8,0,1,0,0,0,0,1,0,0,0,0,1,0,0,0,1,0,0,2,0,0,0,0,1,1,21,0,0,0,10,17,0,0,0,0,0,0,0,28,14,0,0,0,0,0,0,1,0,0,0,0,0,0,0,0,0,3,0,0,0,0,0,0,0,0,0,0,0,0,0,0,0,0,0,0,0,0,9,0,0,0,0,0,0,0,1,0,0
85,Lake Consuelo (CON1),645,32335.8,32669.8,32517.3,65.476,Smooth spline (default smoothing 0.3),COUN,18863,1,12,9,0,1,0,0,0,0,0,0,0,0,0,0,5,1,0,0,0,0,6,0,0,1,0,0,44,0,6,0,0,0,0,1,0,8,0,0,25,0,0,0,0,0,0,0,0,0,0,0,0,1,2,0,0,4,0,0,0,1,0,4,0,0,0,0,0,0,0,0,0,5,0,2,1,0,0,0,6,0,0,0,0,0,0,0,0,0,0,0,4,0,0,0,0,1,0,27,0,4,0,7,16,0,0,0,0,1,0,0,35,28,0,0,0,0,0,0,0,0,0,0,0,0,0,0,0,0,1,0,1,0,0,0,0,1,0,0,0,0,0,0,0,5,0,0,0,0,0,16,0,0,0,0,0,0,0,2,0,0
85,Lake Consuelo (CON1),650,32657.5,33005.9,32844.3,65.273,Smooth spline (default smoothing 0.3),COUN,18864,0,14,15,0,1,0,0,0,0,0,0,0,0,0,0,1,0,0,0,0,0,0,0,0,3,0,0,71,0,7,0,0,0,0,0,0,16,0,0,33,0,0,0,0,0,2,0,0,0,0,1,0,3,0,0,0,2,0,0,0,2,0,0,2,0,0,0,0,0,0,0,1,6,0,1,3,0,0,0,0,0,0,0,0,0,0,0,0,0,0,0,5,0,0,0,0,1,0,20,0,0,0,7,8,0,0,0,0,7,0,0,26,19,0,0,0,0,0,0,0,0,0,1,2,0,0,0,0,0,2,0,1,0,0,0,0,0,0,0,0,0,0,0,0,2,0,0,0,0,0,6,0,0,0,0,0,0,2,1,0,0
85,Lake Consuelo (CON1),655,32982,33343.6,33170.2,65.031,Smooth spline (default smoothing 0.3),COUN,18865,0,12,11,0,2,0,0,0,0,0,0,0,0,0,0,2,0,0,0,0,0,2,0,0,3,0,0,42,0,3,0,0,0,0,0,0,16,0,0,40,0,0,0,0,0,0,0,1,0,0,0,0,1,5,0,0,2,0,0,0,1,0,0,0,0,0,0,0,0,0,0,0,6,0,0,3,0,0,0,2,0,0,0,0,0,0,0,1,0,0,1,3,0,0,0,0,0,0,43,0,2,0,7,10,0,0,0,0,2,0,0,19,24,0,0,0,0,0,0,0,0,0,0,0,0,0,0,0,0,5,0,0,0,0,0,0,1,0,0,0,0,0,0,0,4,0,0,0,0,0,8,0,0,0,0,0,0,1,0,0,0
85,Lake Consuelo (CON1),660,33297.9,33677.9,33494.8,64.749,Smooth spline (default smoothing 0.3),COUN,18866,0,13,7,0,2,0,0,0,0,0,0,0,1,0,0,3,0,0,0,0,0,0,0,0,1,0,0,59,0,11,0,0,0,0,0,0,4,0,0,34,0,0,0,0,0,0,0,0,0,0,0,0,1,1,0,0,5,0,0,0,0,0,0,0,0,0,0,1,0,0,0,0,6,0,0,1,0,0,2,2,0,0,0,0,0,0,0,1,1,0,0,3,0,0,0,0,0,0,14,0,1,0,5,15,0,0,0,0,3,0,0,29,26,0,0,0,0,0,0,0,0,0,0,1,0,0,0,0,0,11,0,0,0,2,0,0,0,0,0,0,0,0,0,0,0,0,0,0,0,0,15,0,0,0,0,0,0,0,3,0,0
85,Lake Consuelo (CON1),665,33612.7,34012.3,33817.9,64.427,Smooth spline (default smoothing 0.3),COUN,18867,1,16,11,0,1,0,0,0,0,0,0,0,0,0,0,2,0,0,0,0,0,0,0,0,1,0,0,47,0,2,0,0,0,0,0,0,9,0,0,33,0,0,0,1,0,2,0,1,0,0,2,0,0,8,0,0,2,0,0,0,1,0,0,1,1,0,0,0,0,0,0,0,5,0,1,2,0,0,0,2,0,0,0,0,0,0,0,1,0,0,0,2,0,0,1,0,2,0,57,0,4,0,10,14,0,0,0,0,7,0,0,25,10,0,0,1,0,0,0,0,0,0,0,0,0,0,0,0,0,0,0,0,0,0,0,0,0,0,0,0,0,0,0,0,0,0,0,0,0,0,16,0,0,0,0,0,0,2,0,0,0
85,Lake Consuelo (CON1),670,33924.7,34344,34139.3,64.066,Smooth spline (default smoothing 0.3),COUN,18868,0,13,13,0,0,0,0,0,0,0,0,0,0,0,0,3,0,0,0,0,0,1,0,0,0,0,0,62,0,6,0,0,0,0,0,1,27,0,0,27,0,0,0,0,0,0,0,0,0,0,1,0,0,1,0,0,5,0,0,0,0,0,1,1,0,0,0,0,0,0,0,0,4,0,1,1,0,0,0,0,0,0,0,0,0,0,0,0,0,0,0,3,0,0,0,0,0,0,42,0,0,1,2,25,0,0,0,0,1,0,0,19,12,0,0,0,0,0,0,0,0,0,0,1,0,0,0,0,0,0,0,2,0,0,0,0,2,0,0,0,0,0,0,0,0,0,0,0,0,0,9,0,0,0,0,0,0,2,2,0,0
85,Lake Consuelo (CON1),675,34238.4,34674,34458.9,63.665,Smooth spline (default smoothing 0.3),COUN,18869,0,11,13,0,1,0,0,0,0,0,0,0,0,0,0,0,0,0,0,0,0,5,0,0,1,0,0,64,0,3,0,0,0,0,0,0,7,0,0,37,0,0,0,1,0,2,0,1,0,0,0,0,0,6,0,0,3,0,0,0,0,0,0,0,0,0,0,0,0,0,0,0,6,0,0,1,0,0,0,2,0,0,0,0,0,0,0,1,1,0,0,2,0,0,0,0,1,0,47,0,0,0,6,8,0,0,0,0,3,0,0,19,28,0,0,0,3,0,0,0,1,0,0,0,0,0,0,0,0,3,0,0,0,0,0,0,0,0,0,0,0,0,0,0,0,0,0,0,0,0,11,0,0,0,0,0,0,0,0,0,0
85,Lake Consuelo (CON1),680,34549.6,35002,34776.3,63.225,Smooth spline (default smoothing 0.3),COUN,18870,0,10,16,0,3,0,0,0,1,0,0,0,0,1,0,6,0,0,0,0,0,1,0,0,2,0,0,62,0,6,0,0,0,0,0,0,2,0,0,33,0,0,0,0,0,0,0,0,0,0,2,0,4,3,0,0,3,0,1,0,0,0,0,0,0,0,0,0,0,0,0,0,10,0,0,0,0,0,0,1,0,0,1,0,0,0,0,1,0,0,0,4,0,0,0,0,3,0,13,0,1,0,11,26,0,0,0,0,0,0,0,37,30,0,1,1,1,0,0,0,1,0,0,0,0,0,0,0,0,4,0,0,0,0,0,0,0,0,0,0,0,0,0,0,1,1,0,0,0,0,4,0,1,0,0,0,0,2,1,0,1
85,Lake Consuelo (CON1),685,34856.2,35327,35091.5,62.745,Smooth spline (default smoothing 0.3),COUN,18871,0,13,9,0,1,0,0,0,0,0,0,0,0,0,0,1,0,0,0,0,0,4,0,0,1,1,0,60,0,8,0,0,0,0,0,0,10,0,0,35,0,0,0,0,0,1,0,0,0,0,0,0,0,7,0,0,1,0,0,0,0,0,0,0,0,0,0,0,0,0,0,0,7,0,0,2,0,0,0,1,0,0,0,0,0,0,0,1,2,0,0,2,0,0,0,0,1,0,55,0,0,0,5,10,0,0,0,0,1,0,0,30,10,0,0,0,1,0,0,0,0,0,0,0,0,0,0,0,0,0,0,0,0,0,0,0,1,0,0,0,0,0,0,0,0,0,0,0,0,0,11,0,0,0,0,0,0,0,0,0,0
85,Lake Consuelo (CON1),690,35160.5,35648.1,35404.2,62.249,Smooth spline (default smoothing 0.3),COUN,18872,0,18,5,0,2,0,0,0,0,0,0,0,0,0,0,0,0,0,0,0,0,2,0,0,1,0,0,48,0,5,0,0,0,0,0,0,9,0,0,28,0,0,0,1,0,0,0,2,0,0,1,0,0,0,0,0,3,0,5,0,0,0,4,0,0,0,0,0,0,0,0,0,12,0,0,2,0,0,0,3,0,0,0,0,0,0,0,0,0,0,0,3,0,0,0,0,0,0,36,0,0,0,8,9,0,0,0,0,4,0,0,38,14,0,0,0,1,0,0,0,0,0,0,0,0,0,0,0,0,8,0,0,0,0,0,0,0,0,0,0,0,0,0,0,0,0,0,0,0,1,8,0,0,0,0,0,0,1,0,0,0
85,Lake Consuelo (CON1),695,35464.7,35967.3,35714.6,61.832,Smooth spline (default smoothing 0.3),COUN,18873,0,10,22,0,2,0,0,0,0,0,0,0,0,0,0,3,0,0,0,0,1,2,0,0,2,0,0,38,0,3,0,0,0,0,0,0,6,0,0,46,0,0,0,0,0,0,0,0,0,0,0,0,0,1,0,0,1,0,0,0,1,0,0,0,0,0,0,0,0,0,0,0,11,0,3,1,0,0,0,1,0,0,0,0,0,0,0,0,2,0,0,3,0,0,0,0,1,0,29,0,1,0,7,13,0,0,0,0,0,0,0,36,15,1,0,0,0,0,0,1,0,0,0,0,0,0,0,0,0,5,0,0,0,0,0,0,0,0,0,0,0,1,0,0,2,0,0,0,0,0,8,0,0,0,0,0,0,2,1,0,0
85,Lake Consuelo (CON1),700,35765.9,36284.2,36023,61.432,Smooth spline (default smoothing 0.3),COUN,18874,0,6,16,0,7,0,0,0,1,0,0,0,0,0,0,6,0,0,0,0,0,1,0,0,5,0,1,58,0,7,0,0,0,0,0,0,7,0,0,41,0,0,0,0,0,0,0,0,0,0,2,0,0,8,0,0,2,0,0,0,0,0,0,0,0,0,0,0,0,0,0,0,8,0,0,1,0,0,3,2,0,0,0,0,0,0,0,0,0,0,0,2,0,0,0,0,0,0,17,0,1,0,7,16,0,0,0,0,0,0,0,29,13,0,1,0,0,0,0,1,0,0,0,0,0,0,0,2,0,3,0,0,0,0,0,0,0,0,0,0,0,0,0,0,0,1,0,0,0,0,6,0,0,0,1,0,0,1,0,0,0
85,Lake Consuelo (CON1),705,36063.8,36597.3,36329.3,61.013,Smooth spline (default smoothing 0.3),COUN,18875,1,11,9,0,3,0,0,0,0,0,0,0,0,0,0,1,0,0,0,0,0,0,0,0,1,0,0,53,0,5,0,0,0,0,0,0,4,0,0,34,0,0,0,2,0,1,0,0,0,0,0,0,0,0,0,0,0,0,0,0,2,0,0,0,0,0,0,0,0,0,0,0,3,0,2,0,0,0,0,1,0,0,0,0,0,0,0,0,1,0,0,1,0,0,0,0,0,0,34,0,0,0,5,3,0,0,0,0,0,0,16,46,18,0,0,0,0,0,0,0,2,0,0,0,1,0,0,0,0,0,0,0,0,0,0,0,0,0,0,0,0,0,0,0,0,0,0,0,0,1,5,0,0,0,0,0,0,0,0,0,0
85,Lake Consuelo (CON1),710,36359.2,36908.5,36633.5,60.575,Smooth spline (default smoothing 0.3),COUN,18876,0,9,5,0,1,0,0,0,0,0,0,0,0,0,0,1,0,0,0,0,0,0,0,0,2,0,0,83,0,4,0,0,0,0,0,0,1,0,0,30,0,0,0,0,0,0,0,0,0,0,2,0,1,0,0,0,1,0,0,0,0,0,2,0,0,0,0,0,0,0,0,0,5,0,0,0,0,0,0,0,0,0,0,0,0,0,0,1,0,0,0,0,0,0,0,0,1,0,23,0,0,0,2,8,0,0,0,0,0,0,23,44,14,0,0,0,0,0,0,0,0,0,0,0,0,0,0,0,0,0,0,2,0,0,0,0,0,0,0,0,0,0,0,0,2,0,0,0,0,1,0,0,0,0,0,0,0,5,0,0,1
85,Lake Consuelo (CON1),715,36651,37216.3,36935.5,60.119,Smooth spline (default smoothing 0.3),COUN,18877,1,20,9,0,1,0,0,0,0,0,0,0,0,0,0,1,0,0,0,0,0,3,0,0,1,1,0,38,0,5,0,0,0,0,0,0,2,0,0,28,0,0,0,0,0,0,0,0,0,0,0,0,0,0,0,0,0,0,0,0,0,0,1,0,0,0,0,0,0,0,0,0,2,0,1,1,0,0,0,1,0,0,0,0,0,0,0,0,2,0,0,1,0,0,0,0,3,0,44,0,0,0,8,6,0,0,0,0,0,0,7,44,25,0,0,0,1,0,0,0,1,0,0,0,0,0,0,0,0,5,0,0,0,0,0,0,0,0,0,0,0,0,0,0,2,0,0,0,0,0,5,0,0,0,0,0,0,0,1,0,0
85,Lake Consuelo (CON1),720,36939.2,37517.9,37235.1,59.644,Smooth spline (default smoothing 0.3),COUN,18878,1,1,38,0,39,0,0,0,0,0,0,0,0,0,0,0,0,4,0,0,0,0,0,0,0,0,0,2,0,2,0,0,0,0,0,0,0,0,0,31,0,1,0,0,0,0,0,0,11,0,0,0,0,1,0,0,13,0,1,0,1,0,0,0,0,0,0,0,0,0,0,0,2,0,0,8,0,0,0,0,0,0,0,0,0,0,0,0,0,0,0,0,0,0,0,0,0,0,6,0,0,0,9,12,0,0,1,0,0,1,1,38,3,0,0,1,0,0,0,0,1,0,0,0,0,0,0,0,0,8,0,0,0,2,0,0,6,0,0,0,0,0,0,0,0,0,0,0,0,0,3,0,0,0,0,0,0,4,2,0,0
85,Lake Consuelo (CON1),725,37224.2,37819.3,37532.4,59.151,Smooth spline (default smoothing 0.3),COUN,18879,0,5,5,0,11,0,0,0,0,0,0,0,0,0,0,4,0,0,0,0,0,2,0,0,2,10,0,29,0,6,0,0,0,0,0,0,6,0,0,63,0,0,0,0,0,1,0,0,0,0,0,0,0,3,0,0,0,0,0,0,0,0,2,0,0,0,0,0,0,0,0,0,7,0,0,2,0,0,1,1,0,0,0,0,1,0,0,0,1,0,0,4,0,1,0,0,2,0,8,0,0,0,11,21,0,0,0,0,0,0,2,38,13,0,0,0,0,0,0,0,1,0,0,0,0,0,0,0,0,5,0,0,0,0,0,0,1,0,0,0,0,0,0,0,0,0,0,0,0,0,9,0,0,0,0,0,0,2,0,0,0
85,Lake Consuelo (CON1),730,37508.8,38119.9,37827.1,58.639,Smooth spline (default smoothing 0.3),COUN,18880,1,2,12,0,8,0,0,0,0,0,0,0,3,1,0,1,0,1,0,0,0,2,0,0,1,0,0,47,0,3,0,0,0,0,0,0,3,0,0,57,0,0,0,0,0,0,0,13,0,0,0,0,1,1,0,0,1,0,1,0,0,0,0,0,0,0,0,0,0,0,0,0,5,0,0,2,0,0,0,0,0,0,0,0,0,0,0,0,1,0,0,3,0,0,1,0,0,0,25,0,0,0,8,9,0,0,0,0,1,0,0,32,11,0,0,0,1,0,0,0,0,0,0,0,0,0,0,0,1,5,0,0,0,0,0,0,0,0,0,0,0,0,0,0,0,0,0,0,0,0,11,0,0,0,0,0,0,1,2,0,0
85,Lake Consuelo (CON1),735,37788.5,38416.8,38119.3,58.108,Smooth spline (default smoothing 0.3),COUN,18881,0,10,12,0,9,0,0,0,0,0,0,0,0,0,0,2,0,0,0,0,0,2,0,0,0,2,0,37,0,7,0,0,0,0,0,0,4,0,0,43,0,0,0,0,0,0,0,0,0,0,0,0,0,4,0,0,2,0,0,0,1,0,2,0,0,0,0,0,0,0,0,0,6,0,1,1,0,0,0,0,0,0,0,0,0,0,0,0,0,0,0,2,0,0,1,0,6,0,30,0,0,0,5,17,0,0,0,0,1,0,2,22,12,0,0,0,1,0,0,1,0,0,0,0,0,0,0,0,0,6,0,0,0,0,0,0,1,0,0,0,0,0,0,0,6,0,0,0,0,0,19,0,0,0,0,0,0,0,0,0,0
85,Lake Consuelo (CON1),740,38065.6,38709.1,38408.7,57.559,Smooth spline (default smoothing 0.3),COUN,18882,0,0,42,0,12,0,0,0,0,0,0,0,0,0,0,0,0,0,0,0,0,1,0,0,0,0,0,6,0,1,0,0,0,0,0,0,4,0,0,8,0,0,0,0,0,0,0,0,1,0,0,0,0,0,0,0,29,0,0,0,1,0,4,0,0,0,0,0,0,0,0,0,4,0,0,5,0,0,0,0,0,0,0,0,0,0,0,1,0,0,0,1,0,0,0,0,0,1,5,0,2,0,1,2,0,0,0,0,9,4,0,72,4,1,0,0,1,0,0,0,0,0,0,3,0,0,0,0,0,2,0,0,0,0,0,0,0,0,0,0,0,0,0,0,0,0,0,0,0,0,1,0,0,0,0,0,0,1,0,0,0
85,Lake Consuelo (CON1),745,38343.8,39003.3,38695.4,56.991,Smooth spline (default smoothing 0.3),COUN,18883,0,11,7,0,6,0,0,0,0,0,0,0,0,0,0,0,0,0,0,0,0,3,0,0,0,1,0,32,0,8,0,0,0,0,0,0,10,0,0,40,0,0,0,0,0,1,0,0,0,0,0,0,0,3,0,0,9,0,0,0,0,0,1,0,0,0,0,0,0,0,0,0,6,0,0,3,0,0,0,1,0,0,0,0,0,0,0,0,1,0,0,4,0,0,0,0,2,0,41,0,0,0,11,17,0,0,0,0,1,0,0,32,15,0,0,0,0,0,0,0,0,0,0,0,0,0,0,0,0,3,0,0,0,0,0,0,0,0,0,0,0,1,0,0,0,0,0,0,0,0,17,0,0,0,0,0,0,1,0,0,0
85,Lake Consuelo (CON1),750,38618.8,39292.8,38979.2,56.404,Smooth spline (default smoothing 0.3),COUN,18884,0,11,6,0,2,0,0,0,0,0,0,0,5,0,0,0,0,0,0,0,0,5,0,0,0,0,0,55,0,7,0,0,0,0,0,0,4,0,0,43,0,1,0,0,0,0,0,2,0,0,0,0,0,3,0,0,0,0,1,0,0,0,1,0,0,0,0,0,0,0,0,0,5,0,0,4,0,0,0,0,0,0,0,1,0,0,1,1,0,0,0,4,0,0,0,0,0,0,32,0,0,0,10,8,0,0,0,0,1,0,12,38,12,0,0,1,0,0,0,0,0,0,0,1,0,0,0,0,0,1,0,0,0,0,0,0,0,0,0,0,0,0,0,0,0,0,0,0,0,0,6,0,0,0,0,0,0,0,1,0,0
85,Lake Consuelo (CON1),755,38887.9,39579.3,39260,55.799,Smooth spline (default smoothing 0.3),COUN,18885,0,14,11,0,4,0,0,0,0,0,0,0,0,1,0,2,0,0,0,0,0,4,0,0,6,0,0,51,0,4,0,0,0,0,0,0,11,0,0,30,0,0,0,0,0,1,0,0,0,0,3,0,0,1,0,0,2,0,0,0,1,0,0,0,0,0,0,0,0,0,0,0,5,0,1,1,0,0,0,1,0,0,0,0,0,0,0,0,0,0,0,2,0,0,0,0,3,0,42,0,3,0,3,15,0,0,0,0,5,0,0,22,16,0,0,0,1,0,0,0,1,0,0,0,0,0,0,0,0,3,0,0,0,0,0,0,0,0,0,0,0,0,0,0,0,0,0,0,0,0,15,0,0,0,0,0,0,0,3,0,0
85,Lake Consuelo (CON1),760,39152.9,39866.1,39537.7,55.175,Smooth spline (default smoothing 0.3),COUN,18886,0,7,20,0,29,0,0,0,0,0,0,0,0,1,0,2,0,11,0,0,0,0,0,0,1,0,0,20,0,3,0,0,0,0,0,0,12,0,0,32,0,0,0,0,0,0,0,0,1,0,1,0,0,6,0,0,4,0,2,0,1,0,2,1,0,0,0,0,0,0,0,0,5,0,0,5,0,0,0,0,1,0,0,0,0,0,0,0,0,0,0,4,0,0,0,0,0,0,21,0,0,0,8,8,0,0,0,0,2,0,0,32,9,0,0,0,0,0,0,1,0,0,0,0,0,0,0,0,0,7,0,0,0,0,0,0,5,0,0,0,0,0,0,0,0,2,0,0,0,0,2,0,0,0,0,0,0,2,1,0,0
85,Lake Consuelo (CON1),770,39681.6,40433.3,40084,53.973,Smooth spline (default smoothing 0.3),COUN,18887,0,11,4,0,3,0,0,0,1,0,0,0,0,0,0,0,0,0,0,0,0,0,0,0,1,0,0,42,0,9,0,0,0,0,0,0,4,0,0,52,0,0,0,0,0,0,0,7,0,0,0,0,0,2,0,0,4,0,4,0,0,0,0,0,1,0,0,0,0,0,0,0,3,0,0,1,0,0,0,0,0,0,0,0,1,0,0,0,1,0,0,4,0,0,0,0,2,0,40,0,0,0,4,16,0,0,0,0,1,0,0,29,13,0,0,0,0,0,0,0,0,0,0,1,0,0,0,0,0,5,0,0,0,0,0,0,1,0,0,0,0,0,0,0,0,0,0,0,0,0,11,0,0,0,0,0,0,0,0,0,2
85,Lake Consuelo (CON1),780,40196.4,40999.2,40618.7,52.881,Smooth spline (default smoothing 0.3),COUN,18888,0,9,3,0,5,0,0,0,0,0,0,0,0,0,0,2,0,21,0,0,0,0,1,0,0,0,1,31,0,9,0,0,1,0,0,0,2,0,0,35,0,0,0,0,0,0,0,0,0,0,3,0,0,6,0,0,2,0,1,0,0,0,1,0,0,0,0,0,0,0,0,0,4,0,0,4,0,0,0,1,0,0,0,0,0,0,0,0,0,0,0,1,0,0,0,0,2,0,20,0,2,0,8,15,0,0,0,0,2,0,8,27,10,1,0,1,0,0,0,1,0,0,0,0,0,0,0,0,0,1,0,0,0,0,0,0,0,0,0,0,0,0,0,0,0,0,0,0,0,0,1,0,0,0,0,0,0,1,1,0,1
85,Lake Consuelo (CON1),790,40704.1,41561.3,41143,51.898,Smooth spline (default smoothing 0.3),COUN,18889,0,13,2,0,3,0,0,0,0,0,0,0,2,0,0,1,0,3,0,0,0,0,0,0,1,0,0,115,0,6,0,0,0,0,0,0,2,0,0,36,0,1,0,0,0,0,0,8,0,0,1,0,0,2,0,0,0,0,1,0,0,0,0,0,1,0,0,0,0,0,0,0,4,0,0,0,0,0,0,0,0,0,0,0,0,0,0,0,0,0,0,2,0,0,0,0,2,0,26,1,0,0,7,10,0,0,0,0,1,2,4,27,12,0,0,0,0,0,0,0,0,0,0,1,0,0,0,0,0,1,0,1,0,0,0,0,0,0,0,0,0,0,0,0,0,0,0,0,0,0,7,0,0,0,0,0,0,0,0,0,0
85,Lake Consuelo (CON1),800,41200,42120.5,41658,51.026,Smooth spline (default smoothing 0.3),COUN,18890,1,10,7,0,6,0,0,0,0,0,0,0,1,0,0,0,0,7,0,0,0,0,0,0,1,0,1,47,0,10,0,0,0,0,0,0,1,0,0,21,0,1,0,0,0,1,0,0,0,0,0,0,0,3,0,0,5,0,0,0,0,0,0,2,0,0,0,0,0,0,0,0,9,0,0,1,0,0,0,0,0,0,1,0,0,0,0,0,0,0,0,1,0,0,0,0,1,0,9,0,0,0,10,6,0,0,0,0,0,0,10,24,15,0,0,0,0,0,0,0,0,0,0,1,0,0,0,0,0,0,0,0,0,0,0,0,0,0,0,0,0,0,0,0,0,1,0,0,0,0,6,0,0,0,0,0,0,0,1,0,3
85,Lake Consuelo (CON1),810,41689,42684,42164.7,50.264,Smooth spline (default smoothing 0.3),COUN,18891,0,10,7,0,2,1,0,0,0,0,0,0,1,0,0,4,1,3,0,0,0,3,0,0,6,0,0,53,0,4,0,0,0,0,0,0,11,0,0,38,0,0,0,1,0,1,0,0,0,0,1,0,3,2,0,0,4,0,1,0,0,0,0,0,2,0,0,0,0,0,0,0,2,0,1,0,1,0,0,1,0,0,2,0,0,0,0,0,0,0,0,2,0,0,0,0,0,0,37,0,0,0,3,18,0,0,0,0,2,1,0,45,17,0,0,0,2,0,0,0,0,0,0,0,0,0,0,0,0,3,0,1,0,0,0,0,1,0,0,0,1,0,0,0,0,0,0,0,0,0,11,0,0,0,0,0,0,2,0,0,0
85,Lake Consuelo (CON1),820,42172.8,43243.2,42664.3,49.611,Smooth spline (default smoothing 0.3),COUN,18892,0,15,20,0,2,0,0,0,2,0,0,0,0,0,0,0,0,3,0,0,0,0,0,0,1,0,0,28,0,7,0,0,0,0,0,0,2,0,0,30,0,1,0,0,0,0,0,0,0,0,1,0,0,2,0,0,1,0,2,0,0,0,3,1,0,0,0,0,0,0,0,0,9,0,0,3,0,0,0,3,0,0,1,0,1,0,0,0,0,0,0,6,0,0,0,0,0,0,13,0,0,0,8,8,0,0,0,0,1,0,3,44,42,0,5,0,0,0,0,0,0,0,0,1,0,0,0,0,0,2,0,2,0,0,0,0,0,0,0,0,0,0,0,0,1,1,0,0,0,0,12,0,0,0,0,0,0,0,0,0,0
85,Lake Consuelo (CON1),830,42644.8,43806,43157.9,49.069,Smooth spline (default smoothing 0.3),COUN,18893,0,4,7,0,3,0,0,0,0,0,0,0,0,0,0,0,0,1,0,0,0,1,0,0,2,0,0,33,0,2,0,0,0,0,0,0,22,0,0,49,0,0,0,1,0,0,0,0,0,0,1,0,0,4,0,0,2,0,1,0,0,0,1,0,0,0,0,0,0,0,0,0,8,0,0,1,0,0,2,3,0,0,0,0,0,0,0,0,0,0,0,0,0,0,1,0,1,0,25,0,0,0,6,13,0,0,0,0,1,0,0,42,13,0,0,0,0,0,0,0,0,0,0,0,1,0,0,0,0,6,0,3,0,0,0,0,2,0,0,0,0,0,0,0,0,0,0,0,0,0,4,0,0,0,0,0,0,3,0,0,0
85,Lake Consuelo (CON1),840,43108.2,44366.2,43646.6,48.637,Smooth spline (default smoothing 0.3),COUN,18894,0,4,2,0,2,0,0,0,0,0,0,0,0,0,0,0,0,0,0,0,0,0,0,0,2,0,0,66,0,11,0,0,0,0,0,0,1,0,0,11,0,0,0,2,0,0,0,0,0,0,1,0,3,0,0,0,0,0,0,0,0,0,0,0,0,0,0,0,0,0,0,0,5,0,0,1,0,0,0,1,0,0,0,0,0,0,0,1,0,0,0,0,0,0,0,0,0,0,2,0,0,0,3,5,0,0,0,0,0,0,85,28,15,0,0,0,0,0,0,0,2,0,0,0,0,0,0,0,0,1,0,0,0,1,0,0,0,0,1,0,0,0,0,0,2,0,0,0,0,0,0,0,0,0,0,0,0,0,0,0,2
85,Lake Consuelo (CON1),850,43567.4,44919.3,44131.4,48.315,Smooth spline (default smoothing 0.3),COUN,18895,0,10,13,0,2,0,0,0,0,0,1,0,4,0,0,2,0,10,0,0,0,0,0,0,4,0,0,55,0,4,0,0,0,0,0,0,10,0,0,48,0,0,0,2,0,1,0,0,0,0,0,0,0,4,0,0,7,0,1,0,0,0,0,0,0,0,0,0,0,0,0,0,8,0,0,3,0,0,1,0,0,0,0,0,0,0,0,0,0,0,0,3,0,0,0,0,4,0,56,0,0,0,2,9,0,0,0,0,4,2,0,36,14,0,0,0,0,0,0,0,0,0,0,0,0,0,0,0,2,4,0,0,0,0,0,0,0,0,0,0,0,0,0,0,1,0,0,0,0,0,9,0,0,0,0,0,0,0,0,0,0
85,Lake Consuelo (CON1),860,44021.9,45475.7,44613.5,48.102,Smooth spline (default smoothing 0.3),COUN,18896,0,7,12,0,3,0,0,0,0,0,0,0,0,0,0,4,0,7,0,0,0,1,0,0,2,0,0,45,0,4,0,0,0,0,0,0,0,0,0,43,0,0,0,0,0,0,0,0,0,0,0,0,3,4,0,0,2,0,1,0,0,0,1,0,0,2,0,0,0,0,0,0,7,0,0,2,0,0,0,1,0,0,0,0,0,0,0,1,0,0,0,0,0,0,0,0,1,0,15,0,0,0,11,13,0,0,0,0,1,0,1,43,13,0,0,1,1,0,0,3,0,0,0,0,0,0,0,0,0,8,0,0,0,0,0,0,0,0,0,0,0,0,0,0,0,0,0,0,0,0,8,0,0,0,0,0,0,0,0,0,1
85,Lake Consuelo (CON1),870,44470.8,46036.7,45094,48,Smooth spline (default smoothing 0.3),COUN,18897,0,10,7,0,1,0,0,0,0,0,3,0,0,0,0,4,0,6,0,0,0,1,0,0,3,0,0,34,0,4,0,0,0,0,1,1,0,0,0,45,0,0,0,0,0,0,0,0,0,0,0,0,0,8,0,0,8,0,3,0,0,0,1,0,0,0,0,0,0,0,0,0,8,0,0,0,0,0,0,1,0,0,0,0,0,0,0,2,0,0,0,1,0,0,0,0,0,0,22,1,0,0,12,19,0,0,0,0,1,0,0,39,10,0,0,0,1,0,0,0,0,0,0,0,0,0,0,0,0,4,0,0,0,0,0,0,0,0,0,0,0,0,0,0,0,0,0,0,0,0,10,0,0,0,1,0,0,1,3,0,0
85,Lake Consuelo (CON1),879,44870.7,46546.2,45525.9,-1999,Smooth spline (default smoothing 0.3),COUN,18898,0,9,17,0,7,0,0,0,0,0,0,0,0,1,0,5,0,5,0,0,0,1,0,0,1,0,0,43,0,7,0,0,0,0,0,0,2,0,0,33,0,0,0,0,0,0,0,0,0,0,2,0,1,4,0,0,1,0,0,0,0,0,0,0,0,0,0,0,0,0,0,0,8,0,0,1,1,0,0,0,0,0,1,0,0,0,0,0,0,0,0,1,0,0,0,0,2,0,15,0,1,0,16,10,0,0,0,0,0,0,0,38,27,0,1,0,0,0,0,0,1,0,0,1,0,0,0,0,0,3,0,0,0,0,0,0,0,0,0,0,0,0,0,0,0,0,0,0,0,0,3,0,0,0,0,0,0,0,0,0,0
