site_id,site_name,Sample depth,CLAM_min95,CLAM_max95,CLAM_best,CLAM_acc_rate,CLAM_age_model_type,count_type,sample_id,Acaena/Polylepis,Acalypha,Alchornea,Alibertia,Alnus,Amanoa,Anacardiaceae,Aniseia,Annonaceae,Apeiba,Apocynaceae,Ardisia,Arecaceae,Aspidosperma type,Astronium,Begonia,Bignoniaceae,Bocconia,Bombacaceae,Burseraceae,Byttneria,Caesalpiniaceae,Calandrinia,Calceolaria,Carapa,Caryophyllaceae,Casearia,Cecropia,Cedrela,Celtis,Cestrum,cf Heliotropium/Lafoenisia,Chamaesyce,Chrysobalanaceae,Cissus,Citrus,Clethra,Clusiaceae,Cochlospermum,Combretaceae/Melastomataceae,Connaraceae,Cordia,Costus,Croton,Cucurbitaceae,Cupania,Dalechampia,Daphnopsis,Dendropanax,Desmodium,Dictyocaryum,Didymopanax,Diploon,Doliocarpus,Duroia,Elaeocarpaceae,Ericaceae,Erythroxylum,Eschweilera,Eugenia,Euphorbiaceae,Euterpe,Fabaceae,Ficus,Flacourtiaceae,Forsteronia type,Gaiadendron,Genipa,Gentianaceae,Geonoma,Gomphrena,Gordonia,Hedyosmum,Heliocarpus,Hyeronima,Ilex,Inga,Iresine,Iriartea,Juglans,Justicia,Lecythidaceae,Lepidocaryum type,Loganiaceae,Loranthaceae,Ludwigia,Luehea,Mabea,Machaerium,Malpighiaceae,Malvaceae,Marcgraviaceae type,Margaritaria,Mauritia,Meliaceae,Menispermaceae,Mimosa,Monnina,Moraceae/Urticaceae,Muntingia,Myrica,Myristicaceae,Myrsine,Myrtaceae,Ochnaceae,Oenocarpus,Onagraceae,Parahancornia,Paullinia,Phyllanthus,Phytelephas type,Poaceae,Podocarpus,Polygalaceae,Proteaceae,Protium,Puya,Ranunculus,Rhamnaceae,Rosaceae,Rubiaceae,Salix type,Sapindaceae,Sapium,Sapotaceae,Scrophulariaceae,Sebastiania,Serjania,Sloanea,Solanaceae,Spermacoce,Spondias,Sterculiaceae,Struthanthus,Symmeria,Symphonia,Symplocos,Tabebuia,Tapirira,Tetrapterys,Thalictrum,Tiliaceae,Tournefortia,Tovomita,Trema,Trichilia type,Triumfetta,Uncaria,Unknown,Valerianaceae,Vallea,Vantanea,Verbenaceae,Virola,Vismia,Vochysia,Waltheria,Warszewiczia,Weinmannia,Ximenia type,Zanthoxylum
100,Lake Consuelo (CON2),10,-9999,-9999,-9999,-9999,-9999,COUN,18772,0,26,14,0,0,0,1,0,0,0,0,0,0,0,0,1,0,0,0,0,0,0,0,0,0,0,0,168,0,17,0,0,0,0,0,0,1,0,0,42,0,0,0,0,0,0,0,1,0,0,4,0,0,0,0,0,0,0,0,0,0,0,1,8,0,0,0,0,0,0,0,0,8,0,0,1,0,0,25,1,0,0,0,0,0,0,0,1,0,0,0,0,0,0,0,0,0,0,203,0,0,0,8,0,0,0,0,0,0,0,0,2,2,0,2,0,0,0,0,0,0,0,0,0,0,0,0,0,0,1,0,0,0,0,0,0,0,0,0,0,0,1,0,0,37,0,0,0,2,0,0,0,0,0,0,0,0,3,0,0,0
100,Lake Consuelo (CON2),15,-9999,-9999,-9999,-9999,-9999,COUN,18773,0,26,20,1,0,0,1,0,0,0,0,0,0,0,0,2,0,0,0,0,0,4,0,0,0,0,0,142,0,8,0,0,0,0,0,0,4,0,0,34,0,0,0,1,0,0,0,0,0,0,14,0,0,0,0,0,0,0,1,3,0,0,2,10,0,0,0,0,0,7,0,0,2,0,2,0,0,0,3,3,0,0,0,0,0,0,0,4,0,0,0,0,0,0,0,0,0,0,184,0,0,0,3,0,0,0,0,3,3,0,0,14,3,0,0,0,1,0,0,0,0,0,0,0,0,3,0,0,0,1,0,0,0,0,0,0,0,0,0,0,0,0,0,0,7,0,0,4,0,0,2,0,0,0,0,0,0,4,0,0,0
100,Lake Consuelo (CON2),20,-9999,-9999,-9999,-9999,-9999,COUN,18774,1,27,16,0,0,0,2,0,0,0,0,0,0,0,0,5,1,0,0,1,0,0,0,0,0,0,0,109,0,6,0,0,0,0,0,0,2,0,0,16,0,0,0,0,0,0,0,1,0,0,12,1,0,1,0,0,0,0,0,10,0,0,2,21,0,0,0,0,0,3,0,0,3,0,1,1,0,1,2,1,0,0,0,0,0,0,0,0,0,1,0,0,0,0,0,0,0,0,127,0,0,0,9,0,0,0,0,0,1,1,0,5,3,0,0,0,0,0,1,0,1,0,0,1,0,0,0,0,0,1,0,0,0,0,0,0,0,0,0,0,0,1,1,0,15,0,0,0,1,0,0,0,0,0,0,0,0,5,2,0,0
100,Lake Consuelo (CON2),25,-9999,-9999,-9999,-9999,-9999,COUN,18775,0,16,5,0,0,0,14,0,0,0,0,0,0,0,0,2,0,0,0,2,0,4,0,0,0,0,0,105,0,1,0,0,0,0,0,0,2,0,0,21,0,0,0,0,0,2,0,0,0,0,0,0,0,0,0,0,0,0,0,0,0,0,0,5,0,0,0,0,0,0,0,0,1,0,0,1,0,0,1,2,0,1,0,0,0,0,0,0,0,0,0,0,0,1,0,0,0,0,81,0,0,0,3,0,0,0,0,0,0,0,0,5,1,0,0,0,1,0,0,0,2,0,0,0,0,0,0,0,0,0,0,2,0,0,0,0,0,0,0,0,0,0,0,0,4,0,0,0,3,0,0,0,0,0,0,0,0,6,0,0,0
100,Lake Consuelo (CON2),30,-9999,-9999,-9999,-9999,-9999,COUN,18776,1,12,24,0,0,0,2,0,0,0,0,0,0,0,0,13,1,0,0,0,0,2,0,0,0,0,0,46,0,3,0,0,0,0,0,0,5,0,0,48,0,0,0,0,0,0,0,0,0,0,10,2,0,0,0,0,0,0,0,3,0,2,1,30,0,0,0,0,0,3,0,0,5,0,0,1,0,0,1,0,0,1,0,0,0,0,0,1,0,1,0,0,0,0,0,0,0,0,99,0,0,0,11,0,0,0,0,0,1,0,0,11,1,0,0,1,1,0,5,0,0,0,0,0,0,0,0,0,0,6,0,0,0,0,0,0,2,0,0,0,0,0,0,0,0,1,0,2,1,0,2,0,0,0,1,0,0,15,0,0,0
100,Lake Consuelo (CON2),35,-9999,-9999,-9999,-9999,-9999,COUN,18777,2,2,21,0,0,0,4,0,0,0,0,0,0,0,0,9,2,0,0,0,0,4,0,0,0,0,0,43,0,0,0,0,2,0,0,0,4,0,0,25,0,0,0,0,0,2,0,0,0,0,7,0,0,0,0,0,1,0,0,8,0,1,0,22,0,0,0,0,0,4,0,0,9,2,0,1,0,0,4,0,0,0,0,0,0,0,0,1,0,0,0,0,0,0,0,0,0,0,60,0,2,0,9,0,0,0,1,0,2,0,0,28,1,0,0,0,0,0,0,0,1,0,0,1,1,0,0,0,0,3,0,1,0,0,0,0,2,0,0,0,0,0,0,0,3,0,0,11,2,0,0,0,0,0,0,0,0,8,0,0,0
100,Lake Consuelo (CON2),40,-9999,-9999,-9999,-9999,-9999,COUN,18778,1,4,20,0,0,4,0,0,0,0,0,0,0,0,0,11,0,0,0,0,0,0,0,0,0,0,0,14,0,3,0,0,0,0,0,0,0,0,0,24,0,0,0,0,0,0,0,0,0,0,4,1,0,0,0,0,0,0,0,14,0,6,5,3,0,0,0,0,0,8,1,0,24,0,0,1,0,0,6,0,0,0,0,0,0,0,0,0,0,0,0,0,0,0,0,0,0,0,43,0,0,0,6,2,0,0,0,0,6,1,0,23,1,0,0,0,1,0,4,0,1,0,0,0,0,0,0,0,0,1,0,0,0,0,1,0,4,0,0,0,0,2,0,0,3,0,0,0,4,0,0,0,0,0,5,0,0,29,0,0,0
100,Lake Consuelo (CON2),45,-9999,-9999,-9999,-9999,-9999,COUN,18779,7,14,14,0,0,0,0,0,0,0,0,0,0,0,0,7,0,0,1,0,0,3,0,0,0,0,0,22,0,2,0,0,2,0,0,0,0,0,0,21,0,0,0,1,1,1,0,0,0,0,0,0,0,0,0,0,0,0,0,12,0,0,0,3,0,0,0,0,0,1,0,0,19,3,1,8,1,0,1,2,0,1,0,0,0,0,0,1,0,0,0,0,0,1,0,0,0,0,59,0,0,0,9,0,0,0,0,0,1,3,0,21,2,0,0,0,2,0,11,0,1,0,0,0,1,0,0,0,5,4,0,0,0,0,1,0,2,0,0,1,0,0,0,0,2,0,0,1,2,0,1,0,0,0,0,0,0,5,0,0,0
100,Lake Consuelo (CON2),54,-9999,-9999,-9999,-9999,-9999,COUN,18780,0,2,7,0,0,0,1,0,0,0,0,0,0,0,0,11,0,0,0,0,0,8,0,0,0,0,0,4,0,0,0,0,0,0,1,0,0,0,0,13,0,1,0,1,0,3,0,0,0,0,0,0,0,0,0,0,0,0,3,28,0,1,0,8,0,0,0,0,0,4,0,0,1,1,17,18,0,0,0,1,0,0,0,0,0,0,0,0,0,0,0,0,0,5,0,0,0,0,55,0,0,0,5,0,0,0,0,0,1,1,0,0,3,0,0,3,0,0,0,0,0,0,0,0,1,0,0,0,0,0,0,1,0,0,0,0,3,0,0,1,0,0,0,0,1,0,0,8,3,0,13,2,0,1,0,0,0,14,0,0,0
100,Lake Consuelo (CON2),60,-9999,-9999,-9999,-9999,-9999,COUN,18781,0,18,10,0,0,0,0,0,0,0,0,0,0,0,0,4,1,0,0,1,0,4,0,0,1,0,0,138,0,17,0,0,0,0,2,0,0,0,0,11,0,0,0,0,0,0,0,0,0,0,0,1,0,0,0,0,0,0,0,5,0,0,0,4,0,0,0,0,0,2,0,0,2,0,1,1,0,0,11,0,0,0,0,0,0,0,0,2,0,0,0,0,1,0,0,0,1,0,122,0,0,0,0,0,0,4,0,0,2,2,0,1,3,0,0,1,0,0,0,0,1,0,0,0,0,0,0,0,0,1,0,0,0,0,0,0,0,0,0,0,0,0,0,0,16,0,0,0,2,0,0,0,0,0,1,0,0,5,2,0,0
100,Lake Consuelo (CON2),65,-9999,-9999,-9999,-9999,-9999,COUN,18782,1,27,50,0,0,0,1,0,0,0,0,0,0,0,0,1,0,0,1,0,0,0,0,0,0,0,0,147,0,9,0,0,0,0,0,0,0,0,0,17,0,0,0,0,0,0,0,0,0,0,4,1,0,0,0,0,0,0,0,2,0,0,4,18,0,0,0,0,0,2,0,0,4,0,0,0,1,0,5,0,0,0,0,0,0,0,0,1,0,0,0,0,0,0,0,0,0,0,150,0,3,0,7,0,0,4,0,0,0,0,0,5,2,0,1,0,1,0,0,0,0,0,0,0,0,0,0,0,0,2,0,0,0,0,0,0,1,0,0,0,0,1,0,0,24,0,0,1,2,0,2,0,0,0,2,0,0,3,0,0,0
100,Lake Consuelo (CON2),70,-9999,-9999,-9999,-9999,-9999,COUN,18783,0,17,22,0,1,0,6,0,0,0,0,0,0,0,0,1,1,0,0,0,0,5,0,0,0,0,0,86,0,8,0,0,0,0,2,0,0,0,0,21,0,0,0,0,0,1,0,0,0,0,12,0,0,0,0,0,0,0,3,1,0,0,0,25,0,0,0,0,0,1,1,0,10,0,3,0,2,0,3,2,0,0,0,0,0,0,0,2,0,0,0,0,0,0,0,0,0,0,120,0,0,0,11,0,0,2,0,0,0,3,0,0,1,0,0,2,0,0,0,0,2,0,0,1,0,0,0,0,0,1,0,0,0,0,1,0,2,0,0,0,0,0,0,0,0,0,0,0,1,0,4,0,0,2,0,0,0,6,1,0,0
100,Lake Consuelo (CON2),75,-9999,-9999,-9999,-9999,-9999,COUN,18784,5,26,12,0,0,0,0,0,0,1,0,0,0,0,0,6,1,0,0,0,0,12,0,0,0,0,0,59,0,5,0,0,1,0,0,0,1,0,0,14,0,0,0,2,0,0,1,0,0,0,3,0,0,0,0,0,0,0,0,7,0,0,4,10,0,0,0,0,0,5,0,0,7,1,3,3,0,0,1,1,0,0,0,0,0,0,0,1,1,0,0,0,0,1,0,0,0,0,56,0,12,0,8,1,0,0,0,0,0,0,0,10,1,0,0,1,0,0,0,0,0,0,0,1,0,0,0,0,0,2,0,0,0,0,0,0,0,0,0,1,0,0,0,0,3,1,0,1,5,0,0,0,0,1,1,0,0,14,0,0,0
100,Lake Consuelo (CON2),80,-9999,-9999,-9999,-9999,-9999,COUN,18785,2,7,15,0,0,0,0,0,0,0,0,0,0,0,0,12,0,0,0,0,0,5,0,0,0,0,0,32,0,1,0,0,0,0,0,0,6,1,0,38,0,0,0,0,0,1,0,0,1,0,3,3,0,0,0,0,0,0,0,11,0,5,0,12,0,0,0,0,0,0,0,0,13,0,2,1,1,0,0,0,0,0,0,0,0,0,0,1,0,0,0,0,0,0,0,0,0,0,9,0,2,0,5,0,0,0,0,0,2,0,0,6,0,0,0,0,0,0,7,0,1,0,0,1,0,0,0,0,0,0,0,2,0,0,0,0,3,1,0,0,0,0,0,0,3,0,0,4,0,0,17,0,0,2,0,0,0,9,6,0,0
100,Lake Consuelo (CON2),82.5,-9999,-9999,-9999,-9999,-9999,COUN,18786,1,29,2,0,0,0,1,0,0,0,0,0,0,0,0,5,0,0,0,0,0,2,0,0,0,0,1,35,0,2,0,0,0,0,0,1,2,0,0,21,0,0,0,1,0,5,0,0,0,0,0,0,0,0,0,0,0,0,0,6,0,4,1,7,0,0,0,0,0,0,0,0,11,0,1,2,0,0,2,0,0,0,0,0,1,0,0,0,0,0,0,0,2,0,0,0,0,0,83,0,0,0,6,0,0,0,0,0,4,0,0,2,2,0,0,0,0,0,4,0,1,0,0,2,0,0,0,0,0,1,0,0,0,0,1,0,4,1,0,1,0,0,0,0,0,0,0,2,3,0,6,0,0,0,0,0,0,11,4,0,0
100,Lake Consuelo (CON2),85,-9999,-9999,-9999,-9999,-9999,COUN,18787,5,10,14,0,0,0,0,0,0,0,0,0,0,0,0,6,0,0,0,0,0,3,0,0,1,0,0,29,0,2,0,0,0,0,0,0,1,0,0,23,0,0,0,0,0,1,0,0,0,0,0,2,0,0,0,0,0,0,0,2,0,2,0,4,0,0,0,0,0,0,0,0,2,2,1,3,0,0,1,0,0,1,0,0,0,0,0,0,3,0,0,0,2,0,0,0,0,0,82,0,0,0,2,0,0,2,0,0,1,0,0,6,1,0,0,3,2,0,1,0,3,0,0,2,0,0,0,0,0,1,0,0,0,0,0,0,1,0,0,0,0,0,0,0,6,0,0,1,1,0,1,0,0,2,0,0,0,49,1,0,0
100,Lake Consuelo (CON2),87.5,-9999,-9999,-9999,-9999,-9999,COUN,18788,6,6,13,0,0,0,0,0,0,0,0,0,0,0,1,12,5,0,0,0,0,1,0,0,0,0,0,32,0,1,0,0,0,0,0,0,0,0,0,44,0,0,0,0,0,1,0,0,0,0,0,9,0,0,0,0,0,0,0,2,0,0,0,3,0,0,0,0,0,NA,0,0,0,0,1,1,0,0,0,0,0,0,0,0,1,0,0,0,1,11,0,0,0,0,0,0,0,0,104,0,2,0,2,0,1,0,0,0,2,2,0,6,0,0,0,0,0,0,0,0,0,0,0,1,1,34,0,0,0,0,0,1,0,0,0,0,1,5,0,0,0,0,0,0,0,0,0,0,3,0,6,0,0,1,0,0,0,33,0,0,0
100,Lake Consuelo (CON2),90,-9999,-9999,-9999,-9999,-9999,COUN,18789,6,2,0,2,0,0,0,0,0,0,0,0,0,0,0,3,0,0,0,0,0,4,0,0,30,0,0,30,0,1,0,1,0,0,0,0,0,0,0,0,0,1,10,1,0,3,1,0,0,0,0,0,0,0,0,0,0,0,0,4,0,10,0,2,0,0,0,0,0,0,0,0,1,0,0,1,0,0,0,1,0,0,0,0,0,0,0,0,3,0,0,0,0,0,0,0,0,0,63,0,8,0,8,0,0,0,0,0,2,3,0,1,1,0,0,2,1,0,1,0,0,0,0,1,1,18,0,0,0,1,0,0,0,0,0,0,0,0,0,6,0,0,0,0,3,0,0,6,5,0,1,0,0,1,0,0,0,44,0,0,0
100,Lake Consuelo (CON2),92.5,-9999,-9999,-9999,-9999,-9999,COUN,18790,0,7,0,0,1,0,0,2,0,0,0,0,0,0,0,5,0,0,0,0,0,1,0,0,29,0,0,15,0,0,0,1,0,0,0,0,1,0,0,0,0,0,0,0,0,1,0,0,1,0,0,2,0,0,0,0,0,0,1,12,0,10,0,2,0,0,0,0,0,0,3,0,2,0,0,2,0,0,0,0,0,0,0,0,0,0,0,0,0,0,0,0,0,1,0,0,0,0,10,0,2,0,2,0,0,0,0,0,5,0,0,6,0,0,0,8,1,0,0,0,0,0,0,0,0,11,0,0,0,0,0,2,0,0,0,1,0,1,0,6,0,0,0,0,2,1,0,6,1,0,3,0,0,0,0,0,0,26,0,0,0
