site_id,site_name,Sample depth,CLAM_min95,CLAM_max95,CLAM_best,CLAM_acc_rate,CLAM_age_model_type,count_type,sample_id,Abies,Acer,Aesculus,Allium,Alnus,Anchusa/Pulmonaria,Anemone,Apiaceae,Aquilegia type,Arctium/Jurinea,Armeria/Limonium,Artemisia herba-alba type,Artemisia vulgaris type,Asperula type,Asphodeline,Asplenium,Asteraceae (Liguliflorae),Asteraceae (Tubuliflorae),Astragalus type,Betula,Boraginaceae,Brassica type,Bunium type,Bupleurum type,Buxus,Calligonum,Campanula type,Cannabis/Humulus,Capsella type,Carduus type,Carpinus betulus,Carpinus orientalis/Ostrya,Caryophyllaceae,Castanea,Cedrus,Centaurea,Centaurea cyanus type,Centaurea scabiosa type,Centaurea solstitialis type,cf Campanulaceae,cf Hypericum,cf Sambucus,Chenopodiaceae,Cirsium/Gundelia,Cistus,Clematis type,Colchicum/Merendera,Convolvulus,Cornus,Corylus,Cousinia,Crassulaceae,Cyperaceae,Datisca cannabina,Delphinium type,Dianthus type,Dipsacaceae,Dipsacus type,Ebenus/Hedysarum,Echinops,Ephedra distachya type,Ephedra fragilis type,Epilobium,Ericaceae,Erodium,Euphorbia,Fagopyrum,Fagopyrum tataricum,Fagus,Ferula type,Filago type,Filipendula,Fraxinus excelsior,Fraxinus ornus,Galium type,Gentiana,Geranium,Hedera,Helianthemum,Heliotropium type,Helleborus,Hippophae,Hypericum perforatum,Inula type,Juglans,Juniperus,Juniperus sabina,Knautia,Lamiaceae,Laurus,Leguminosae,Liliaceae,Linum,Loranthus europaeus,Lysimachia,Lythrum,Lythrum portula type,Malabaila,Malva,Malvaceae,Matricaria type,Matthiola,Melampyrum,Mentha/Thymus,Mercurialis type,Myrica,Nigella,Noaea type,Olea,Oleaceae,Onagraceae,Onobrychis type,Ornithogalum type,Papaver,Phillyrea,Phyteuma type,Picea,Pimpinella type,Pinus,Pistacia,Plantaginaceae,Plantago coronopus type,Plantago lanceolata type,Plantago major type,Plantago maritima type,Plantago media type,Plantago ovata type,Platanus,Plumbaginaceae,Poaceae,Polygonaceae,Polygonum amphibium,Polygonum aviculare type,Polygonum persicaria type,Populus,Potentilla type,Quercus coccifera type,Quercus robur type,Ranunculaceae,Ranunculus,Ranunculus asiaticus type,Ranunculus repens type,Ranunculus scleratus type,Rhinanthus type,Rosaceae,Rumex acetosa type,Rumex hydrolapathum type,Salix,Sambucus nigra type,Sanguisorba minor,Sanguisorba officinalis,Sanicula,Saxifraga,Scabiosa,Scabiosa columbaria type,Scabiosa rotata type,Scrophularia/Verbascum,Senecio type,Solanum dulcamara,Sparganium type,Spartium,Spergularia type,Sphagnum,Stachys type,Symphytum type,Taxus,Teucrium,Thalictrum,Theligonum,Thymelaeaceae,Tilia,Trifolium type,Typha latifolia,Ulmus,Urtica dioica type,Valeriana,Valerianella,Viburnum type,Vicia type,Vitis,Xanthium
25,Lake Xinias,0,-9999,-9999,-9999,-9999,-9999,COUN,4072,36,0,0,0,23,0,1,5,0,0,0,7,2,0,0,0,9,1,0,0,0,28,2,0,0,0,0,0,3,0,8,117,2,1,0,0,0,0,4,0,0,0,13,0,1,0,0,0,0,16,0,0,51,0,0,0,0,0,0,0,0,3,0,12,0,0,0,0,14,0,0,0,2,1,1,0,1,0,0,0,0,0,0,0,3,0,0,0,0,0,0,0,0,0,0,0,0,0,0,0,3,0,0,0,0,0,0,0,4,38,0,0,0,0,17,0,0,0,67,9,0,1,16,0,7,0,0,5,0,115,0,0,5,0,0,0,138,721,0,0,0,1,0,0,3,2,1,2,0,6,0,0,0,0,0,0,5,0,0,27,1,0,0,0,0,0,0,2,0,0,1,0,0,17,0,0,0,0,0,4,0
25,Lake Xinias,10,-9999,-9999,-9999,-9999,-9999,COUN,4073,14,2,0,0,3,0,0,0,0,0,0,3,2,1,0,0,2,1,0,0,0,24,0,0,0,0,0,0,3,0,2,51,0,2,0,0,0,0,1,0,0,0,8,0,1,0,0,0,0,20,0,0,27,0,0,0,0,0,0,0,0,1,0,5,0,0,0,0,5,1,0,0,0,3,3,0,0,0,0,0,0,0,0,0,0,2,0,0,0,0,1,0,0,0,0,0,0,0,0,0,4,0,0,0,0,0,0,0,13,0,0,0,0,0,0,0,0,0,51,2,0,0,3,0,0,0,0,0,0,48,0,0,6,0,0,0,76,250,0,0,0,1,1,0,1,0,0,0,0,3,0,0,0,0,0,0,2,0,0,12,0,0,0,0,0,0,0,0,0,0,0,0,1,9,0,0,0,0,0,0,0
25,Lake Xinias,30,-9999,-9999,-9999,-9999,-9999,COUN,4074,13,0,0,0,8,0,0,2,0,0,0,5,3,0,0,0,5,3,0,1,0,5,2,0,0,0,0,0,3,2,7,66,1,0,0,1,0,0,3,0,0,0,9,0,1,0,0,0,0,10,0,0,30,1,0,0,0,0,0,0,2,0,0,8,0,0,0,0,5,0,0,0,1,0,1,0,0,1,0,0,0,0,1,0,0,1,0,0,0,0,1,0,0,0,0,0,0,1,0,0,2,0,0,0,2,0,0,0,1,0,0,0,0,0,1,0,0,0,58,1,0,0,6,1,0,1,0,0,0,103,0,0,6,0,0,0,62,155,0,0,0,3,1,1,0,5,0,1,0,7,0,0,0,0,0,0,0,0,0,10,0,0,0,0,0,0,1,1,0,0,2,0,1,4,0,0,0,0,0,0,0
25,Lake Xinias,50,-9999,-9999,-9999,-9999,-9999,COUN,4075,7,0,0,0,13,0,0,1,0,0,0,1,2,0,0,0,0,0,0,3,0,1,0,0,0,0,0,0,0,0,9,75,1,0,0,0,0,0,2,0,0,0,3,0,0,1,0,0,0,22,0,0,25,0,0,0,0,0,0,0,0,1,0,6,0,0,0,0,4,0,0,0,0,0,1,0,0,0,0,0,0,0,1,0,0,1,0,0,0,0,0,0,0,0,0,0,0,0,0,0,0,0,0,0,0,0,0,0,1,0,0,0,0,0,0,0,0,0,100,0,2,0,8,0,8,1,0,0,0,103,0,0,0,0,0,1,13,352,0,1,0,2,0,0,1,3,1,0,0,13,0,0,0,0,0,0,0,1,0,8,0,0,0,0,0,0,0,0,0,0,7,0,2,3,0,0,0,0,0,1,0
25,Lake Xinias,73,-9999,-9999,-9999,-9999,-9999,COUN,4076,33,0,1,0,12,0,0,11,0,0,0,2,0,0,0,0,14,6,0,2,0,7,1,0,0,0,0,0,2,0,6,66,0,0,0,0,0,0,8,0,0,0,43,0,0,0,0,0,0,13,0,0,31,0,0,0,0,0,0,0,0,0,0,7,0,0,0,0,0,0,2,0,1,1,3,0,1,0,0,1,0,0,0,0,2,2,0,0,0,0,1,1,0,1,0,0,0,0,0,0,3,0,0,1,0,0,0,0,1,0,0,0,0,0,0,0,1,0,65,3,0,0,14,1,0,0,0,0,0,95,0,0,18,0,0,0,44,311,0,1,0,4,0,0,0,1,1,0,0,11,0,0,0,0,0,0,2,1,0,14,0,0,0,0,0,0,0,1,0,0,2,0,1,1,0,0,0,0,0,3,0
25,Lake Xinias,80,-9999,-9999,-9999,-9999,-9999,COUN,4077,23,2,0,0,10,0,0,0,0,0,0,1,0,0,0,0,0,0,0,0,0,2,1,0,0,0,1,1,0,0,4,86,0,0,0,0,0,0,2,0,0,0,3,0,0,0,0,0,0,23,0,0,21,0,1,0,0,0,0,0,1,0,0,15,0,1,0,0,0,0,0,2,0,5,0,0,0,1,0,0,0,0,0,0,0,0,0,0,0,0,0,0,0,0,0,0,0,0,0,0,0,0,0,0,0,0,0,0,0,0,0,0,0,0,0,0,0,0,66,1,0,0,5,0,1,0,0,0,0,74,0,0,2,0,0,0,42,417,0,0,0,1,0,0,0,2,1,0,0,7,0,1,0,0,0,1,0,0,0,6,0,0,0,0,0,0,0,0,0,0,3,0,0,10,0,0,0,0,0,1,0
25,Lake Xinias,90,-9999,-9999,-9999,-9999,-9999,COUN,4078,38,3,0,0,12,0,0,1,0,0,0,7,2,0,0,0,0,0,0,5,0,3,2,1,0,0,1,0,1,0,8,88,2,0,0,0,0,1,2,0,0,0,7,0,4,0,0,0,0,47,0,0,17,0,0,0,0,0,0,0,0,1,0,12,0,0,0,0,1,0,0,0,5,22,3,0,0,0,0,0,0,0,0,0,0,4,0,0,0,0,0,0,0,0,0,0,0,0,0,0,2,0,0,0,0,0,0,0,0,0,0,0,0,0,0,0,0,1,82,8,0,0,7,0,2,0,0,0,0,113,0,0,4,0,0,0,30,445,0,0,0,1,0,0,1,6,1,1,0,16,0,1,0,0,0,0,0,4,1,7,0,0,0,0,0,0,0,1,0,0,9,0,0,2,0,0,0,0,0,7,0
25,Lake Xinias,100,-9999,-9999,-9999,-9999,-9999,COUN,4079,19,2,0,0,5,0,0,3,0,0,0,2,2,0,0,0,2,0,0,1,0,1,3,0,0,1,0,0,0,0,2,54,0,0,0,0,0,0,0,0,0,0,3,0,0,0,0,0,0,30,0,0,14,0,1,0,0,0,0,0,1,1,0,0,0,0,0,0,1,0,0,0,6,8,1,0,0,0,0,0,0,0,0,0,0,16,0,0,0,0,0,0,0,0,0,0,0,0,0,0,0,0,0,0,0,0,0,0,0,0,0,0,0,0,2,0,0,0,52,6,0,0,2,0,2,0,0,0,0,88,0,0,1,0,0,0,12,233,0,0,0,0,0,0,1,6,0,1,0,14,0,0,0,0,0,0,0,2,0,6,0,0,0,0,0,0,0,0,1,0,5,0,1,7,0,0,0,0,0,1,0
25,Lake Xinias,110,-9999,-9999,-9999,-9999,-9999,COUN,4080,41,2,0,0,14,0,0,5,0,0,0,11,6,0,0,1,4,0,0,2,0,3,4,0,0,0,0,0,2,0,0,72,1,0,0,0,0,0,1,0,0,0,7,0,0,0,0,0,0,87,0,0,28,0,1,0,1,0,0,0,0,0,0,0,0,0,0,0,2,0,3,3,8,28,3,0,0,1,0,0,0,0,1,0,0,0,0,0,0,0,0,0,0,0,0,0,0,0,0,0,4,0,0,2,0,0,0,0,0,0,0,0,0,0,6,1,0,0,66,28,1,0,5,0,2,3,0,0,0,257,0,0,2,0,0,0,16,451,0,0,0,3,0,0,0,9,0,0,0,25,0,0,0,0,0,0,0,0,2,3,0,0,0,0,0,0,0,0,0,0,10,0,3,25,0,0,0,0,0,6,0
25,Lake Xinias,130,-9999,-9999,-9999,-9999,-9999,COUN,4081,35,1,0,0,17,0,0,3,0,0,0,4,5,0,0,0,7,0,0,1,0,0,0,0,0,0,0,0,0,0,1,51,0,0,0,0,0,0,2,0,0,0,4,0,0,0,0,0,0,92,0,0,22,0,0,1,0,0,0,0,1,0,0,0,0,0,0,0,1,0,0,0,5,19,4,0,0,1,0,0,0,0,0,0,0,6,0,0,0,0,1,0,0,1,0,0,0,2,0,0,1,0,0,1,0,0,0,0,0,0,0,0,0,0,3,0,0,1,60,12,0,0,6,0,1,2,0,1,0,221,0,0,0,0,0,0,8,393,0,0,0,4,0,0,1,7,0,0,0,43,0,0,0,0,0,0,1,1,0,6,0,0,0,0,0,0,0,0,0,0,6,0,2,11,1,0,0,0,0,0,0
25,Lake Xinias,150,-9999,-9999,-9999,-9999,-9999,COUN,4082,9,0,0,0,5,0,1,1,0,0,0,4,1,0,0,0,1,1,0,1,0,0,1,0,0,0,0,1,0,0,0,8,0,0,0,0,0,0,0,0,0,0,0,0,0,0,0,0,1,10,0,0,9,0,0,0,0,0,0,0,0,0,0,0,0,0,0,0,0,0,0,0,7,3,2,0,0,0,0,0,0,0,0,0,0,3,0,0,0,0,0,0,0,0,0,0,0,0,0,0,3,0,0,0,0,0,0,0,0,0,0,0,0,0,1,0,0,0,26,13,0,0,0,0,1,3,0,0,0,134,0,0,0,0,0,0,19,370,0,0,0,1,0,0,0,8,1,0,0,49,0,0,0,0,0,0,0,2,2,2,0,0,0,0,0,0,0,0,1,0,4,0,2,10,0,0,0,0,0,2,0
25,Lake Xinias,170,13527.5,13836.4,13682.5,58.503,Linear interpolation,COUN,4083,7,0,0,0,10,0,0,1,0,0,0,5,0,0,0,0,4,0,0,2,0,0,4,0,0,0,0,0,0,0,0,4,1,0,0,0,0,1,2,0,0,0,8,1,0,0,0,0,0,14,0,0,12,0,0,0,0,0,0,0,0,0,0,0,0,0,0,0,0,0,0,0,2,1,2,0,0,1,0,0,1,0,0,0,0,6,0,0,0,0,0,0,0,0,0,0,0,0,0,0,5,0,0,1,0,0,0,0,0,0,0,0,0,0,0,0,0,0,30,16,0,0,0,0,1,11,0,0,0,196,0,0,0,0,0,1,9,401,0,0,0,2,0,0,0,11,0,0,0,94,0,0,0,0,0,0,0,2,0,7,0,0,0,0,0,0,0,1,0,0,8,0,1,9,0,0,0,0,0,3,0
25,Lake Xinias,185,14377.9,14739.1,14560.1,58.503,Linear interpolation,COUN,4084,25,0,0,0,17,0,0,4,1,0,0,10,4,0,0,0,6,1,0,6,0,1,4,0,0,0,0,0,0,0,0,6,0,0,0,0,0,1,4,0,0,0,4,0,0,0,0,0,0,13,0,0,19,0,0,0,0,0,0,0,0,2,0,0,0,1,0,0,0,0,0,1,2,3,7,1,0,0,0,0,0,0,0,0,0,17,0,0,0,0,0,4,0,0,0,0,0,1,0,0,7,0,0,0,0,0,0,0,0,0,0,0,0,0,0,0,0,1,59,54,0,0,1,0,10,4,0,0,0,196,0,0,0,0,0,0,18,594,0,0,0,1,0,0,0,13,1,1,0,220,0,0,0,0,0,0,0,6,0,15,0,0,0,0,0,0,1,2,1,0,6,0,6,25,0,0,0,0,1,2,0
25,Lake Xinias,200,15210.4,15661.1,15437.6,58.503,Linear interpolation,COUN,4085,5,0,0,0,8,0,0,0,0,0,0,11,12,0,0,0,6,1,0,15,0,1,5,1,0,0,1,0,3,0,0,3,1,0,0,0,1,2,12,0,0,0,26,1,0,0,0,0,0,5,0,0,9,0,1,0,0,0,0,0,0,2,0,0,0,0,0,0,0,0,1,0,5,8,16,0,0,0,0,0,0,0,0,0,0,27,0,2,0,0,1,0,0,0,0,0,0,1,0,0,4,0,0,0,0,0,0,0,0,0,0,0,0,1,1,0,0,0,11,25,0,1,2,0,2,2,0,1,0,296,0,0,0,0,0,0,11,396,0,0,0,2,0,0,0,13,1,1,0,37,0,0,0,0,0,0,1,3,0,13,0,0,0,0,0,0,0,1,0,0,3,0,1,12,0,0,0,0,0,0,0
25,Lake Xinias,210,15761.6,16283.5,16022.7,58.503,Linear interpolation,COUN,4086,4,1,0,0,7,0,0,4,0,0,0,33,0,0,0,0,5,2,0,11,0,4,9,2,0,0,1,0,2,0,0,0,3,0,0,0,2,1,15,0,0,0,43,2,0,0,0,0,0,9,0,0,9,0,0,0,0,0,0,0,2,3,0,0,0,0,0,0,0,0,0,0,2,1,29,0,0,0,0,0,0,0,0,0,0,14,0,1,0,0,0,0,0,0,0,0,0,0,0,0,19,0,0,1,0,0,0,0,0,0,0,0,0,0,0,0,0,0,16,7,0,0,2,0,0,1,0,1,0,446,0,0,1,0,0,0,8,254,0,2,0,1,0,0,0,19,0,3,0,16,0,0,0,0,0,0,0,4,0,9,0,0,0,0,0,0,0,0,1,0,0,0,0,11,0,0,0,0,0,0,0
25,Lake Xinias,220,16305.3,16907.2,16607.7,58.503,Linear interpolation,COUN,4087,4,1,0,0,4,0,0,0,0,0,0,13,4,0,0,0,1,2,0,3,0,1,0,0,0,0,0,0,1,0,0,0,1,0,0,0,0,0,14,0,0,0,293,0,0,0,0,0,0,3,0,0,213,0,0,0,0,0,0,0,5,0,0,0,0,0,0,0,0,0,0,0,0,0,3,0,0,0,0,0,0,0,0,0,0,0,0,1,0,0,0,0,0,0,0,0,0,0,0,0,0,0,0,0,0,0,0,0,0,0,0,0,0,0,0,0,0,0,77,0,0,0,0,0,0,0,0,0,0,93,0,0,3,0,0,0,0,60,0,0,0,0,0,0,0,0,0,0,0,0,0,0,0,0,0,0,0,0,0,6,0,0,1,0,0,0,0,0,0,0,0,0,0,3,0,0,0,0,0,0,0
25,Lake Xinias,225,16578.1,17221.2,16900.2,58.503,Linear interpolation,COUN,4088,7,0,0,0,3,0,0,0,0,0,0,29,0,0,0,0,1,4,0,2,0,0,0,0,0,0,0,0,0,1,0,0,1,0,0,0,0,0,10,0,0,0,140,0,0,0,0,0,0,3,0,0,126,0,0,0,0,0,0,0,7,1,0,0,0,0,0,0,0,0,0,0,0,0,0,0,0,0,0,0,0,0,0,0,0,1,0,0,0,0,0,1,0,0,0,0,0,1,0,0,3,0,0,0,0,0,1,0,0,0,0,0,0,0,0,0,0,0,73,0,0,0,1,0,0,0,0,0,0,44,0,0,0,0,0,0,0,43,2,0,0,0,0,0,0,0,0,0,0,0,0,0,0,0,0,0,0,0,0,7,0,0,0,0,0,0,0,0,0,0,1,0,0,1,0,0,0,0,0,0,0
25,Lake Xinias,230,16848.2,17536.2,17192.7,58.503,Linear interpolation,COUN,4089,3,0,0,0,5,0,0,1,0,0,0,31,9,0,0,0,4,14,0,4,0,0,1,0,0,0,1,0,0,0,0,0,0,0,0,0,0,0,2,0,0,0,295,0,0,0,0,0,0,3,0,0,112,0,0,0,0,0,0,0,1,4,0,0,0,0,0,0,0,0,0,0,0,0,1,0,0,0,0,0,0,0,0,0,0,0,0,0,0,0,0,1,0,0,0,0,0,0,0,0,4,0,0,0,0,0,0,1,0,0,0,0,0,0,0,0,0,0,49,0,0,0,2,0,0,0,0,0,0,71,0,0,23,0,0,0,1,28,0,0,0,0,0,1,0,0,1,0,0,0,0,0,0,0,0,0,1,1,0,10,0,0,0,1,0,0,1,0,0,0,0,0,0,0,0,0,0,0,0,0,0
25,Lake Xinias,235,17120.3,17849.6,17485.2,58.503,Linear interpolation,COUN,4090,2,0,0,0,0,0,0,0,0,1,0,48,0,0,1,0,7,7,0,3,0,0,0,0,0,0,0,0,0,0,0,0,1,0,1,0,0,1,9,0,0,0,178,0,0,0,0,0,0,2,0,0,51,0,0,0,0,0,0,0,6,1,0,0,0,0,0,0,0,0,0,0,0,0,0,0,0,0,1,0,0,0,0,0,0,1,0,0,0,0,0,0,0,0,0,0,0,0,0,0,2,0,0,0,0,0,0,0,0,0,0,0,0,0,0,0,0,0,99,0,2,0,1,0,0,0,0,0,0,36,0,1,18,0,0,0,0,5,1,0,0,0,0,0,1,0,0,0,0,0,0,0,0,0,0,0,0,2,0,14,0,0,0,0,0,0,0,0,0,0,0,0,0,1,1,0,0,0,0,0,0
25,Lake Xinias,240,17391.6,18162.7,17777.8,58.503,Linear interpolation,COUN,4091,3,0,0,0,6,0,0,1,0,0,0,72,6,0,0,0,1,3,0,5,0,0,0,0,0,0,0,0,0,0,0,1,1,0,0,0,0,0,6,0,0,0,614,0,0,0,0,0,0,2,0,0,335,0,0,0,0,0,0,0,5,1,0,0,0,0,0,0,0,0,0,0,0,0,1,0,0,0,0,0,0,0,0,0,0,3,0,0,0,0,0,0,0,0,0,0,0,0,0,0,0,0,0,0,0,0,0,0,0,0,0,0,0,0,0,0,0,0,57,0,0,0,1,0,0,0,0,0,0,95,0,0,14,0,0,0,1,33,2,0,0,0,0,0,0,0,0,0,0,0,0,0,0,0,0,0,0,1,0,9,0,0,0,0,0,0,0,4,0,0,0,0,0,2,0,0,1,0,0,0,0
25,Lake Xinias,245,17664.8,18474.5,18070.3,58.503,Linear interpolation,COUN,4092,1,0,0,0,3,0,0,0,0,0,0,26,3,0,0,0,1,3,0,2,0,0,0,0,0,0,0,0,1,0,0,1,0,0,0,1,0,0,3,0,0,0,76,0,0,0,0,0,0,2,0,0,12,0,0,0,0,0,0,0,1,0,0,0,0,0,0,0,0,0,0,0,0,0,0,0,0,0,0,0,0,0,0,0,0,0,0,0,0,0,0,0,0,0,0,0,0,0,0,0,0,0,0,0,0,0,0,0,0,0,0,0,0,0,0,0,0,0,55,0,0,1,2,0,0,1,0,0,0,35,0,0,7,0,0,0,0,6,1,0,0,0,0,0,0,2,0,0,0,0,0,0,0,0,0,0,0,1,0,8,0,0,0,0,0,1,0,0,0,0,0,0,2,1,4,0,0,0,0,0,0
25,Lake Xinias,250,17935.4,18787.1,18362.8,58.503,Linear interpolation,COUN,4093,1,0,0,0,3,0,0,0,0,0,0,34,8,0,0,0,3,12,0,3,0,0,0,0,0,0,0,0,0,2,0,0,0,0,0,0,0,0,1,0,0,0,298,0,0,0,0,0,0,1,0,0,34,0,0,0,0,0,0,0,1,0,0,0,0,1,0,0,0,0,0,0,0,0,0,0,0,0,0,0,0,0,0,0,0,0,0,0,0,0,0,0,0,0,0,0,0,0,0,0,1,0,0,0,0,0,0,0,0,0,0,0,0,0,0,0,0,0,23,0,0,0,0,0,0,0,0,0,0,47,0,0,3,0,0,0,0,4,0,0,0,0,0,0,0,0,0,0,0,0,0,0,0,0,0,0,0,0,0,9,0,0,0,0,0,0,0,0,0,0,0,0,0,1,0,0,0,0,0,0,0
25,Lake Xinias,255,18207.3,19101.9,18655.3,58.503,Linear interpolation,COUN,4094,1,0,0,0,0,0,0,1,0,0,0,15,1,0,0,0,1,0,0,0,0,0,0,0,0,0,0,0,0,0,0,0,0,0,0,0,0,0,4,0,0,0,358,0,0,0,0,0,0,0,0,0,25,0,0,0,0,0,0,0,0,0,0,0,0,0,0,0,0,0,0,0,0,0,0,0,0,0,0,0,0,0,0,0,0,2,0,0,0,0,0,0,0,0,0,0,0,0,0,0,0,0,0,0,0,0,0,0,0,0,0,0,0,0,0,0,0,0,20,0,0,0,0,0,0,0,0,0,0,7,0,0,3,0,0,0,0,1,1,0,0,0,0,0,0,0,0,0,0,0,0,0,0,0,0,0,0,0,0,0,0,0,0,0,0,0,0,0,0,0,0,0,0,1,1,0,0,0,0,0,0
25,Lake Xinias,260,18478.7,19416.8,18947.8,58.503,Linear interpolation,COUN,4095,1,0,0,0,2,0,0,2,0,0,0,136,14,0,0,0,13,11,0,3,0,0,0,0,0,0,0,0,0,0,0,0,0,0,0,0,0,0,22,0,0,0,639,0,0,0,0,0,0,0,0,0,23,0,0,0,0,0,0,0,6,0,0,0,0,0,0,0,0,0,0,0,0,0,3,0,0,0,0,0,0,0,0,0,0,1,0,1,0,0,0,0,0,0,0,0,0,1,0,0,0,0,0,0,0,0,0,0,0,0,0,0,0,0,0,0,0,0,43,0,0,0,0,0,0,0,0,0,0,81,0,0,10,0,0,0,0,9,0,0,0,1,0,0,0,0,0,0,0,1,0,0,0,0,0,0,0,0,0,9,0,0,0,0,0,0,0,1,0,0,0,0,0,1,0,0,0,0,0,0,0
25,Lake Xinias,265,18750.5,19731,19240.3,58.503,Linear interpolation,COUN,4096,0,0,0,0,0,0,0,0,0,0,0,9,1,0,0,0,2,0,0,0,0,0,0,0,0,0,0,0,0,0,0,0,0,0,0,0,0,0,0,0,0,0,441,0,0,0,0,0,0,0,0,0,2,0,0,0,0,0,0,0,1,0,0,0,0,0,0,0,0,0,0,0,0,0,0,0,0,0,1,0,0,0,0,0,0,0,0,0,0,0,0,0,0,0,0,0,0,0,0,0,0,0,0,0,0,0,0,0,0,0,0,0,0,0,0,0,0,0,15,0,0,0,0,0,0,0,0,0,0,9,0,0,0,0,0,0,0,4,0,0,0,0,0,0,0,0,0,0,0,0,0,0,0,0,0,0,0,0,0,2,0,0,0,0,0,0,0,0,0,0,0,0,0,0,0,0,0,0,0,0,0
25,Lake Xinias,270,19022.7,20043.7,19532.8,58.503,Linear interpolation,COUN,4097,2,2,0,0,2,0,0,4,0,0,0,93,3,0,0,0,9,9,0,2,0,0,0,0,0,0,0,0,2,0,0,0,2,0,0,0,0,0,7,0,0,0,413,0,0,0,0,0,0,0,0,0,12,0,0,0,1,0,0,1,2,0,0,0,0,0,0,0,0,0,0,0,0,0,3,0,0,0,1,0,0,0,0,0,0,6,0,0,0,0,0,0,0,0,0,0,0,0,0,0,3,0,0,0,0,0,0,1,0,0,0,0,0,1,0,0,0,0,64,0,0,1,0,0,0,0,0,0,0,78,0,1,7,0,0,0,1,11,0,0,0,0,0,0,0,0,0,0,1,1,0,0,0,0,0,0,0,2,0,36,0,0,0,1,0,0,1,0,0,0,0,0,0,1,0,0,0,0,0,1,0
25,Lake Xinias,275,19293.7,20357.5,19825.4,58.503,Linear interpolation,COUN,4098,1,0,0,0,0,0,0,0,0,0,0,99,2,0,0,0,3,9,0,2,0,0,0,0,0,0,0,0,0,1,0,0,0,0,0,0,0,0,4,0,0,0,149,0,0,0,0,0,0,1,0,0,2,0,1,0,0,0,0,0,2,2,0,0,0,0,0,0,0,6,0,0,0,0,1,0,1,0,0,0,0,0,0,0,0,1,0,0,0,0,0,0,0,0,0,0,0,0,0,0,2,0,0,0,0,0,0,0,0,0,0,0,0,0,0,0,0,0,69,0,0,0,2,0,0,0,0,0,0,32,0,0,5,0,0,0,2,7,0,0,0,0,0,0,0,1,0,0,0,0,0,0,0,0,0,0,0,0,0,37,0,0,0,0,0,0,0,1,0,0,0,0,0,0,0,0,0,0,0,0,0
25,Lake Xinias,280,19563.3,20670.6,20117.9,58.503,Linear interpolation,COUN,4099,3,0,0,0,0,0,0,6,0,0,0,158,27,0,0,0,13,12,0,9,0,0,0,0,0,0,0,0,5,0,0,0,1,0,0,0,0,0,13,0,0,0,170,1,0,0,0,0,0,0,0,0,19,0,0,0,0,0,0,0,6,2,0,0,0,0,1,0,0,1,0,0,0,0,8,0,0,0,0,0,0,0,0,0,0,9,0,0,0,0,0,0,0,0,0,0,0,2,0,0,12,0,0,0,0,0,0,0,0,0,0,0,0,0,0,0,0,1,59,0,0,0,0,0,0,0,1,0,0,75,0,0,4,0,0,1,0,9,0,0,0,0,0,0,0,0,0,0,0,0,0,0,0,0,0,0,0,4,0,60,0,0,0,0,0,0,0,0,0,0,0,0,0,0,0,0,0,0,0,0,0
25,Lake Xinias,290,20105.1,21301.3,20702.9,58.503,Linear interpolation,COUN,4100,5,1,1,0,4,0,0,6,0,0,0,105,3,0,0,0,4,10,0,5,0,5,0,0,0,0,0,0,0,0,0,1,3,0,0,0,0,2,10,0,0,0,114,0,0,0,0,0,0,0,1,0,12,0,0,0,0,1,0,0,2,1,0,0,0,0,0,0,0,0,0,0,0,0,1,0,0,0,1,0,0,0,0,0,0,3,0,0,0,0,0,0,0,0,0,0,0,0,0,0,2,0,0,0,0,0,0,0,0,0,0,0,0,0,0,0,0,0,64,0,0,0,0,0,0,0,0,0,0,43,0,1,4,0,0,0,1,11,0,0,0,1,0,0,0,0,0,0,0,0,0,1,0,0,0,0,0,4,0,74,0,0,0,0,0,0,0,1,0,0,0,0,1,0,0,0,0,0,0,0,0
25,Lake Xinias,300,20648.1,21928.5,21287.9,58.503,Linear interpolation,COUN,4101,9,2,0,1,4,0,0,7,0,0,0,169,14,0,0,0,8,11,0,20,0,11,1,0,0,0,1,0,3,0,0,2,3,0,0,0,0,0,8,0,0,0,118,0,0,0,0,0,0,3,0,0,44,0,0,0,0,0,0,0,4,0,0,0,0,0,0,0,0,1,0,1,0,0,11,0,0,0,0,0,0,1,0,0,0,3,0,0,0,0,0,0,0,0,0,0,0,0,0,0,10,0,0,0,0,0,0,0,0,0,0,0,0,1,0,0,0,0,83,0,0,2,6,0,6,0,0,0,0,179,0,0,1,0,0,0,1,19,0,0,0,1,0,0,0,0,0,1,0,0,0,0,0,0,0,0,1,6,0,180,0,0,0,0,0,0,0,4,0,0,0,0,0,2,0,0,0,0,0,0,0
25,Lake Xinias,310,21188.5,22557.5,21873,58.503,Linear interpolation,COUN,4102,9,0,0,0,0,0,0,7,0,0,0,125,0,0,0,0,2,7,0,10,0,21,0,0,0,0,0,0,3,1,0,2,1,0,0,0,0,0,12,0,0,0,100,0,0,0,0,0,0,2,0,0,36,0,0,0,0,2,0,0,1,1,0,0,0,1,0,0,0,0,0,1,0,0,4,0,0,0,1,0,0,9,0,0,0,1,0,0,0,0,0,0,0,0,0,1,0,1,0,0,9,0,0,0,0,0,0,0,0,0,0,0,0,0,0,0,0,0,145,0,0,0,0,0,0,0,1,0,0,85,0,2,4,0,0,0,0,17,1,0,0,0,9,0,0,0,0,0,0,0,0,0,0,0,0,0,0,5,0,271,0,0,0,0,0,0,0,1,0,0,1,0,0,0,0,0,0,0,0,0,0
25,Lake Xinias,320,21728.8,23186.8,22458,58.503,Linear interpolation,COUN,4103,5,0,0,0,4,0,0,27,0,0,0,131,13,0,0,0,4,5,0,13,0,34,0,0,0,0,0,0,4,0,0,1,4,0,0,0,0,0,6,0,0,0,67,0,0,0,0,0,0,1,0,0,152,0,0,0,0,0,0,0,2,0,0,0,0,0,0,0,1,0,0,3,0,0,5,0,1,0,1,0,0,9,0,0,0,5,0,0,0,0,0,0,0,0,0,0,0,0,0,0,6,0,0,0,0,0,0,0,0,0,0,0,0,0,0,0,0,1,59,0,0,1,4,0,5,1,0,0,0,266,0,1,2,0,0,2,0,21,0,1,0,5,0,1,0,1,0,0,0,0,0,0,0,0,0,0,0,6,0,372,0,0,0,0,0,0,0,8,0,0,0,1,0,3,0,0,0,0,0,0,0
25,Lake Xinias,340,22808.8,24440.7,23628.1,58.503,Linear interpolation,COUN,4104,2,1,0,0,11,0,0,16,0,0,0,225,16,1,0,0,5,0,0,29,0,12,3,0,0,0,0,0,0,0,0,7,5,0,0,0,0,0,6,0,0,0,80,1,0,0,0,0,0,2,0,0,165,0,0,0,0,0,0,0,0,1,0,0,1,0,0,0,0,0,0,1,0,0,23,0,0,0,1,0,0,9,3,0,0,9,0,0,0,0,0,0,0,0,1,0,0,0,1,0,17,0,0,0,0,0,0,0,0,0,0,0,0,0,0,0,0,4,68,0,0,3,13,0,8,3,0,0,0,271,0,0,2,0,0,0,4,34,0,0,0,2,0,0,0,0,0,2,0,0,0,0,0,1,0,0,0,9,0,30,0,0,0,0,0,0,0,6,0,0,0,0,0,3,0,0,0,0,0,0,0
25,Lake Xinias,360,23888.4,25703.9,24798.1,58.503,Linear interpolation,COUN,4105,3,0,0,0,6,0,0,28,0,0,0,260,11,0,0,0,7,2,0,38,0,38,13,0,0,0,0,0,4,0,1,1,5,0,0,0,1,2,11,0,0,0,134,2,0,0,0,1,0,1,0,0,581,0,1,0,0,0,0,0,0,2,0,0,0,1,0,0,0,0,0,5,0,0,42,0,0,0,6,0,2,10,0,0,0,6,0,0,0,0,0,2,1,0,0,0,0,1,0,0,23,0,0,0,0,0,0,1,0,0,0,0,0,0,0,0,0,3,109,0,11,0,6,0,10,1,0,0,0,430,0,0,6,0,0,1,1,45,0,0,0,2,1,0,0,5,0,3,0,1,0,0,0,0,0,0,1,16,0,57,0,0,0,0,0,0,0,15,0,0,0,0,2,1,0,0,0,0,0,0,0
25,Lake Xinias,380,24827.2,26727.1,25779.5,20.775,Linear interpolation,COUN,4106,2,0,0,1,5,0,0,0,0,0,0,207,19,3,0,0,8,1,0,22,0,32,8,0,0,0,0,0,4,0,1,1,6,0,0,0,0,0,8,0,0,0,133,2,0,0,0,0,0,1,1,1,542,0,0,0,0,0,0,0,3,1,0,0,0,0,0,0,0,20,1,1,0,0,35,0,0,0,3,1,0,2,0,0,0,14,0,0,0,0,0,1,0,0,1,0,0,1,0,0,15,0,0,0,0,0,0,0,0,0,0,0,0,1,0,1,0,3,72,0,0,1,9,1,10,0,0,0,0,400,0,0,1,0,1,0,2,40,0,0,0,2,2,0,0,7,0,3,0,1,0,0,0,0,0,0,0,8,0,51,0,2,0,0,0,0,0,12,0,0,0,0,1,2,0,0,0,0,0,0,0
25,Lake Xinias,400,25338.2,27055.8,26195,20.775,Linear interpolation,COUN,4107,1,0,0,1,3,0,0,13,0,0,0,155,5,1,0,0,1,0,0,17,0,33,6,0,0,0,0,0,2,0,0,0,0,0,0,0,0,1,3,0,0,0,96,0,0,1,0,0,0,0,0,0,144,0,0,0,0,0,0,0,0,0,0,0,0,0,0,0,1,5,0,2,1,0,28,0,0,0,2,1,1,7,0,0,0,6,0,0,0,0,0,0,0,0,0,1,0,0,0,0,13,0,0,1,0,0,0,0,0,0,0,0,0,0,0,0,0,5,41,0,0,3,10,0,3,1,0,0,0,240,0,0,2,1,0,2,1,23,0,2,0,0,0,0,0,2,1,1,0,0,0,1,0,0,0,0,0,7,0,32,0,0,1,0,0,0,0,7,0,0,0,0,1,3,0,0,0,0,0,0,0
25,Lake Xinias,420,25835.1,27394.8,26610.6,20.775,Linear interpolation,COUN,4108,1,0,0,0,4,0,0,6,0,1,0,209,9,1,0,0,1,2,0,12,0,12,5,0,0,0,0,0,4,2,0,0,3,0,0,0,0,0,7,0,0,0,146,0,0,0,0,0,0,0,0,0,88,0,0,0,0,0,0,0,2,1,0,0,0,0,0,0,0,2,2,0,0,0,14,0,0,0,4,0,0,6,0,0,0,1,0,1,0,0,1,1,0,0,0,0,0,0,1,0,11,0,0,0,0,0,0,0,0,0,0,0,0,0,0,0,0,0,42,0,0,1,3,1,7,0,0,0,0,232,0,0,0,1,0,2,0,12,0,1,0,0,0,1,1,3,0,2,0,0,0,1,0,0,0,0,0,4,1,43,0,0,0,1,0,0,0,10,0,0,0,0,2,1,0,0,0,0,0,0,0
25,Lake Xinias,440,26317.2,27736,27026.1,20.775,Linear interpolation,COUN,4109,1,0,0,0,4,0,0,0,0,0,0,256,30,1,0,0,7,3,0,19,0,31,14,0,0,0,0,0,3,0,0,1,4,0,0,0,0,1,8,0,0,0,95,1,0,0,0,0,0,0,0,0,81,0,0,0,0,0,0,0,0,1,0,0,0,0,0,0,0,24,0,2,0,0,30,0,0,0,6,0,1,7,0,0,0,17,0,0,0,0,0,1,0,0,0,1,0,0,0,0,21,0,0,1,2,1,0,0,0,0,0,0,0,0,0,0,0,1,30,0,0,2,13,0,11,2,0,0,0,512,0,0,4,0,0,2,1,14,0,1,0,1,0,0,0,8,2,5,0,0,0,0,0,0,0,0,0,7,0,29,0,0,0,0,0,0,1,7,0,0,0,0,0,0,0,0,0,0,0,0,0
25,Lake Xinias,460,26778,28095.3,27441.6,20.775,Linear interpolation,COUN,4110,2,1,0,2,5,0,0,3,0,3,0,336,33,0,0,0,13,4,0,18,0,31,14,1,0,0,1,0,5,1,0,0,11,0,0,0,1,2,13,0,0,0,151,0,0,0,0,0,0,0,0,0,244,0,0,0,0,0,0,0,3,3,0,0,0,0,0,0,0,10,0,0,2,0,38,0,0,0,1,0,0,9,0,0,0,11,0,0,0,0,0,1,0,0,0,0,1,1,0,0,19,0,0,0,0,0,0,0,0,0,0,0,0,0,0,0,0,7,16,1,4,5,2,3,10,0,0,0,0,534,0,0,1,0,0,2,1,16,0,3,0,1,0,2,0,10,1,5,0,0,0,1,0,0,0,0,0,7,0,65,0,0,0,0,0,0,0,5,0,0,0,0,2,2,0,1,0,0,0,0,0
25,Lake Xinias,480,27208.5,28492.7,27857.1,20.775,Linear interpolation,COUN,4111,1,0,0,0,1,0,0,4,0,0,0,160,33,2,0,0,10,5,0,10,0,7,5,2,0,0,1,0,5,0,0,0,1,0,0,0,0,0,9,0,0,0,85,0,0,0,0,0,0,0,0,0,110,0,0,0,0,0,0,0,0,0,0,0,0,0,0,0,0,8,2,0,0,0,30,0,0,0,3,0,0,4,0,0,0,6,0,0,0,0,0,0,0,0,0,1,0,0,0,0,17,0,1,0,0,0,0,0,0,0,0,0,0,0,0,0,0,6,16,0,0,3,2,0,6,0,0,0,0,264,0,0,2,0,0,0,0,11,0,0,0,0,1,0,0,3,2,2,0,0,0,0,0,0,0,0,0,3,0,34,0,0,0,0,0,0,0,5,0,0,0,0,2,1,0,0,0,0,0,1,0
25,Lake Xinias,500,27602.2,28922.5,28272.6,20.775,Linear interpolation,COUN,4112,1,0,0,0,3,0,0,0,0,0,0,174,27,1,0,0,6,4,1,11,0,18,5,0,0,0,0,0,5,0,0,2,0,0,0,0,1,0,8,0,0,0,99,1,0,0,0,0,0,0,0,0,220,0,0,0,0,0,0,0,3,1,0,0,0,1,0,0,0,22,0,1,0,0,20,0,0,0,3,0,3,1,0,0,0,4,0,0,0,0,0,1,0,0,0,2,0,0,0,0,11,0,0,0,0,0,0,0,0,0,0,0,0,0,0,0,0,1,40,0,0,8,1,0,12,1,0,0,0,378,0,0,4,0,0,1,0,11,0,0,0,1,0,0,0,3,0,1,0,1,0,0,0,0,0,0,2,8,0,50,0,1,0,0,0,0,0,8,0,0,0,1,3,1,0,0,0,0,0,1,0
25,Lake Xinias,520,27970.1,29372.9,28688.1,20.775,Linear interpolation,COUN,4113,3,0,0,0,9,0,0,12,0,0,0,194,28,0,0,0,189,10,0,17,0,17,3,0,0,0,0,0,1,0,0,2,11,0,0,0,0,0,18,0,0,0,144,0,0,0,0,0,0,1,0,0,336,0,0,0,0,0,0,0,1,3,0,0,1,0,0,0,1,7,0,0,0,0,29,0,0,0,5,0,2,16,0,1,0,26,0,0,0,0,0,0,0,0,0,2,0,0,0,0,15,0,0,0,0,0,0,0,0,0,0,0,0,0,0,0,0,2,77,0,0,11,4,0,12,4,0,0,0,873,0,0,2,0,0,2,1,57,1,0,0,2,2,2,0,12,1,1,0,0,0,0,0,0,0,0,0,10,0,86,0,0,0,0,4,0,0,16,0,0,0,0,7,3,0,0,0,0,0,0,0
25,Lake Xinias,540,28320,29839.1,29103.6,20.775,Linear interpolation,COUN,4114,2,1,0,0,4,0,0,7,0,0,0,150,17,0,0,0,6,18,0,8,0,9,9,1,0,0,0,0,5,0,0,2,2,0,0,0,0,0,12,0,0,0,86,0,0,0,0,2,0,0,0,0,129,0,0,0,0,0,0,0,2,0,0,1,0,0,0,0,0,13,1,4,0,0,30,0,0,0,5,0,0,5,0,0,0,19,0,1,0,0,0,0,0,0,0,0,0,2,0,0,15,0,0,0,0,0,0,1,0,0,0,0,0,0,0,0,0,0,52,0,0,4,4,0,7,1,0,0,0,475,0,0,2,0,0,5,0,29,0,1,0,0,2,0,0,3,0,4,0,0,0,1,0,0,0,0,0,6,1,111,0,0,0,0,1,0,0,15,0,0,1,0,2,0,0,0,0,0,0,0,0
25,Lake Xinias,560,28660.3,30327.8,29519.1,20.775,Linear interpolation,COUN,4115,4,1,0,1,10,0,0,0,0,1,0,234,14,2,0,0,13,9,1,25,0,24,6,0,0,0,0,0,6,0,0,2,6,0,0,0,0,0,25,0,0,0,168,2,0,0,0,0,0,2,0,0,244,0,0,0,0,0,0,0,6,7,0,0,0,1,0,0,2,12,0,3,1,0,41,0,0,0,1,0,0,11,0,0,0,15,0,0,0,0,0,2,0,0,0,0,0,1,1,0,44,0,0,0,0,0,0,0,0,0,0,0,0,0,0,0,0,4,102,0,0,11,4,0,17,3,0,0,0,766,0,0,6,0,0,3,1,67,0,4,0,0,2,0,0,4,0,2,0,0,0,1,0,0,0,0,0,11,0,277,0,0,0,0,0,0,0,10,0,0,0,0,2,1,0,0,0,0,0,0,0
25,Lake Xinias,580,29036.4,30815.9,29947.9,23.432,Linear interpolation,COUN,4116,1,0,0,0,4,0,0,10,0,1,0,249,20,1,0,0,6,10,0,6,0,10,6,0,0,0,0,0,1,0,0,0,0,0,0,0,0,0,11,0,0,0,130,1,0,0,0,0,0,1,0,0,51,0,0,3,0,0,0,2,2,2,0,0,0,1,0,0,0,1,0,1,0,0,24,0,1,0,1,0,0,9,0,0,0,7,0,0,0,0,1,0,0,0,1,0,0,0,0,0,15,1,0,0,0,0,0,0,0,0,0,0,0,0,0,0,0,1,16,0,0,1,0,0,4,0,0,0,0,325,0,0,2,1,0,0,2,26,1,55,0,0,0,1,1,7,0,0,0,0,1,0,0,0,0,0,0,2,0,67,0,0,0,0,0,0,1,2,0,0,0,0,1,3,1,0,0,0,0,0,0
25,Lake Xinias,600,29525.3,31264.5,30416.5,23.432,Linear interpolation,COUN,4117,0,1,0,0,2,0,0,4,0,2,0,171,18,1,0,0,4,4,0,4,0,12,1,0,0,0,0,0,4,0,0,0,1,0,0,0,0,0,13,0,0,0,128,0,1,0,0,0,0,0,0,0,57,0,0,0,0,0,0,0,3,0,0,0,0,1,0,0,0,1,0,0,0,0,14,0,0,0,0,0,0,2,0,0,0,3,0,0,0,0,0,0,1,0,0,1,0,0,0,0,12,0,0,0,0,0,0,0,0,0,0,0,0,0,0,0,0,1,14,0,0,0,3,1,4,0,0,0,0,241,0,1,4,0,0,6,0,6,0,0,0,2,0,0,0,7,0,3,0,0,0,1,0,0,0,0,0,0,0,58,0,0,0,0,0,0,0,2,0,0,0,0,0,0,0,0,0,0,0,0,0
25,Lake Xinias,620,30008.6,31719.3,30885.2,23.432,Linear interpolation,COUN,4118,1,0,0,0,0,0,0,0,0,1,0,221,32,2,0,0,7,5,0,5,0,6,7,0,0,0,0,0,7,0,0,0,1,0,0,0,1,1,5,0,0,0,182,0,0,0,0,0,0,0,0,0,90,0,0,0,0,0,0,0,2,1,0,0,0,0,0,0,0,5,0,0,0,0,20,0,0,0,1,0,1,6,0,0,0,6,0,0,0,0,0,1,0,0,0,1,0,0,0,0,10,0,0,0,1,0,0,0,0,0,0,0,0,0,0,0,0,4,20,0,0,2,0,0,11,0,0,0,0,291,1,0,1,0,0,8,0,7,0,9,0,0,0,1,0,7,0,4,0,0,0,1,0,0,0,0,0,10,0,88,0,0,0,0,0,0,0,5,0,0,1,0,0,0,0,0,0,0,0,0,0
25,Lake Xinias,640,30487.5,32176.3,31353.8,23.432,Linear interpolation,COUN,4119,2,0,0,0,2,0,0,11,0,1,0,96,5,1,0,0,3,0,0,4,0,22,5,0,0,0,0,0,0,1,0,0,1,0,0,0,0,0,3,0,0,0,73,0,0,0,0,0,0,0,0,0,191,0,0,0,0,0,0,0,0,3,1,0,0,1,0,0,0,1,0,0,0,0,17,0,0,0,0,0,1,2,0,0,0,3,0,0,0,0,0,0,0,0,1,3,0,1,0,0,7,0,0,0,0,0,0,0,0,0,0,0,0,0,0,0,0,1,36,0,0,1,0,0,8,2,0,0,0,256,0,0,6,0,0,19,0,10,0,0,0,0,2,0,0,4,1,3,0,0,0,1,0,0,0,0,0,3,0,91,0,0,0,0,0,0,0,2,0,0,0,0,0,0,0,0,0,0,0,0,0
25,Lake Xinias,660,30960.6,32648.5,31822.4,23.432,Linear interpolation,COUN,4120,2,0,0,0,4,0,0,6,0,0,0,216,24,0,0,0,6,3,0,1,1,25,8,0,0,0,0,0,6,0,0,0,1,0,0,0,0,1,5,0,0,0,126,2,0,0,0,0,0,0,0,0,295,0,0,0,0,0,0,0,0,5,0,0,0,1,0,0,0,13,0,0,0,0,41,0,0,0,1,0,0,2,0,0,0,6,0,0,0,0,0,0,0,0,2,6,0,0,0,0,14,0,0,0,0,0,0,0,0,0,0,0,0,0,0,0,0,4,28,0,0,0,1,0,0,1,0,0,0,354,0,1,4,0,0,18,1,24,0,4,0,2,0,1,0,8,0,2,0,0,0,1,0,0,0,1,0,0,0,130,0,0,0,0,1,0,0,10,0,0,0,1,0,2,0,0,0,0,0,0,0
25,Lake Xinias,680,31427.3,33125.1,32291.1,23.432,Linear interpolation,COUN,4121,8,0,0,0,11,0,0,0,0,1,1,330,45,3,0,0,23,10,1,9,0,7,15,0,0,0,2,0,3,0,1,0,10,0,0,0,1,0,10,0,0,0,211,4,0,0,0,0,0,2,0,0,126,0,0,0,1,0,0,0,5,5,0,0,0,0,0,0,2,32,1,0,2,0,54,0,0,0,0,0,0,10,0,0,0,14,0,0,0,0,0,3,0,0,0,0,0,0,0,0,36,1,0,1,0,0,0,3,0,0,0,0,0,0,0,0,0,5,94,0,0,13,4,0,14,0,0,0,0,843,1,1,11,0,0,3,2,85,0,0,0,1,3,0,0,16,1,2,0,0,0,10,0,0,0,0,0,14,0,75,0,0,0,0,0,0,1,6,0,0,0,0,3,0,0,0,0,0,0,0,0
25,Lake Xinias,700,31882.6,33601.6,32759.7,23.432,Linear interpolation,COUN,4122,2,0,0,2,2,0,0,3,0,0,0,233,7,0,0,0,12,10,0,6,0,8,0,0,0,0,0,0,1,0,0,0,6,0,0,1,0,0,10,0,0,0,206,0,0,0,0,0,0,1,0,0,130,0,0,0,0,0,0,0,7,3,0,0,0,2,0,0,0,7,1,0,0,0,22,0,0,0,2,0,0,10,0,0,0,6,0,0,0,0,0,0,0,0,0,0,0,0,0,0,22,0,0,0,0,0,0,1,0,0,0,0,0,0,0,0,0,1,71,0,0,3,1,0,8,0,0,0,1,312,0,0,15,0,0,1,0,19,0,0,0,0,1,2,0,5,0,3,0,0,0,4,0,0,0,0,0,5,0,47,0,0,0,0,0,0,0,6,0,0,0,1,1,1,0,0,0,0,0,0,0
25,Lake Xinias,720,32329,34078.9,33228.3,23.432,Linear interpolation,COUN,4123,2,0,0,0,5,0,0,0,0,2,0,250,12,2,0,0,30,36,0,2,0,17,1,1,0,0,0,0,8,0,0,0,8,0,0,0,0,0,19,0,0,0,151,0,0,0,0,0,0,0,0,0,152,0,0,0,0,0,1,0,1,3,0,0,0,0,0,0,0,19,0,0,0,0,24,0,0,0,1,0,0,4,0,0,0,2,0,1,0,0,0,1,0,0,0,0,0,0,0,0,22,0,0,1,0,0,0,1,0,0,0,1,0,0,0,0,0,2,54,0,0,1,0,0,5,1,0,0,0,316,0,0,20,0,0,0,3,20,0,0,0,0,0,1,1,2,1,5,0,0,0,3,0,0,0,0,0,1,0,50,0,0,0,0,0,0,0,1,0,0,0,0,1,1,0,1,0,0,0,0,0
25,Lake Xinias,740,32762,34553.9,33697,23.432,Linear interpolation,COUN,4124,2,0,0,1,3,0,0,0,0,0,0,184,17,0,0,0,11,2,0,4,0,25,0,0,0,0,0,0,2,2,0,1,3,0,0,0,0,1,10,0,0,0,129,0,0,0,0,0,0,0,0,0,116,0,0,0,0,0,0,0,1,2,0,0,0,0,1,0,0,14,0,1,0,0,18,0,0,0,1,0,0,3,0,0,0,5,1,0,0,0,0,0,0,0,0,1,0,1,0,0,17,0,0,0,0,0,0,0,0,0,0,0,0,1,0,0,0,1,56,0,0,5,4,0,8,0,0,0,0,393,0,0,4,0,0,1,2,33,0,0,0,2,3,3,1,4,1,1,0,0,0,18,0,0,1,0,0,8,0,78,0,1,0,0,0,0,0,5,0,0,0,0,0,2,0,0,0,0,0,0,0
25,Lake Xinias,760,33194.5,35038.1,34165.6,23.432,Linear interpolation,COUN,4125,5,0,0,2,9,0,0,0,0,1,0,135,21,0,0,0,6,7,0,10,0,31,2,0,0,0,2,0,5,0,0,0,5,0,0,0,0,0,7,0,0,0,99,0,0,1,0,0,0,5,0,0,102,0,0,0,0,0,0,0,3,6,0,0,0,2,0,1,2,33,0,2,0,0,38,0,0,0,0,0,0,3,0,0,0,5,0,0,0,0,0,0,0,0,1,0,0,1,0,0,20,0,0,0,0,0,0,0,0,0,0,0,0,0,1,0,0,1,101,0,0,1,1,0,5,2,0,0,0,515,0,0,8,0,0,0,1,56,0,0,0,0,3,1,0,6,1,4,0,0,0,2,0,0,0,0,0,5,0,168,0,0,0,0,0,2,0,12,0,0,0,0,0,5,0,1,0,0,0,0,0
25,Lake Xinias,780,33616.2,35524.1,34634.3,23.432,Linear interpolation,COUN,4126,6,0,0,1,12,0,0,0,0,2,0,94,27,1,0,0,7,2,0,13,0,18,14,0,0,0,0,1,3,2,1,0,5,0,0,0,0,0,8,0,0,0,89,0,0,0,0,0,0,1,0,0,115,0,0,0,0,1,0,1,5,4,0,0,0,3,0,0,5,6,0,0,0,0,20,0,0,0,2,0,0,1,1,0,0,12,0,0,0,0,0,3,0,0,0,0,0,1,0,0,20,0,0,0,0,0,0,0,0,0,0,0,0,0,0,0,0,3,143,0,0,1,2,0,4,0,0,0,0,539,0,0,3,0,0,0,5,101,0,0,0,0,1,1,0,4,1,1,0,2,0,5,0,0,0,0,0,7,0,245,0,0,0,0,0,0,1,10,0,0,0,0,1,2,0,0,0,0,0,0,0
25,Lake Xinias,785,33723.7,35646.1,34751.4,23.432,Linear interpolation,COUN,4127,2,0,0,0,10,0,0,9,0,1,0,243,139,2,0,0,14,7,0,15,0,7,0,1,0,0,1,0,1,0,0,1,6,0,0,0,0,0,14,0,0,0,224,2,0,0,0,1,0,1,0,0,120,0,0,0,0,0,0,0,7,3,0,1,0,0,0,0,1,16,0,1,0,0,32,0,0,0,0,0,0,2,0,0,0,10,0,0,0,1,0,1,0,0,0,0,0,0,0,0,20,0,0,0,0,0,0,0,0,0,0,0,0,0,0,0,0,2,87,0,0,1,8,0,3,0,0,0,0,590,0,0,8,0,0,3,1,49,0,0,0,0,0,0,0,5,1,3,0,1,0,7,0,0,0,0,0,16,0,182,0,0,0,0,0,0,1,9,0,0,0,1,2,2,1,0,0,0,0,0,0
25,Lake Xinias,800,34039,36014.6,35102.9,23.432,Linear interpolation,COUN,4128,1,0,0,0,6,0,0,15,0,0,0,192,5,1,0,0,5,5,0,8,0,13,2,0,0,0,0,0,0,0,0,0,5,0,0,0,0,0,17,0,0,0,132,0,0,0,0,0,0,0,0,1,82,0,0,0,0,0,0,0,2,3,0,0,0,0,0,0,0,2,0,1,0,0,15,0,0,0,0,0,0,1,0,0,0,4,0,0,0,0,0,2,1,0,0,0,0,0,0,0,10,0,0,2,0,0,0,0,0,0,0,0,0,0,0,0,0,0,43,0,0,0,1,0,2,0,0,0,0,206,0,0,5,0,0,1,0,16,0,0,0,0,1,0,0,3,0,0,0,0,0,0,0,0,0,0,0,5,0,96,0,0,0,0,1,0,0,5,0,0,0,0,1,1,0,0,0,0,0,0,0
25,Lake Xinias,820,34462.6,36507.7,35571.5,23.432,Linear interpolation,COUN,4129,3,1,0,0,1,0,0,11,0,0,0,201,9,3,0,0,4,5,0,1,0,4,1,0,0,0,0,0,0,0,1,0,6,0,0,1,0,2,17,0,0,0,104,0,0,0,0,0,0,1,0,0,66,0,0,0,0,2,0,0,0,5,0,0,0,0,1,0,1,1,0,0,0,0,28,0,0,0,0,0,0,1,0,0,0,3,0,0,0,0,0,2,0,0,0,2,0,1,1,0,10,0,0,0,0,0,0,0,0,0,0,0,0,0,0,0,0,1,60,0,2,4,0,0,6,0,0,0,0,368,0,0,6,0,0,0,3,56,0,0,0,1,1,0,0,15,1,1,0,0,0,1,0,0,0,0,1,6,0,181,0,0,0,0,0,0,0,2,0,0,0,0,1,1,0,0,1,0,0,0,0
25,Lake Xinias,840,34880.9,37000.1,36040.2,23.432,Linear interpolation,COUN,4130,1,1,0,1,7,0,0,7,0,0,0,226,8,0,0,0,5,10,0,5,0,10,0,1,0,0,1,0,0,1,0,1,2,0,0,0,0,3,5,0,0,0,144,0,0,0,0,0,0,1,2,0,44,0,0,0,0,2,0,0,1,4,0,0,0,0,0,0,1,2,0,0,0,0,32,0,0,0,1,0,0,2,0,0,0,6,0,0,0,0,0,0,0,0,0,0,0,1,0,0,12,0,0,1,0,0,0,0,0,0,0,0,0,0,0,0,0,1,58,0,0,3,1,0,5,0,0,0,0,419,0,0,5,0,0,0,1,44,0,0,0,0,2,0,1,5,1,3,0,1,1,2,0,0,0,0,0,3,0,241,0,0,0,0,0,0,0,3,0,0,1,0,0,1,0,0,0,1,0,0,0
25,Lake Xinias,860,35294.1,37491.2,36508.8,23.432,Linear interpolation,COUN,4131,0,0,0,0,4,0,0,5,0,0,0,125,39,0,0,0,12,9,0,1,0,8,5,0,0,0,0,0,2,0,0,0,2,0,0,0,1,1,12,0,0,0,120,0,0,0,0,0,0,1,0,0,40,0,0,0,0,0,0,0,5,2,0,0,0,0,0,0,0,4,0,0,0,0,13,0,0,0,0,0,1,0,0,0,0,6,0,0,0,0,0,0,0,0,0,0,0,0,0,0,10,0,0,0,0,0,0,0,0,0,0,0,0,0,0,0,0,1,42,0,0,2,2,3,3,0,0,0,0,281,0,0,3,0,0,2,0,28,0,0,0,0,0,1,0,1,0,3,0,0,0,1,0,0,0,0,0,2,0,28,0,0,0,0,0,0,0,4,0,0,0,0,1,0,0,0,0,0,0,0,0
25,Lake Xinias,880,35708,37987.2,36977.5,23.432,Linear interpolation,COUN,4132,2,0,0,0,2,0,0,21,0,0,0,169,40,2,0,0,12,10,0,6,0,8,4,1,0,0,0,0,5,0,0,1,0,0,0,0,0,0,6,0,0,0,117,0,0,0,0,0,0,0,0,0,59,0,0,0,0,0,0,0,3,2,0,0,0,0,0,0,1,0,0,0,0,0,30,0,0,0,0,0,2,1,0,1,0,5,0,0,0,0,1,0,0,0,0,0,0,0,0,0,13,0,0,1,0,0,0,1,0,0,0,0,0,0,0,0,0,1,38,1,0,3,0,0,7,0,0,0,0,390,0,0,9,0,0,0,0,49,0,0,0,0,0,0,0,4,0,0,0,3,0,1,0,1,0,0,0,3,0,87,0,0,0,0,0,0,0,5,0,0,0,0,0,2,0,0,0,0,0,0,0
25,Lake Xinias,890,35906.6,38233.7,37211.8,23.432,Linear interpolation,COUN,4133,7,3,0,0,6,0,0,0,0,1,1,132,6,2,0,0,16,5,0,8,0,19,15,0,1,0,0,0,4,0,1,1,6,0,0,0,0,0,15,0,0,0,132,0,0,1,0,2,0,3,0,0,106,0,1,0,0,0,0,1,5,10,0,0,0,2,0,0,5,7,1,2,0,0,32,0,1,0,2,0,0,0,0,0,0,3,0,0,0,0,0,1,0,0,0,0,0,2,1,0,32,0,0,0,0,0,2,1,0,0,0,0,0,0,0,0,0,1,132,0,0,0,3,0,4,0,0,0,0,571,0,0,4,0,0,0,9,172,0,0,0,0,1,0,0,3,1,1,0,0,0,3,0,2,0,0,0,6,1,130,0,0,0,0,0,0,0,3,0,0,2,0,1,7,0,0,0,0,0,0,0
25,Lake Xinias,900,36106.1,38483.2,37446.1,23.432,Linear interpolation,COUN,4134,6,1,0,0,14,0,0,11,0,0,0,176,12,0,0,0,18,9,0,9,0,15,1,0,0,0,2,0,1,0,1,1,2,0,0,0,0,3,21,0,0,0,139,0,0,1,0,0,0,10,2,0,96,0,0,0,0,1,0,0,5,7,0,0,0,1,0,0,8,6,0,3,2,0,35,0,0,0,1,0,0,0,0,0,0,20,0,0,0,0,0,1,0,0,0,0,0,0,0,0,22,0,0,0,0,0,0,0,0,0,0,0,0,0,0,0,0,2,113,0,0,6,2,0,7,0,0,1,0,884,0,0,6,0,0,4,7,208,0,0,1,0,0,1,1,5,1,4,0,3,0,6,0,0,0,0,0,8,0,155,0,0,0,0,0,0,0,10,0,1,1,0,1,5,0,0,0,0,0,0,0
25,Lake Xinias,920,36516.8,38983.9,37914.7,23.432,Linear interpolation,COUN,4135,1,0,0,0,5,0,0,22,0,0,0,168,11,0,0,0,2,2,0,4,0,22,2,1,0,0,0,0,6,0,0,0,3,0,0,0,0,0,6,0,0,0,139,0,0,0,0,0,0,0,0,0,109,0,0,0,0,0,0,0,1,2,0,0,0,0,0,0,0,8,1,0,0,0,19,0,0,0,2,0,0,1,0,0,0,3,0,0,0,0,0,0,0,0,0,1,0,0,0,0,8,0,0,0,0,0,0,0,0,0,0,0,0,0,0,0,0,3,36,0,0,1,1,1,5,0,0,0,0,295,0,0,5,0,0,2,1,37,0,0,0,0,1,1,0,4,0,0,0,0,0,1,0,0,0,0,0,0,0,80,0,0,0,0,1,0,0,7,0,0,0,0,0,2,0,0,0,0,0,0,0
25,Lake Xinias,940,36922.2,39484,38383.4,23.432,Linear interpolation,COUN,4136,3,1,0,1,4,0,0,6,0,0,0,140,8,0,0,0,3,2,0,5,0,31,4,0,0,0,0,0,2,0,0,1,0,0,0,0,0,0,5,0,0,0,122,0,0,0,0,0,0,3,0,0,78,0,0,0,0,0,0,0,2,0,0,0,0,2,0,0,2,7,0,1,0,0,12,0,0,0,0,0,2,0,0,0,0,5,0,0,0,0,0,0,0,0,0,2,0,0,0,0,4,0,0,0,0,0,0,0,0,0,0,0,0,0,0,0,0,1,34,0,0,0,0,0,2,0,0,0,0,242,0,0,3,0,0,0,0,32,0,0,0,0,2,0,0,3,0,1,0,0,0,1,0,0,0,0,1,0,0,76,0,0,0,0,0,0,0,2,0,0,1,0,0,2,0,0,0,0,0,0,0
25,Lake Xinias,960,37317.6,39978.1,38852,23.432,Linear interpolation,COUN,4137,7,2,0,0,15,0,0,13,0,0,0,122,2,0,0,0,0,2,0,11,1,36,4,0,0,0,0,0,1,1,0,1,1,0,0,0,0,0,6,0,1,1,96,0,0,0,0,0,0,2,1,0,68,0,0,0,0,0,0,0,0,0,0,0,0,2,0,0,4,0,0,0,0,0,15,0,0,0,0,0,0,0,0,0,0,3,0,0,0,0,0,0,0,0,0,2,0,0,0,0,10,0,0,0,0,0,0,0,0,0,0,0,0,0,0,2,0,0,63,0,7,2,1,0,0,0,0,0,0,326,0,0,0,0,0,0,1,86,0,0,0,0,0,1,0,4,0,0,0,0,0,2,0,0,0,0,0,2,0,230,0,1,0,0,0,0,0,2,0,0,0,0,3,0,0,0,0,0,0,0,0
25,Lake Xinias,980,37714.6,40481.1,39320.6,23.432,Linear interpolation,COUN,4138,10,1,0,0,13,0,0,4,0,0,0,84,2,0,0,0,1,1,0,5,0,3,1,0,0,0,0,0,0,0,2,0,1,0,0,0,0,0,5,0,0,0,53,0,0,0,0,0,0,7,0,0,27,0,0,0,0,0,0,0,0,2,0,0,0,0,0,0,11,4,0,0,0,0,7,0,0,0,1,0,0,1,0,0,0,4,0,0,0,0,0,0,0,0,0,3,0,0,0,0,5,0,0,0,0,0,0,0,0,0,0,0,0,0,0,0,0,0,96,1,1,0,0,0,3,0,0,0,0,277,0,0,0,0,0,0,1,118,0,0,0,0,1,1,0,1,1,1,0,0,0,3,0,0,0,0,0,0,0,122,0,0,0,0,0,0,0,4,0,0,1,0,7,3,0,0,0,0,0,0,0
25,Lake Xinias,1000,38130.4,40980.2,39789.3,23.432,Linear interpolation,COUN,4139,12,2,0,0,12,0,0,1,0,0,0,32,11,0,0,0,2,0,0,5,0,3,3,0,0,0,0,0,0,0,1,1,0,0,0,0,0,1,2,0,0,0,47,1,0,0,0,0,0,24,0,0,49,0,0,0,0,0,0,1,1,2,0,0,0,1,0,0,7,1,0,1,2,0,5,0,0,0,0,0,0,0,0,0,0,5,0,0,0,0,0,2,0,0,0,1,0,0,0,1,8,0,0,0,0,0,0,0,0,0,0,0,0,0,0,0,0,0,96,0,0,1,0,0,4,0,0,0,0,267,0,0,2,0,0,0,4,177,0,0,0,0,0,0,1,0,1,1,0,1,0,4,0,0,0,0,0,5,0,127,0,0,0,0,0,0,0,3,0,0,2,0,6,4,0,0,0,0,0,0,0
25,Lake Xinias,1020,38532.4,41482.1,40257.9,23.432,Linear interpolation,COUN,4140,2,0,0,1,5,0,0,1,0,1,0,158,5,0,0,0,11,4,0,5,0,5,5,0,0,0,0,0,3,2,0,0,2,0,0,0,0,0,5,0,0,0,109,0,0,0,0,0,0,1,0,0,30,0,0,0,0,0,0,0,2,1,0,0,0,2,0,0,1,8,0,1,0,0,16,0,0,0,1,0,1,2,0,0,0,4,0,0,0,0,0,0,0,0,0,0,0,0,0,0,11,0,0,0,0,0,0,1,0,0,0,0,0,0,0,0,0,1,52,0,0,1,2,0,4,0,0,0,0,198,0,0,2,0,0,2,0,41,0,2,0,0,0,0,0,10,0,0,0,1,0,1,0,0,0,0,0,6,0,44,0,0,0,0,0,0,0,6,0,0,0,0,0,0,0,0,0,0,0,0,0
25,Lake Xinias,1040,38936.5,41981.6,40726.6,23.432,Linear interpolation,COUN,4141,3,1,0,0,10,0,0,0,0,0,0,193,10,0,0,0,12,11,1,8,0,13,3,1,0,0,0,0,2,1,0,0,3,0,0,0,0,0,8,0,0,0,115,0,0,0,0,1,0,5,0,0,46,0,0,0,1,0,0,3,3,3,0,0,0,0,0,0,4,14,0,0,0,0,26,0,0,0,1,0,0,3,0,0,0,8,0,0,0,0,0,0,0,0,0,0,0,0,0,0,14,0,0,0,1,0,0,2,0,0,0,0,0,0,0,0,0,1,74,0,0,5,0,0,5,1,0,0,0,378,0,0,1,0,0,1,4,103,0,0,0,0,3,1,0,3,0,1,0,0,0,1,0,0,0,0,0,5,0,95,0,0,0,0,0,0,0,3,0,0,0,0,2,2,0,0,0,0,0,0,0
25,Lake Xinias,1060,39335.5,42484,41195.2,23.432,Linear interpolation,COUN,4142,2,0,0,1,4,0,0,12,0,0,0,106,15,0,0,0,4,0,0,7,0,5,3,1,0,0,0,0,0,0,3,0,2,0,0,0,0,0,3,0,0,0,90,1,0,0,0,0,0,2,0,0,44,0,0,0,0,0,0,0,2,2,0,0,0,0,0,0,1,0,0,1,0,0,23,0,0,0,0,0,1,2,0,0,0,5,0,0,0,0,0,1,0,0,0,0,0,0,0,0,13,0,0,0,0,0,0,0,0,0,1,0,0,0,0,0,0,2,38,0,0,2,0,1,4,0,0,1,0,269,0,0,2,0,0,0,4,103,0,0,0,0,0,0,0,4,0,0,0,1,0,6,0,0,1,0,0,0,0,74,0,0,0,0,0,0,0,2,0,0,0,0,1,1,0,0,0,0,0,0,0
25,Lake Xinias,1080,39738,42990.8,41663.8,23.432,Linear interpolation,COUN,4143,1,1,0,0,21,0,0,11,0,0,0,215,21,0,0,0,67,22,0,7,0,5,8,0,0,0,0,0,3,3,3,0,7,0,0,0,0,2,20,0,0,0,96,0,0,0,0,1,0,14,0,0,72,0,1,0,0,0,0,1,3,4,0,0,0,0,0,0,6,3,0,0,1,0,48,0,0,0,0,0,0,1,0,1,0,17,1,0,0,0,1,1,0,0,0,0,0,0,0,0,17,0,0,2,0,0,0,0,0,0,0,0,0,0,0,0,0,1,52,0,0,2,9,0,6,0,0,0,0,682,0,0,12,0,0,2,2,137,0,0,0,0,2,0,0,8,0,4,0,0,0,8,0,0,0,1,0,5,0,71,0,0,0,0,0,0,0,3,0,0,0,0,8,2,0,0,0,0,0,0,0
25,Lake Xinias,1100,40128.9,43495.7,42132.5,23.432,Linear interpolation,COUN,4144,3,1,0,1,3,0,0,8,0,0,0,136,17,0,0,0,18,13,0,7,0,9,2,1,0,0,0,0,3,3,1,1,3,0,0,0,0,0,6,0,0,0,90,0,0,1,0,1,0,1,0,0,34,0,0,0,0,0,0,0,2,1,0,0,0,0,0,0,1,6,0,0,0,0,18,0,0,0,1,0,1,2,0,0,0,8,0,0,0,0,2,0,0,0,0,0,0,0,0,0,6,0,0,1,0,0,0,1,0,0,0,0,1,0,0,0,0,2,29,0,0,1,1,0,2,1,0,0,0,430,0,0,10,0,0,1,4,83,0,0,0,0,0,2,0,2,0,5,0,0,1,4,0,0,0,0,0,8,0,57,0,0,0,0,0,0,1,4,0,0,0,0,2,5,0,0,0,0,0,0,0
25,Lake Xinias,1120,40521.9,44005,42601.1,23.432,Linear interpolation,COUN,4145,2,1,0,0,3,0,0,5,0,0,0,212,21,0,0,0,15,10,0,3,0,5,0,1,0,0,0,0,4,1,0,0,0,0,0,0,0,0,0,0,0,0,117,0,0,0,0,0,0,1,0,0,42,0,0,0,0,0,0,0,3,1,0,0,0,0,0,0,1,4,0,0,0,0,23,0,0,0,0,0,0,2,0,0,0,3,0,0,0,0,0,0,0,0,0,0,0,0,0,0,12,0,0,0,0,0,0,0,0,0,0,0,0,0,0,0,0,2,14,0,0,0,1,0,9,0,0,0,0,266,0,0,6,0,0,1,1,24,0,0,0,0,1,1,0,14,0,1,0,0,0,2,0,0,0,0,0,1,0,49,0,0,0,0,0,0,0,3,0,0,0,0,2,0,0,0,0,0,0,0,0
25,Lake Xinias,1140,40913.5,44515.8,43069.8,23.432,Linear interpolation,COUN,4146,5,1,0,1,10,0,0,3,0,0,0,95,3,0,0,0,6,4,0,5,0,3,8,0,0,0,0,0,0,0,3,0,1,0,0,0,0,1,9,0,0,0,56,0,0,0,0,0,0,8,0,0,45,0,0,0,0,0,0,1,0,1,0,0,0,0,0,0,5,4,1,0,0,0,29,0,0,0,0,0,0,0,0,0,0,13,0,0,0,0,1,1,0,0,0,3,0,0,0,0,6,0,0,1,1,0,0,0,0,0,0,0,0,0,0,0,0,1,43,0,1,1,5,0,2,0,0,0,0,431,0,0,2,0,0,0,3,168,0,0,0,0,0,0,0,2,0,1,0,0,0,0,0,0,0,1,1,3,0,38,0,0,0,0,0,0,0,5,0,0,1,0,1,1,0,0,0,1,0,0,0
25,Lake Xinias,1160,41315.4,45023.7,43538.4,23.432,Linear interpolation,COUN,4147,4,0,0,0,8,0,0,10,0,0,0,141,1,0,0,0,20,12,0,8,0,8,3,0,0,0,0,0,2,0,0,0,6,0,0,0,0,0,27,0,0,0,64,0,0,0,0,0,0,7,0,0,36,0,0,0,0,1,0,0,1,1,0,0,0,0,0,0,9,1,0,0,0,0,36,0,0,0,0,0,0,0,0,0,0,7,0,0,0,0,1,0,0,0,0,0,0,0,0,0,13,0,0,0,0,0,0,0,0,0,0,0,0,0,0,0,0,1,70,0,0,2,4,0,2,1,0,0,0,503,0,0,21,0,0,0,3,144,0,0,0,0,0,0,1,5,1,2,0,0,0,3,0,0,0,0,0,2,0,36,0,0,0,0,0,0,0,1,0,0,1,0,1,7,0,0,0,1,0,0,1
25,Lake Xinias,1180,41706.5,45529.4,44007,23.432,Linear interpolation,COUN,4148,2,0,0,0,8,0,0,3,0,0,0,180,1,0,0,0,8,0,0,5,0,4,3,0,0,0,0,0,2,0,1,1,2,0,0,0,0,0,7,0,0,0,120,0,0,0,0,0,0,3,0,0,43,0,0,0,0,0,0,1,1,1,0,0,0,0,0,0,2,3,0,0,0,0,20,0,0,0,0,0,0,2,0,0,0,5,0,0,0,0,0,0,0,0,0,0,0,0,0,0,11,0,0,1,1,0,0,0,0,0,0,0,0,0,0,0,0,0,31,0,0,0,2,0,7,0,0,0,0,295,0,0,6,0,0,0,2,49,0,0,0,0,0,1,0,5,0,3,0,0,0,0,0,1,0,0,0,2,0,64,0,0,0,0,0,0,0,1,0,0,0,0,2,5,0,0,0,0,0,0,0
25,Lake Xinias,1200,42102.3,46042.8,44475.7,23.432,Linear interpolation,COUN,4149,0,1,0,0,13,0,0,10,0,0,0,124,7,1,0,0,9,8,0,5,0,3,2,0,0,1,0,0,0,3,0,2,2,0,0,0,0,0,16,0,0,0,56,0,0,0,0,0,0,3,0,0,29,0,0,0,0,0,0,0,1,1,0,0,0,0,0,0,8,1,0,1,0,0,24,0,0,0,2,0,0,0,0,0,0,3,0,0,0,0,0,0,0,0,0,0,0,1,0,0,12,0,0,0,0,0,0,0,0,0,0,0,0,0,0,0,0,0,58,0,0,0,5,0,3,0,0,0,0,536,0,1,5,2,0,2,3,136,0,0,0,0,1,0,0,4,0,1,0,0,1,0,0,0,0,0,2,4,0,55,0,0,0,0,0,0,0,0,0,0,1,0,0,4,0,0,0,1,0,0,0
25,Lake Xinias,1220,42499.1,46554.3,44944.3,23.432,Linear interpolation,COUN,4150,2,0,0,0,2,0,0,11,0,0,0,302,10,0,0,0,15,6,0,3,0,12,8,0,0,0,0,0,4,1,0,0,2,0,0,0,0,0,9,0,0,0,155,0,0,0,0,0,0,2,0,0,104,0,0,0,0,0,0,0,2,3,0,0,0,0,0,0,0,6,0,0,0,0,22,0,0,0,0,0,2,1,0,0,0,2,0,0,0,0,1,0,0,0,0,0,0,0,0,0,21,0,0,1,0,0,0,0,0,0,0,0,0,0,0,0,1,2,71,0,0,4,4,0,3,0,0,0,0,457,0,1,10,0,0,0,2,43,0,0,0,0,1,0,0,14,1,1,0,2,0,0,0,0,0,0,1,3,0,75,0,0,0,0,1,0,0,1,0,0,0,0,1,0,0,0,0,0,0,0,0
25,Lake Xinias,1247,43038.2,47249.9,45577,23.432,Linear interpolation,COUN,4151,2,0,0,1,0,1,1,10,0,1,0,180,11,1,0,0,5,3,0,9,0,14,8,0,0,0,0,0,7,1,0,0,2,0,0,0,0,0,6,0,0,0,78,0,0,0,0,0,0,4,0,0,52,0,0,0,0,0,0,0,1,3,0,0,0,0,0,0,4,0,0,1,0,0,23,0,0,0,1,0,0,1,0,0,0,4,0,0,0,0,0,0,0,0,0,1,0,0,0,0,11,0,0,0,0,0,0,0,0,0,0,0,1,0,0,0,0,1,77,0,0,4,3,0,5,0,0,0,0,418,0,0,4,0,0,0,3,135,0,0,0,0,1,0,0,9,0,3,0,0,0,0,0,0,0,0,1,2,0,90,0,0,0,0,0,0,0,9,0,0,0,0,2,2,0,0,0,0,0,0,0
25,Lake Xinias,1257,43239.5,47506.1,45811.3,23.432,Linear interpolation,COUN,4152,1,0,0,0,3,0,0,2,0,0,0,127,17,0,0,0,3,3,0,6,0,5,6,0,0,0,1,0,2,1,0,0,0,0,0,0,0,0,2,0,0,0,63,0,0,0,0,0,0,3,0,0,45,0,0,0,0,0,0,0,0,2,0,1,0,0,0,0,5,4,0,0,0,0,13,0,0,0,0,0,0,1,0,0,0,8,0,0,0,0,0,0,0,0,0,0,0,0,0,1,5,0,0,0,0,0,0,0,0,0,0,0,0,0,0,0,0,0,72,0,0,1,1,0,4,3,0,0,0,329,0,0,0,0,0,0,3,75,0,0,0,0,0,1,1,15,0,1,0,0,0,0,1,0,0,0,0,3,0,50,0,0,0,0,0,0,0,6,0,0,0,0,0,0,0,0,0,0,0,0,0
25,Lake Xinias,1280,43695.2,48100.2,46350.2,23.432,Linear interpolation,COUN,4153,16,2,0,0,13,0,0,5,0,0,0,91,8,0,0,0,2,0,0,5,0,8,8,0,0,0,0,0,1,0,11,4,1,0,0,0,0,0,2,0,0,0,35,0,0,0,0,0,0,7,0,0,31,0,0,0,0,0,0,1,1,1,0,1,0,1,0,0,9,1,0,1,0,0,17,0,0,0,1,0,0,1,0,0,0,7,0,0,1,0,0,0,0,0,0,0,0,0,0,0,5,0,0,1,0,0,0,0,0,0,0,0,1,0,0,0,0,1,226,0,0,2,3,0,2,0,0,0,0,344,0,0,2,0,0,0,6,164,0,0,0,0,0,0,0,3,0,0,0,1,0,3,0,0,0,0,0,1,0,58,0,0,0,0,0,0,0,1,0,0,0,0,2,5,0,0,0,0,0,0,0
25,Lake Xinias,1290,43895,48357.8,46584.5,23.432,Linear interpolation,COUN,4154,30,3,0,0,19,0,0,5,0,0,0,75,62,0,0,0,1,3,0,6,0,8,3,0,1,0,0,0,0,0,12,12,3,0,0,0,0,0,5,0,0,0,31,1,0,0,0,0,0,24,0,0,79,0,0,0,0,0,0,2,1,1,0,0,0,0,0,0,12,2,0,0,3,0,22,0,0,0,0,0,0,0,0,0,0,36,0,0,0,0,0,2,0,0,0,1,0,0,0,0,11,0,0,0,0,0,0,0,0,0,0,0,0,0,0,0,1,0,263,0,0,0,9,1,2,0,0,0,0,497,0,0,4,0,0,0,7,364,0,0,0,0,0,0,0,3,0,1,0,0,0,3,0,0,0,0,1,2,0,72,0,0,0,0,0,0,0,3,0,0,1,0,4,11,0,0,0,0,0,0,0
25,Lake Xinias,1300,44093,48615.5,46818.9,23.432,Linear interpolation,COUN,4155,3,2,0,0,7,0,0,4,0,0,0,222,5,0,0,0,1,2,0,5,0,4,7,0,0,0,0,0,2,0,0,1,2,0,0,0,0,1,5,0,0,0,152,0,0,0,0,0,0,2,0,0,23,0,0,0,0,0,0,0,3,0,0,0,0,0,0,0,1,2,0,0,0,0,16,0,0,0,0,0,0,0,0,0,0,5,0,1,0,0,0,0,0,0,0,0,1,1,0,0,7,0,0,0,0,0,0,0,0,0,0,0,0,0,0,0,0,3,62,0,1,1,1,0,1,0,0,0,0,342,0,0,2,0,0,1,3,66,0,0,0,0,0,0,0,11,0,0,0,0,0,1,0,0,0,0,0,4,0,125,0,0,0,0,0,0,0,7,0,0,0,0,0,0,0,0,0,0,0,0,0
25,Lake Xinias,1310,44288.6,48873.4,47053.2,23.432,Linear interpolation,COUN,4156,12,1,0,0,14,0,0,0,0,0,0,170,14,0,0,0,5,4,1,3,0,7,7,1,0,0,0,0,2,1,7,1,3,0,0,0,0,0,7,0,0,0,85,0,0,0,0,0,0,8,0,0,49,0,1,0,0,0,0,0,4,5,0,0,0,0,0,0,10,6,0,0,0,0,9,0,0,0,0,0,0,1,0,0,0,11,0,0,0,0,1,0,0,0,0,1,0,0,0,0,10,0,0,1,0,1,0,0,0,0,0,0,0,0,0,0,0,3,125,1,1,0,4,0,2,0,0,0,0,363,0,0,4,0,0,0,4,241,0,0,0,0,0,0,1,4,0,0,0,1,0,1,0,0,0,0,0,5,0,79,0,0,0,0,0,0,0,3,0,0,1,0,2,4,0,0,0,0,0,0,0
25,Lake Xinias,1320,44483.1,49131.4,47287.5,23.432,Linear interpolation,COUN,4157,1,1,0,0,10,0,0,2,0,0,0,106,10,0,0,0,2,0,0,4,0,5,4,0,0,0,0,0,1,0,4,5,1,0,0,0,0,0,2,0,0,0,31,0,0,0,1,0,0,4,0,0,22,0,0,0,0,0,0,0,2,0,0,0,0,0,0,0,5,2,0,1,1,0,18,0,0,0,0,0,0,0,0,0,0,8,0,0,0,0,3,0,0,0,0,0,0,0,0,0,7,0,0,0,0,0,0,0,0,0,0,0,0,0,0,0,0,0,85,0,3,0,6,1,0,0,0,0,0,290,0,0,1,0,0,0,0,150,0,1,0,0,1,0,0,1,0,3,0,1,0,1,0,0,0,0,0,3,0,31,0,0,0,0,0,1,0,8,0,0,0,0,2,7,1,0,0,0,0,0,0
25,Lake Xinias,1340,44872.9,49647.6,47756.1,23.432,Linear interpolation,COUN,4158,34,2,0,1,5,0,0,3,0,0,0,64,2,0,0,0,0,0,0,5,0,2,0,1,0,0,0,0,1,0,10,3,0,0,0,0,0,0,1,0,0,0,15,0,0,0,0,0,0,14,0,1,32,0,0,0,0,0,0,0,0,4,0,0,0,0,0,0,6,0,0,1,0,0,13,0,0,1,0,0,0,0,0,0,0,6,0,0,0,0,0,0,0,0,0,0,0,0,0,0,9,0,0,0,0,0,0,0,0,0,0,0,0,0,0,0,0,0,151,0,0,0,5,0,3,0,0,0,0,172,0,0,0,0,0,0,3,261,0,0,0,0,0,0,0,4,0,0,0,0,0,1,0,0,0,0,1,1,0,12,0,0,0,0,0,0,1,1,0,0,4,0,3,7,0,0,0,0,0,0,0
25,Lake Xinias,1350,45068.9,49907.1,47990.5,-9999,Linear interpolation,COUN,4159,8,1,0,0,17,0,0,2,0,1,1,121,9,2,0,0,7,1,0,4,0,2,5,2,0,0,0,0,4,0,5,4,2,0,0,0,0,0,0,0,0,0,55,0,0,0,0,0,0,13,0,0,64,0,0,0,0,0,0,0,0,7,0,0,0,0,0,0,2,6,0,0,1,2,32,0,0,0,0,0,0,0,0,0,0,40,0,0,0,0,0,1,0,0,0,0,0,0,0,0,8,0,0,0,0,0,0,0,0,0,0,1,0,0,0,0,0,2,172,0,0,2,2,0,5,0,0,1,0,462,0,0,2,0,2,0,4,292,0,1,0,0,0,0,0,15,0,8,0,0,0,0,0,0,0,0,1,0,1,27,0,0,0,1,0,0,0,7,0,0,0,0,0,14,2,0,0,0,0,0,0
25,Lake Xinias,1380,-9999,-9999,-9999,-9999,-9999,COUN,4160,4,1,0,0,3,0,0,7,0,1,0,115,22,1,0,0,3,1,0,2,0,5,4,1,0,0,0,0,1,0,0,3,3,0,0,0,0,0,1,0,0,0,67,0,0,0,0,0,0,6,0,0,52,0,0,0,0,0,0,0,0,2,0,0,0,0,0,0,1,0,0,0,0,0,20,0,0,0,0,0,0,1,0,0,0,8,0,0,0,0,0,1,0,0,1,2,0,0,0,0,7,0,0,0,0,0,0,0,0,0,0,0,0,0,0,0,0,2,78,0,0,0,2,0,4,0,0,0,0,295,0,1,1,0,0,0,6,126,0,0,0,0,1,0,0,3,1,4,0,0,0,1,0,0,0,0,0,3,0,38,0,0,0,0,0,0,1,3,0,0,0,0,1,6,0,0,0,0,0,0,0
25,Lake Xinias,1400,-9999,-9999,-9999,-9999,-9999,COUN,4161,4,1,0,1,4,0,0,4,0,0,0,118,7,2,0,0,0,0,0,6,0,2,0,0,0,0,0,0,1,0,1,0,1,0,0,0,0,0,4,0,0,0,45,0,0,0,0,0,0,5,0,0,21,0,0,0,0,0,0,0,2,1,0,0,0,0,0,0,1,2,0,0,0,0,12,0,0,0,0,0,0,1,0,0,0,2,0,0,0,0,0,0,0,0,0,0,0,0,0,0,7,0,0,0,0,0,0,0,0,0,0,0,0,0,0,0,0,0,227,0,0,0,0,0,1,1,0,0,0,144,0,0,0,0,0,0,0,61,0,1,0,0,0,0,0,2,0,0,0,0,0,0,0,0,0,0,0,1,0,47,0,0,0,0,0,0,0,1,0,0,0,0,1,2,0,0,0,0,0,0,0
25,Lake Xinias,1420,-9999,-9999,-9999,-9999,-9999,COUN,4162,2,1,0,0,12,0,0,3,0,0,0,34,64,0,0,0,2,1,0,14,0,2,2,0,0,0,0,0,0,0,0,1,2,0,0,0,0,0,5,0,0,0,39,0,0,0,0,0,0,12,0,0,31,0,0,0,0,0,0,0,1,3,0,0,0,0,0,0,1,5,1,0,1,1,12,0,0,0,1,0,0,1,0,0,0,10,0,0,0,0,0,0,0,0,0,0,0,0,0,0,10,0,0,0,0,0,0,0,0,0,0,0,0,0,0,0,0,0,247,0,0,0,0,0,5,0,0,1,0,293,0,0,3,0,0,0,3,247,0,0,0,1,0,0,0,3,0,0,0,0,0,0,0,0,0,0,0,3,0,47,0,0,0,1,0,0,0,2,0,0,1,0,4,6,0,1,0,0,0,0,0
