site_id,site_name,Sample depth,CLAM_min95,CLAM_max95,CLAM_best,CLAM_acc_rate,CLAM_age_model_type,count_type,sample_id,Abies,Acalypha type,Acer,Acer negundo type,Acer rubrum,Acer saccharum type,Alnus incana type,Amaranthaceae/Chenopodiaceae,Ambrosia type,Anacardiaceae,Apiaceae,Apocynum,Arceuthobium/Loranthaceae,Arecaceae,Artemisia,Asteraceae (Liguliflorae),Asteraceae (Tubuliflorae),Avena type,Berberidaceae,Beta vulgaris type,Betula,Brasenia schreberi,Brassica,Brassicaceae,Bromeliaceae,Bursera,Byrsonima,Campanulaceae,Carpinus/Ostrya,Carya,Caryophyllaceae,Ceanothus,Cedrus,Celtis,Cephalanthus,Ceratiola ericoides type,cf Araliaceae,cf Hypericum,cf Oxalis,cf Physalis,cf Verbenaceae,cf Weinmannia,Chamaecrista fasciculata type,Chamaecrista type,Chamaecyparis type,Cistaceae,Cladium,Cladium mariscoides,Cladium mariscus ssp. jamaicense,Clethra,Combretaceae/Melastomataceae,Corylus,Cupressaceae,Cyperaceae,Cyrilla racemiflora,Dalea,Dalea candida type,Dalea purpurea,Dianthus type,Dodonaea,Dryopteris type,Equisetum,Ericaceae,Eriocaulon,Eryngium type,Euphorbia,Fabaceae,Fagus,Fraxinus,Fraxinus nigra type,Fraxinus pennsylvanica type,Froelichia type,Galium,Gentiana andrewsii type,Gentianaceae,Gomphrena type,Gordonia,Hedyosmum,Hedysarum,Hydrocotyle,Ilex,Impatiens,Indeterminable,Isoetes,Iva frutescens type,Iva xanthifolia type,Juglans nigra type,Lamiaceae,Larix/Pseudotsuga,Lechea,Ledum type,Liquidambar,Ludwigia type,Lupinus type,Lycopodiaceae,Lycopodiella inundata,Magnolia,Malvaceae,Matteuccia,Menyanthes trifoliata,Moraceae,Morus,Myrica,Myriophyllum,Myrtaceae,Nuphar,Nymphaea,Nymphoides,Nyssa,Onagraceae,Ophioglossum,Opuntia,Orchidaceae,Osmanthus,Osmunda,Osmunda cinnamomea,Paronychia americana,Paronychia chartacea,Parthenocissus,Phoradendron,Picea,Pinaceae,Pinus,Pinus subg. Pinus,Pinus subg. Strobus,Piperaceae type,Plantago,Platanus,Poaceae,Podocarpus,Polygalaceae,Polygonella ciliata type,Polygonella fimbriata type,Polygonella polygama type,Polygonum amphibium,Polygonum tenue type,Polypodiales,Polypodium type,Pontederiaceae,Populus,Potamogeton,Pteridium type,Quercus,Ranunculaceae,Rhamnaceae,Rhexia type,Rhus,Rhynchospora type,Rosaceae,Rubiaceae,Rumex,Rutaceae,Sabal,Sagittaria,Salix,Sambucus,Sanguisorba,Sapindus,Saxifraga type,Scheuchzeria palustris,Scrophulariaceae type,Selaginella,Serenoa,Shepherdia canadensis,Sisyrinchium,Solanaceae,Solanum rostratum,Sparganium type,Sphagnum,Symplocos,Taxodium,Taxus,Thalictrum,Tilia,Tillandsia,Trema,Trifolium repens type,Tsuga,Typha,Ulmus,Unknown,Urtica type,Urticaceae,Urticales,Utricularia,Viburnum,Vitis,Xanthium,Ximenia,Xyris,Zanthoxylum type
24,Lake Tulane,69,-9999,-9999,-9999,-9999,-9999,COUN,3881,0,0,0,0,0,0,1,3,13,0,0,0,0,2,0,0,1,0,0,0,0,0,0,0,0,0,1,0,0,2,0,0,0,0,0,0,0,0,0,0,0,0,0,0,0,0,1,0,0,0,0,0,9,10,1,0,0,0,0,0,0,0,0,0,0,0,0,0,1,0,0,0,0,0,0,0,0,0,0,0,0,0,0,47,1,0,0,0,0,0,0,0,0,0,0,0,0,0,0,0,0,0,7,0,0,0,0,0,1,0,0,0,0,0,0,0,0,0,0,0,0,0,356,14,0,0,0,0,31,0,0,0,0,0,0,0,0,0,0,0,0,0,27,0,0,0,0,0,0,0,0,0,0,0,0,0,0,0,0,0,0,0,0,0,0,0,0,0,0,0,2,0,0,0,0,0,0,0,0,0,1,0,0,0,0,0,0,0,0,2,0
24,Lake Tulane,77,-9999,-9999,-9999,-9999,-9999,COUN,3882,0,0,0,0,0,1,1,15,8,0,0,0,0,0,0,0,5,0,0,0,0,0,0,0,0,0,0,0,1,6,0,0,0,0,0,0,0,0,0,0,0,0,0,0,0,0,0,0,4,0,0,0,6,5,0,0,0,0,0,0,0,0,0,0,0,0,0,0,1,0,0,0,0,0,0,0,0,0,0,0,0,0,2,12,3,0,0,0,0,0,0,0,0,0,0,0,0,0,1,0,0,0,7,0,0,0,0,0,1,0,0,0,0,0,1.5,0,0,0,0,0,0,0,221.5,38,0,0,0,0,29,1,0,0,0,1,0,0,0,0,1,0,0,0,42,0,0,1,0,1,0,0,0,0,0,0,0,0,0,0,0,0,0,0,0,0,0,0,0,0,0,0,3,0,0,0,0,0,0,0,2,1,1,0,0,0,0,0,1,0,0,2,0
24,Lake Tulane,85,-9999,-9999,-9999,-9999,-9999,COUN,3883,0,0,0,0,0,0,0,8,9,0,0,0,0,0,0,0,3,0,0,0,1,0,0,0,0,0,0,0,1,3,0,0,0,1,1,0,0,0,0,0,0,0,0,0,0,0,2,0,0,0,0,0,9,9,1,0,0,0,0,0,0,0,2,0,0,0,0,0,2,0,0,0,0,0,0,0,0,0,0,0,0,0,0,32,1,0,0,0,0,0,0,0,0,0,1,0,0,0,0,0,0,0,12,0,0,0,0,0,0,0,0,1,0,0,0,1,0,0,0,0,0,0,366,18,0,0,0,0,24,0,0,1,0,0,0,0,0,0,0,0,0,0,36,0,0,0,0,0,0,0,0,0,0,0,0,0,0,0,0,0,0,0,0,0,0,0,0,1,0,0,5,0,0,0,0,0,0,0,0,1,0,0,0,0,0,0,0,0,0,1,0
24,Lake Tulane,93,-9999,-9999,-9999,-9999,-9999,COUN,3884,0,0,0,0,0,0,1,13,6,0,0,0,0,0,1,0,3,0,0,0,0,0,0,0,0,0,0,0,4,6,0,0,0,0,0,0,0,0,0,0,0,0,0,0,0,0,0,0,1,0,0,0,1,4,0,0,0,0,0,0,0,0,0,0,0,0,0,0,2,0,0,0,0,0,0,0,0,0,0,0,0,0,7,17,0,0,0,0,0,0,0,2,0,0,1,0,0,0,0,0,0,0,9,0,0,0,0,0,1,0,0,0,0,0,0,0,0,0,0,0,0,0,264.5,29,0,0,0,0,26,0,0,0,0,0.5,0,0,0,0,0,0,0,0,31,0,0,0,0,0,0,0,0,0,0,0,0,0,0,0,0,0,0,0,0,0,0,0,0,0,0,0,0,0,0,0,0,0,0,0,0,0,0,0,0,0,0,0,0,0,0,0,0
24,Lake Tulane,101,-9999,-9999,-9999,-9999,-9999,COUN,3885,0,0,0,0,0,0,0,18,0,0,0,0,0,0,0,0,3,0,0,0,0,0,0,0,0,0,0,0,0,1,0,0,0,0,0,0,0,0,0,0,0,0,0,0,0,0,0,0,0,0,0,0,3,7,0,0,0,0,0,0,1,0,0,0,0,0,0,0,4,0,0,0,0,0,0,0,0,0,0,0,0,0,2,18,1,0,0,0,0,0,0,0,0,0,0,0,0,0,0,0,0,0,4,0,0,0,0,0,1,0,0,0,0,0,0,0,0,0,0,0,0,0,362,8,1,0,0,0,21,0,0,0,0,0,0,0,0,0,0,0,0,0,21,0,0,1,0,0,0,0,0,0,0,0,0,0,0,0,0,0,0,0,0,0,0,0,0,0,0,0,2,0,0,0,0,0,0,0,1,1,2,0,0,0,0,0,0,0,0,2,0
24,Lake Tulane,105,-9999,-9999,-9999,-9999,-9999,COUN,3886,0,0,0,0,0,0,0,16,4,0,0,0,0,0,1,0,5,0,0,0,1,0,0,0,0,0,0,0,2,7,0,0,0,1,0,0,0,0,0,0,0,0,0,0,0,0,1,0,0,0,0,0,5,13,0,0,0,0,0,0,4,0,3,0,0,0,1,0,1,0,0,0,0,0,0,0,0,0,0,0,0,0,9,7,1,0,0,0,0,0,0,2,0,0,2,0,0,0,0,0,0,0,11,0,0,0,0,0,1,0,0,0,0,0,0,3,0,0,0,0,0,0,255,0,0,0,0,0,32,0,0,0,1,0,0,0,0,0,0,0,0,0,33,0,0,1,0,0,0,0,0,0,0,0,0,0,0,0,0,0,0,1,0,0,0,0,0,0,0,0,1,0,0,0,0,0,0,0,0,0,0,0,0,0,0,0,0,0,0,1,0
24,Lake Tulane,113,-9999,-9999,-9999,-9999,-9999,COUN,3887,0,0,0,0,0,1,0,6,3,0,0,0,0,0,0,0,4,0,0,0,0,0,0,0,0,0,0,0,0,6,0,0,0,0,0,0,0,0,0,0,0,0,0,0,1,0,0,0,0,0,0,0,3,8,0,0,0,0,0,0,0,0,0,0,0,0,0,0,3,0,0,0,0,0,0,0,0,0,0,0,0,0,19,8,0,0,0,0,0,0,0,2,0,0,0,0,0,0,0,0,0,0,14,0,0,0,1,0,1,0,0,0,0,0,0,0,0,0,0,0,0,0,344,8,0,0,0,0,22,0,0,0,0,0,0,0,0,0,0,1,0,0,28,0,0,0,1,0,0,0,0,0,0,0,0,0,0,0,0,0,0,0,0,0,0,0,0,0,0,0,2,0,0,0,0,0,0,0,0,0,1,0,1,0,0,0,0,0,0,2,0
24,Lake Tulane,117,-9999,-9999,-9999,-9999,-9999,COUN,3888,0,0,0,0,0,0,0,5,3,0,1,0,0,0,0,0,1,0,0,0,0,0,0,0,0,0,0,0,2,9,0,0,0,0,1,0,0,0,0,0,0,0,0,0,0,0,0,0,0,0,0,0,8,8,0,0,0,0,0,0,1,0,2,0,0,0,0,0,2,0,0,0,0,0,0,0,0,0,0,0,0,0,5,24,0,0,0,0,0,0,0,1,0,0,1,0,0,0,0,0,0,0,10,0,0,0,0,0,0,0,0,0,0,0,1,0,0,0,0,0,0,0,415,34,1,0,0,0,40,0,0,1,0,0,0,0,0,0,0,0,0,0,43,0,0,0,0,0,0,0,0,0,0,0,0,0,0,0,0,0,0,0,0,0,0,0,0,0,0,0,8,0,0,0,0,0,0,0,1,1,0,0,0,0,0,0,0,0,0,2,0
24,Lake Tulane,133,-9999,-9999,-9999,-9999,-9999,COUN,3889,0,0,0,0,0,0,1,15,2,0,0,0,0,0,0,0,2,0,0,0,0,0,0,0,0,0,0,0,0,2,0,0,0,0,0,0,0,0,0,0,0,0,0,1,0,0,0,0,0,0,0,0,2,4,0,0,0,0,0,0,2,0,0,0,0,0,0,0,1,0,0,0,0,0,0,0,0,0,0,0,0,0,0,3,1,0,0,0,0,0,0,1,0,0,1,0,0,0,0,0,0,0,0,1,0,0,0,0,0,0,0,0,0,0,0,0,0,0,0,0,0,0,461,5,1,0,0,0,46,0,0,0,0,0,0,0,0,0,0,0,0,0,32,0,0,1,0,0,0,0,0,0,0,0,1,0,0,0,0,0,0,1,0,0,0,0,0,0,0,0,0,0,0,1,0,0,0,0,0,1,0,0,0,0,0,0,1,0,0,0,0
24,Lake Tulane,141,-9999,-9999,-9999,-9999,-9999,COUN,3890,0,0,0,0,0,0,0,20,1,0,0,0,0,0,0,0,5,0,0,0,1,0,0,0,0,0,0,0,1,2,0,0,0,0,0,0,0,0,0,0,0,0,0,0,0,0,0,0,1,0,0,0,3,7,0,0,0,0,0,0,1,0,0,0,0,0,0,0,1,0,0,0,0,0,0,0,0,0,0,0,0,0,1,3,5,0,0,0,0,0,0,0,0,0,0,0,0,0,0,0,0,0,5,0,0,0,0,0,0,0,0,0,0,0,0,0,0,1,0,0,0,0,258.5,19,1,0,0,0,35.5,0,0,0,0,2.5,0,0,0,0,0,0,0,0,35,0,0,1,0,0,0,0,0,0,0,0,0,0,0,0,0,0,0,2,0,0,0,0,0,0,0,0,0,0,0,0,0,0,0,0,0,0,3,2,0,0,0,0,0,0,0,2,0
24,Lake Tulane,149,-9999,-9999,-9999,-9999,-9999,COUN,3891,0,0,0,0,0,0,0,29,3,0,0,0,0,1,0,0,3,0,0,0,0,0,0,0,0,0,0,0,1,1,0,0,0,0,0,0,0,0,0,0,0,0,0,0,0,0,1,0,0,0,0,0,5,6,0,0,0,0,0,0,3,0,1,0,0,0,0,0,0,0,0,0,0,0,0,0,0,0,0,0,0,0,7,1,4,0,0,0,0,0,0,0,0,0,1,0,0,0,0,0,0,0,6,0,0,0,0,0,0,0,0,0,0,0,0,0,0,0,0,0,0,0,326,21,2,0,0,0,28,0,0,0,0,0,0,0,0,0,0,0,0,0,36,0,0,0,0,0,0,0,0,0,0,0,0,0,0,0,0,0,0,1,0,0,0,0,0,1,0,0,1,0,0,0,0,1,0,0,0,1,2,0,0,0,0,0,0,0,0,0,0
24,Lake Tulane,157,-9999,-9999,-9999,-9999,-9999,COUN,3892,0,0,0,0,1,0,1,18,1,0,1,0,0,0,0,0,5,0,0,0,0,0,0,0,0,0,0,0,0,1,0,0,0,0,0,0,0,0,0,0,0,0,2,0,0,0,0,0,0,0,0,0,1,4,0,0,0,0,0,0,2,0,3,0,0,0,0,0,0,0,0,0,0,0,0,0,1,0,0,0,0,0,3,2,1,0,0,0,0,0,0,0,0,0,0,0,0,0,0,0,0,0,3,0,0,0,0,0,0,0,0,0,0,0,0,0,0,0,0,0,0,0,263,26,2,0,0,0,28,0,0,0,0,0,0,0,0,0,0,0,0,0,18,0,0,2,0,0,0,0,0,0,0,0,1,0,0,0,0,0,0,0,0,0,0,0,0,1,0,0,1,0,0,0,0,0,0,0,0,3,0,0,0,0,0,0,0,0,0,1,0
24,Lake Tulane,165,-9999,-9999,-9999,-9999,-9999,COUN,3893,0,0,0,0,0,0,0,13,0,0,0,0,0,0,0,0,4,0,0,0,0,0,0,0,0,0,0,0,0,1,0,0,0,0,0,0,0,0,0,0,0,0,0,0,0,0,1,0,0,0,0,0,2,9,0,0,0,0,0,0,0,0,4,0,0,0,0,0,0,0,0,0,0,0,0,0,1,0,0,0,0,0,5,4,4,0,0,0,0,0,0,0,0,0,2,0,0,0,0,0,0,0,0,0,0,0,0,0,0,0,0,0,0,0,0,0,0,0,0,0,0,0,365,0,4,0,0,0,36,0,0,0,0,0,0,0,0,0,0,0,0,0,31,1,0,0,0,0,0,0,0,0,0,0,0,0,0,0,0,0,0,0,0,0,0,0,0,0,0,0,3,0,0,0,0,0,0,0,0,0,1,0,0,0,0,0,0,0,0,1,0
24,Lake Tulane,173,-9999,-9999,-9999,-9999,-9999,COUN,3894,0,0,0,0,0,0,0,9,1,0,0,0,0,0,0,0,3,0,0,0,0,0,0,0,0,0,0,0,1,3,0,0,0,0,0,1,0,0,0,0,0,0,0,0,0,0,0,0,4,0,1,0,8,0,0,0,0,0,0,0,2,0,1,0,0,0,0,0,1,0,0,0,0,0,0,0,0,0,0,0,1,0,8,3,2,0,0,0,0,0,0,2,0,0,0,0,0,0,0,0,0,1,7,0,0,0,0,0,0,0,0,0,0,0,0,0,0,0,0,0,0,0,298,38,3,0,0,0,63,1,0,0,0,1,0,0,0,0,0,0,0,0,40,0,0,3,0,0,0,0,0,0,0,0,0,0,0,0,0,0,0,0,0,0,0,0,0,0,1,0,0,0,0,0,1,0,0,0,0,0,5,0,0,0,0,0,0,0,0,1,0
24,Lake Tulane,181,-9999,-9999,-9999,-9999,-9999,COUN,3895,0,1,0,0,0,0,0,18,1,0,0,0,0,0,1,0,2,0,0,0,0,0,0,0,0,0,0,0,0,4,0,0,0,1,0,0,0,0,0,0,0,0,0,0,0,0,0,0,1,0,0,0,1,5,0,0,0,0,0,0,1,0,1,0,0,0,2,0,0,0,0,0,0,0,0,0,0,0,0,0,0,0,3,0,1,0,0,0,0,0,0,0,0,0,0,0,0,0,0,0,0,0,8,0,0,0,0,0,0,0,0,0,0,0,0,0,0,0,0,0,0,0,371,11,2,0,0,0,65,0,0,0,0,0,0,0,0,0,0,0,0,0,36,0,0,0,0,0,0,0,0,0,0,0,1,0,0,0,0,0,0,0,0,0,0,0,0,1,0,0,0,0,0,0,0,0,0,0,0,0,1,0,0,0,0,0,0,0,0,0,0
24,Lake Tulane,189,-9999,-9999,-9999,-9999,-9999,COUN,3896,0,0,0,0,0,0,0,22,2,0,0,0,0,0,0,0,5,0,0,0,0,0,0,0,0,0,0,0,1,1,0,0,0,0,0,0,0,0,0,0,0,0,0,0,0,0,1,0,0,0,0,0,1,5,0,0,0,0,0,0,0,2,1,0,0,0,0,0,4,0,0,0,0,0,0,0,0,0,0,0,1,0,0,0,4,0,0,0,0,0,0,1,0,0,0,0,0,0,0,0,0,0,11,0,0,0,0,0,1,0,0,0,0,0,1,0,0,0,0,0,0,0,310,31,1,0,0,0,81,0,0,0,0,0,0,0,0,0,0,0,0,0,37,0,0,0,0,0,0,0,0,0,0,0,0,0,0,0,0,0,0,0,0,0,0,0,0,0,0,0,0,0,0,0,0,0,0,0,1,1,2,0,0,0,0,0,0,0,0,0,0
24,Lake Tulane,197,-9999,-9999,-9999,-9999,-9999,COUN,3897,0,0,0,0,0,0,0,28,0,0,0,0,0,0,0,0,5,0,0,0,0,0,0,0,0,0,0,0,3,3,0,0,0,0,1,0,1,0,0,0,0,0,0,0,0,0,2,0,1,0,0,0,0,4,0,0,0,0,0,0,0,0,1,0,0,0,0,0,2,0,0,0,0,0,0,0,0,0,0,0,0,0,4,2,6,0,0,0,0,0,0,0,0,0,2,0,0,0,0,0,0,0,11,0,0,0,0,0,0,0,0,0,0,0,0,0,0,0,0,0,0,0,310,2,0,0,0,0,66,0,0,0,0,0,0,0,0,0,1,0,0,0,47,0,0,5,0,0,0,0,0,0,0,0,1,0,0,0,0,0,0,0,0,0,0,0,0,0,0,0,2,0,0,0,0,0,0,0,0,2,2,0,0,0,0,0,0,0,0,2,0
24,Lake Tulane,205,-9999,-9999,-9999,-9999,-9999,COUN,3898,0,0,0,0,0,0,1,10,1,0,0,0,0,0,1,0,2,0,0,0,1,0,0,0,0,0,0,0,1,0,0,0,0,0,0,0,0,0,0,0,0,0,0,0,0,0,0,0,5,0,3,0,0,6,0,0,0,0,0,0,0,0,0,0,0,0,0,0,1,0,0,0,0,0,0,0,0,0,0,0,0,0,4,2,4,0,0,0,0,0,0,0,0,0,1,0,0,0,0,0,0,0,6,0,0,0,0,0,0,0,0,0,0,0,0,0,0,0,0,0,0,0,240,26,2,0,0,0,52,0,0,0,1,0,0,0,0,0,0,0,0,0,54,0,0,0,0,0,0,0,0,0,0,0,0,0,0,0,0,0,0,0,0,0,0,0,0,0,0,0,0,0,0,0,0,0,0,0,0,1,3,0,0,1,0,0,0,0,0,1,0
24,Lake Tulane,213,-9999,-9999,-9999,-9999,-9999,COUN,3899,0,0,0,0,0,0,1,2,0,0,0,0,0,0,0,0,1,0,0,0,0,0,0,0,0,0,0,0,1,2,0,0,0,0,0,0,0,0,0,0,0,0,0,0,0,0,0,0,0,0,0,0,1,8,0,0,0,0,0,0,2,0,2,0,0,0,1,0,0,0,0,0,0,0,0,0,0,0,0,0,0,0,3,0,1,0,0,0,0,0,0,1,0,0,1,0,0,0,0,0,0,0,8,0,0,0,0,0,0,0,0,0,0,0,0,0,0,0,0,0,0,0,334,12,1,0,0,0,36,0,0,0,0,0,0,0,0,0,0,0,0,0,26,0,0,1,0,0,0,0,0,0,0,0,0,0,0,0,0,0,0,1,0,0,0,0,0,0,1,0,1,0,0,0,0,0,0,0,0,0,1,0,0,0,0,0,1,0,0,0,0
24,Lake Tulane,221,-9999,-9999,-9999,-9999,-9999,COUN,3900,0,0,0,0,0,2,1,12,7,0,0,0,0,0,1,0,3,0,0,0,0,0,0,0,0,0,0,0,0,3,0,0,0,0,0,0,0,0,0,0,0,0,0,0,0,0,1,0,7,0,0,0,0,6,0,0,0,0,0,0,3,0,1,0,0,0,0,0,1,0,0,0,0,0,0,0,0,0,0,0,0,0,7,5,2,0,0,0,0,1,0,1,0,0,0,0,0,0,0,0,0,1,4,0,0,0,0,0,0,0,0,0,1,0,0,0,0,0,0,0,0,0,350,36,0,0,0,0,72,0,0,0,0,0,0,0,0,0,0,0,0,0,66,0,0,2,0,0,0,0,0,0,0,0,0,0,0,0,0,0,0,0,0,0,0,0,0,0,1,0,0,0,0,0,0,0,0,0,0,0,5,0,0,0,0,0,2,0,0,0,0
24,Lake Tulane,229,-9999,-9999,-9999,-9999,-9999,COUN,3901,0,0,0,0,0,0,0,14,4,0,0,0,0,1,0,0,10,0,0,0,0,0,0,0,0,2,0,0,1,3,0,0,0,0,0,0,0,0,0,0,0,0,0,0,0,0,3,0,0,0,0,0,1,8,0,0,0,0,0,0,0,0,2,0,0,0,0,0,1,0,0,0,0,0,0,0,0,0,0,1,0,0,0,2,1,0,0,0,0,0,0,1,0,0,1,0,0,0,0,0,0,0,5,0,0,0,0,0,1,0,0,0,0,0,0,0,0,0,0,0,0,0,394,12,0,0,0,0,40,0,0,0,0,0,0,0,0,0,0,0,0,0,41,0,0,1,0,0,0,0,0,0,0,0,1,0,0,0,0,0,0,0,0,0,0,0,0,0,0,0,0,1,0,0,0,0,0,0,0,0,2,0,0,0,0,0,0,0,0,0,0
24,Lake Tulane,237,-9999,-9999,-9999,-9999,-9999,COUN,3902,0,0,0,0,0,0,1,11,3,0,2,0,0,0,0,0,5,0,0,0,0,0,0,0,0,0,0,0,0,2,0,0,0,0,0,0,0,0,0,0,0,0,0,0,0,0,0,0,5,0,0,0,0,7,0,0,0,0,0,0,0,0,5,0,0,0,0,0,3,0,0,0,0,0,0,0,0,0,0,0,0,0,11,4,4,0,0,0,0,0,1,1,0,0,0,0,0,0,0,0,0,1,10,0,0,0,0,0,0,0,0,0,1,0,1,0,0,0,0,0,0,0,258,21,1,0,0,1,61,0,0,0,0,0,0,0,0,0,0,0,0,0,73,0,0,5,0,0,0,0,0,0,0,0,1,0,0,0,0,0,0,1,0,0,0,0,0,0,0,0,0,0,0,0,0,0,0,0,0,0,9,0,0,0,0,0,0,0,0,0,0
24,Lake Tulane,245,-9999,-9999,-9999,-9999,-9999,COUN,3903,0,0,0,0,0,0,0,14,1,0,0,0,0,0,0,1,8,0,0,0,0,0,0,0,0,0,0,0,1,0,0,0,0,0,0,0,0,0,0,0,0,0,0,0,0,0,1,0,0,0,0,0,2,6,0,0,0,0,0,0,0,0,2,0,0,0,0,0,1,0,0,0,0,0,0,0,0,0,0,0,0,0,4,0,2,0,0,0,0,0,0,2,0,0,2,0,0,0,0,0,0,0,5,0,0,0,0,0,0,0,0,0,0,0,0,0,0,0,0,0,0,0,268,7,1,0,0,0,39,0,0,0,0,0,0,0,0,0,0,0,0,0,54,0,0,1,0,0,0,0,0,0,0,0,0,0,0,0,0,0,0,0,0,0,0,0,0,0,0,0,0,0,0,0,0,0,0,0,0,1,1,0,0,0,0,0,0,0,0,0,0
24,Lake Tulane,253,-9999,-9999,-9999,-9999,-9999,COUN,3904,0,0,0,0,0,0,1,17,3,0,0,0,0,0,0,0,4,0,0,0,2,0,0,0,0,0,0,0,0,3,0,0,0,0,0,0,0,0,0,0,0,0,0,0,0,0,0,0,0,0,0,0,3,4,0,0,0,0,0,0,1,0,1,0,0,0,0,0,1,0,0,0,0,0,0,0,0,0,0,0,0,0,0,4,3,0,0,0,0,0,0,0,0,0,0,0,0,0,0,0,0,0,8,0,0,0,0,0,0,0,0,0,1,0,2,0,0,0,0,0,0,0,375,59,1,0,0,0,72,0,0,0,0,0,0,0,0,0,0,0,0,0,75,0,0,3,0,0,0,0,0,0,0,0,0,0,0,0,0,0,0,1,0,0,0,0,0,0,0,0,0,0,0,0,0,0,0,0,0,0,0,0,0,1,0,0,2,0,0,0,0
24,Lake Tulane,261,-9999,-9999,-9999,-9999,-9999,COUN,3905,0,0,0,0,0,0,1,9,2,0,0,0,0,0,0,0,2,0,0,0,0,0,0,0,0,0,0,0,0,4,0,0,0,1,0,0,0,0,0,0,0,0,0,1,0,0,1,0,0,0,0,0,1,1,0,0,0,0,0,0,0,0,0,0,0,0,1,0,0,0,0,0,0,0,0,0,0,0,0,0,0,0,2,3,3,0,0,0,0,0,0,0,0,0,1,0,0,0,0,0,0,0,5,0,0,0,0,0,0,0,0,0,0,0,0,0,0,0,0,0,0,0,347,21,0,0,0,0,35,0,0,0,0,0,0,0,0,0,0,0,0,0,48,0,0,0,0,0,0,0,0,0,0,0,0,0,0,0,0,0,0,0,0,0,0,0,0,1,0,0,0,0,0,0,0,0,0,0,0,0,0,0,0,0,0,0,0,0,0,0,0
24,Lake Tulane,269,-9999,-9999,-9999,-9999,-9999,COUN,3906,0,0,0,0,0,1,0,15,2,0,0,0,0,0,0,0,1,0,0,0,0,0,0,0,1,0,0,0,0,2,0,0,0,0,0,2,0,0,0,0,0,0,0,0,0,0,0,0,1,0,0,0,0,6,0,0,0,0,0,0,1,0,0,0,0,0,0,0,0,0,0,0,0,0,0,0,0,0,0,0,0,0,3,1,3,0,0,0,0,1,0,1,0,0,0,0,0,0,0,0,0,0,4,0,0,0,0,0,0,0,0,0,0,0,1,0,0,0,0,0,0,0,265,48,0,0,0,0,66,1,0,0,0,0,0,0,0,0,0,0,0,0,77,0,0,3,0,0,0,0,0,0,0,1,0,0,0,0,0,0,0,0,0,0,0,0,0,0,0,0,0,0,0,0,0,0,0,0,3,2,1,0,0,0,0,0,0,0,0,0,0
24,Lake Tulane,277,-9999,-9999,-9999,-9999,-9999,COUN,3907,0,0,0,0,0,0,0,24,2,0,0,0,0,0,0,0,2,0,0,0,0,0,0,0,0,0,0,0,1,3,0,0,0,0,0,0,0,0,0,0,0,0,1,0,0,0,0,0,0,0,0,0,0,5,0,0,0,0,0,0,1,0,1,0,0,0,0,0,2,0,0,0,0,0,0,0,0,0,0,0,0,0,12,4,4,0,0,0,0,0,0,0,0,0,0,0,0,0,0,0,0,0,6,0,0,0,0,0,1,0,0,0,0,0,2,0,0,0,0,0,0,0,265,17,0,0,0,0,71,0,0,0,0,0,0,0,0,0,0,0,0,0,93,0,0,1,0,0,0,0,0,0,0,0,0,0,0,0,0,0,0,1,1,0,0,0,0,0,0,0,0,0,0,0,0,0,0,0,1,0,1,0,1,0,0,0,0,0,0,0,0
24,Lake Tulane,285,-9999,-9999,-9999,-9999,-9999,COUN,3908,0,0,0,0,0,0,1,12,1,0,0,0,0,0,0,0,7.5,0,0,0,0,0,0,0,0,0,0,0,0,4,0,0,0,0,0,0,0,0,0,0,0,0,0,0,0,0,2,0,2,0,0,0,2,1,0,0,0,0,0,0,1,0,1,0,0,0,0,0,2,0,0,0,0,0,0,0,1,0,0,0,0,0,7,3,3,0,0,0,0,0,0,1,0,0,1,0,0,0,0,0,0,0,5,0,0,0,0,0,0,0,0,0,0,0,0,0,0,0,0,0,0,0,166,13,0,0,0,0,68.5,0,0,0,0,1,0,0,0,0,0,0,0,0,103.5,0,0,2,0,0,0,0,0,0,0,0,1,0,0,0,0,0,0,0,0,0,0,0,0,0,0,0,0,0,0,0,0,0,0,0,0,1,2,0,0,0,0,0,0,0,0,0,0
24,Lake Tulane,293,-9999,-9999,-9999,-9999,-9999,COUN,3909,0,0,0,0,0,0,1,20,6,1,0,0,0,0,0,0,3,0,0,0,0,0,0,0,0,0,0,0,1,4,0,0,0,1,0,0,0,0,0,0,0,0,0,0,0,0,0,0,4,0,0,0,2,9,0,0,0,0,0,0,0,0,5,0,0,0,0,0,2,0,0,0,0,0,0,0,0,0,0,0,0,0,8,8,3,0,0,0,0,2,0,2,0,0,0,0,0,0,0,0,0,0,14,0,0,0,0,0,1,0,0,0,0,0,0,1,0,0,0,0,0,0,297,13,0,0,0,0,69,0,0,0,0,0,0,0,0,0,0,0,0,0,95,0,0,2,0,0,0,0,0,0,0,0,0,0,0,0,0,0,0,1,0,0,0,0,0,0,0,0,0,0,0,0,0,0,0,0,0,1,2,0,0,0,0,0,0,0,0,1,0
24,Lake Tulane,297,-9999,-9999,-9999,-9999,-9999,COUN,3910,0,0,0,0,0,0,0,13,2,0,1,0,0,0,0,0,5,0,0,0,0,0,0,0,0,0,0,0,0,1,0,0,0,0,0,0,0,0,0,0,0,0,0,0,0,0,1,0,0,0,0,0,0,11,0,0,0,0,0,0,0,0,1,0,0,0,0,0,1,0,0,0,0,0,0,0,0,0,0,0,0,0,1,4,3,0,0,0,0,0,0,0,0,0,2,0,0,0,0,0,0,0,5,0,0,0,0,0,0,0,0,0,0,0,1,0,0,0,0,0,0,0,308,4,0,0,0,0,67,0,0,0,0,0,0,0,0,0,0,0,0,0,33,0,0,5,0,0,0,0,0,0,0,1,0,0,0,0,0,0,0,1,0,0,0,0,0,2,0,0,1,0,0,0,0,0,0,0,0,1,1,0,0,0,0,0,1,0,0,1,0
24,Lake Tulane,301,-9999,-9999,-9999,-9999,-9999,COUN,3911,0,0,0,0,0,0,1,16.5,4,0,0,0,0,0,0,0,5,0,0,0,0,0,0,0,0,0,0,0,1,0,0,0,0,1,0,1,0,0,0,0,0,0,0,1,0,0,3,0,2,0,0,0,0,7,0,0,0,0,0,0,0,0,3,0,0,0,0,0,2,0,0,0,0,0,0,0,0,0,0,0,0,1,15,1,5,0,0,0,0,0,0,0,0,0,0,0,0,0,0,0,0,0,5,0,0,0,0,0,0,0,0,0.5,0,0,1,0,0,0,0,1,0,0,102.5,11,0,0,0,0,96,0,0,0,0,0,0,0,0,0,0,0,0,0,131,0,0,1,0,0,0,0,0,0,0,0,0,0,0,0,0,0,0,1,0,0,0,0,0,0,0,0,2,0,0,0,0,0,0,0,3,2,0,0,0,0,0,0,0,0,0,1,0
24,Lake Tulane,309,-9999,-9999,-9999,-9999,-9999,COUN,3912,0,0,0,0,0,0,0,11,6,0,0,0,0,0,0,0,9,0,0,0,0,0,0,0,0,0,0,1,0,2,0,0,0,0,0,0,0,0,0,0,0,0,0,0,0,0,0,1,2,0,0,0,6,5,0,0,0,0,0,0,0,0,1,0,0,0,0,0,5,0,0,0,0,0,0,0,0,0,0,0,0,0,9,0,3,0,0,0,0,0,0,0,0,0,1,0,0,0,0,0,0,0,7,0,0,0,0,0,0,0,0,0,0,0,0,0,0,0,0,0,0,0,173,11,1,0,0,1,100,0,0,0,0,0,0,0,0,0,0,0,0,0,112,0,0,1,0,0,0,0,0,0,0,2,0,0,0,0,0,0,0,0,0,0,0,0,0,2,0,0,0,0,0,0,0,0,0,0,0,0,3,0,0,0,0,0,0,0,0,1,0
24,Lake Tulane,317,-9999,-9999,-9999,-9999,-9999,COUN,3913,0,0,0,0,1,0,0,18,4,0,0,0,0,0,0,0,6,0,0,0,0,0,0,0,0,0,0,0,0,2,0,0,0,0,0,1,0,0,0,0,0,0,1,0,0,0,0,0,3,0,0,0,2,11,0,0,0,0,0,0,1,0,1,0,0,0,0,0,1,0,0,0,0,0,0,0,0,0,0,0,0,0,5,2,7,0,0,0,0,0,0,0,0,0,0,0,0,0,0,0,0,0,7,0,0,0,0,0,0,0,0,0,0,0,0,0,0,0,0,0,0,0,148,25,0,0,0,0,160,0,0,0,0,0,0,0,0,0,0,0,0,0,163,0,0,0,0,0,0,0,0,0,0,0,1,0,0,0,0,0,0,0,0,0,0,0,0,0,0,0,0,0,0,0,0,0,0,0,3,1,5,0,0,0,0,0,0,0,0,1,0
24,Lake Tulane,325,-9999,-9999,-9999,-9999,-9999,COUN,3914,0,0,0,0,0,0,1,15,4,0,1,0,0,0,0,0,10,0,0,1,0,0,0,0,0,0,0,0,0,0,0,0,0,0,0,0,0,0,0,0,0,0,0,0,0,0,1,0,0,0,0,0,1,9,0,0,0,0,0,0,0,0,2,0,0,0,0,0,1,0,0,1,0,0,0,0,0,0,0,0,0,0,5,0,6,0,0,0,0,0,0,1,0,0,1,0,0,0,0,0,0,0,1,0,0,0,0,0,1,0,0,0,0,0,0,0,0,0,0,0,0,0,166,2,0,0,0,0,91,0,0,0,0,0,0,0,0,0,0,0,0,0,108,0,0,1,0,0,0,0,0,0,0,0,0,0,0,0,0,0,0,2,0,0,0,0,0,2,0,0,0,0,0,0,0,0,0,0,0,0,3,0,0,0,0,0,0,0,0,0,0
24,Lake Tulane,333,-9999,-9999,-9999,-9999,-9999,COUN,3915,1,0,0,0,0,0,1,14,12,0,0,0,0,0,2,0,9,0,0,0,0,0,0,0,0,0,0,0,0,2,0,0,0,0,0,0,0,0,0,0,0,0,2,0,0,0,0,0,4,0,0,0,0,9,0,1,0,0,0,0,0,0,3,0,0,0,0,0,0,0,0,0,0,0,0,0,0,0,0,0,0,0,2,0,8,0,0,0,0,0,0,0,0,0,0,0,0,0,0,0,0,1,5,0,0,0,0,0,0,0,0,0,0,0,0,0,0,0,0,0,0,0,153,19,0,0,0,0,74,0,0,0,0,0,0,0,0,0,0,0,0,0,170,0,0,0,0,0,0,0,0,0,0,1,0,0,0,0,0,0,1,2,0,0,0,0,0,0,0,0,0,0,0,0,0,0,0,0,1,1,7,0,0,0,0,0,1,0,0,0,0
24,Lake Tulane,341,-9999,-9999,-9999,-9999,-9999,COUN,3916,0,0,0,0,0,0,1,10,13,0,0,0,0,0,1,0,7,0,0,0,0,0,0,0,0,0,0,0,0,6,0,0,0,0,0,0,0,0,0,1,0,0,0,0,0,0,6,0,0,0,0,0,0,7,0,0,0,0,0,0,0,0,1,0,0,0,0,0,0,0,0,0,0,0,0,0,0,0,0,0,0,0,5,0,9,0,0,0,0,0,0,0,0,0,1,0,0,0,0,0,0,0,3,0,0,0,0,0,0,0,0,0,0,0,0,0,0,0,0,0,0,0,148,1,0,0,0,0,62,0,0,0,1,0,0,0,0,0,0,0,0,0,122,0,0,1,0,0,0,0,0,0,0,0,0,0,0,0,0,0,0,0,0,0,0,0,0,0,0,0,2,0,0,0,0,0,0,0,0,0,1,0,0,0,0,0,0,0,0,1,0
24,Lake Tulane,349,-9999,-9999,-9999,-9999,-9999,COUN,3917,0,0,0,0,0,0,2,13,12,0,1,0,0,0,1,0,15,0,0,0,0,0,0,0,0,0,0,0,0,5,0,0,0,0,0,0,0,0,0,0,0,0,0,0,0,0,1,0,11,0,0,0,1,6,0,0,0,0,0,0,1,0,0,0,0,0,0,0,1,0,0,0,0,0,0,0,0,0,0,0,0,0,7,0,20,0,0,0,0,0,0,1,0,0,0,0,0,0,0,0,0,0,2,0,0,0,0,0,0,0,0,0,0,0,0,0,0,0,0,0,0,0,122,8,0,0,0,0,83,0,0,0,0,0,0,0,0,0,0,0,0,0,170,0,0,0,0,0,0,0,0,0,0,0,1,0,0,0,0,0,0,1,0,0,0,0,0,0,0,0,0,0,0,0,0,0,0,0,1,2,3,0,0,1,0,0,0,0,0,1,0
24,Lake Tulane,365,-9999,-9999,-9999,-9999,-9999,COUN,3918,0,0,0,0,0,0,2,12,12,0,0,0,0,0,0,0,7,0,0,0,0,0,0,0,0,0,0,0,0,3,0,0,0,0,0,1,0,0,0,0,0,0,0,0,0,0,0,0,4,0,0,0,1,6,0,0,0,0,0,0,0,0,1,0,0,0,1,0,1,0,0,0,0,0,0,0,0,0,0,0,0,0,9,0,13,0,0,0,0,1,0,0,0,0,0,0,0,0,0,0,0,0,3,1,0,0,0,0,0,0,0,0,0,0,0,0,0,0,0,0,0,0,113,14,0,0,0,0,83,0,0,0,0,0,0,0,0,0,0,0,0,0,140,0,0,0,0,0,0,0,0,0,0,0,0,0,0,0,0,0,0,2,2,0,0,0,0,0,0,0,0,0,1,0,0,0,0,0,2,1,1,0,0,0,0,0,0,0,0,0,0
24,Lake Tulane,373,-9999,-9999,-9999,-9999,-9999,COUN,3919,0,0,0,0,0,0,1,20,9,0,0,0,0,0,0,0,8,0,0,0,0,0,0,0,0,0,0,1,1,1,0,0,0,0,0,0,0,1,0,0,0,0,1,0,0,0,7,0,0,0,0,0,0,16,0,0,0,1,0,1,0,0,2,0,0,0,0,0,1,0,0,0,0,0,0,0,0,0,0,0,0,0,5,1,6,0,0,0,0,0,0,0,0,0,2,0,0,0,0,0,0,0,3,0,0,0,0,0,0,0,0,0,0,0,0,0,0,0,0,0,0,0,149,6,0,0,0,0,70,0,0,0,0,0,0,0,0,0,0,0,0,0,98,0,0,0,0,0,0,0,0,0,0,0,0,0,0,0,0,0,0,2,0,0,0,1,0,0,0,0,2,0,0,0,0,0,0,0,2,0,1,0,0,0,0,0,0,0,0,0,0
24,Lake Tulane,381,7853,9215.9,8109.7,41.693,Smooth spline (smoothing 0.6),COUN,3920,0,0,0,0,0,0,0,7,8,0,0,0,0,0,1,0,7,0,0,0,0,0,0,0,0,0,0,0,0,1,0,0,0,0,0,0,0,0,0,0,0,0,1,0,0,0,1,0,9,0,0,0,1,12,0,0,0,0,0,0,0,0,2,0,0,0,0,0,0,0,0,0,0,0,0,0,0,0,0,0,0,0,7,0,15,0,0,0,0,0,0,0,0,0,0,0,0,0,0,0,0,1,2,0,0,0,0,0,0,0,0,0,0,0,0,0,0,0,0,0,0,0,111,16,0,0,0,0,85,0,0,0,0,1,0,0,0,0,0,0,0,0,175,0,0,1,0,0,0,0,0,0,0,0,0,0,0,0,0,0,0,6,0,0,0,0,0,0,0,0,0,0,0,0,1,0,0,0,1,1,4,0,0,0,0,0,0,0,0,1,0
24,Lake Tulane,389,8176.7,9453.7,8442.9,41.539,Smooth spline (smoothing 0.6),COUN,3921,0,0,0,0,0,0,1,11,11,0,1,0,0,1,0,0,14,0,0,0,0,0,0,0,0,0,0,0,0,2,0,0,0,0,0,0,0,0,0,0,0,0,0,0,0,0,4,0,0,0,0,0,1,10,0,0,0,0,0,1,0,0,0,0,0,0,0,0,1,0,0,0,0,0,0,0,0,0,0,0,0,0,4,1,16,0,0,0,0,0,0,0,0,1,1,0,0,0,0,0,0,0,5,0,0,0,0,0,0,0,0,0,0,0,0,0,0,0,0,0,0,0,144,10,0,0,0,0,95,0,0,0,0,0,0,0,0,0,0,0,0,0,112,0,0,0,0,0,0,0,0,0,0,0,0,0,0,0,0,0,0,3,0,0,0,0,0,0,0,0,0,0,0,0,0,0,0,0,0,1,2,0,0,0,0,0,0,0,0,2,0
24,Lake Tulane,397,8499.1,9691.5,8773.9,41.105,Smooth spline (smoothing 0.6),COUN,3922,0,0,0,0,0,0,1,7,5,0,1,0,0,0,1,0,10,0,0,0,0,0,0,0,0,0,0,0,0,1,0,0,0,0,0,1,0,0,0,0,0,0,0,0,0,0,0,0,8,0,0,0,0,8,0,0,0,0,0,0,0,0,0,0,0,0,0,0,1,0,0,0,0,0,0,0,0,0,0,0,0,0,4,0,24,0,0,0,0,0,0,0,0,0,0,0,0,0,0,0,0,0,5,0,0,0,0,0,0,0,0,0,0,0,0,0,1,0,0,0,0,0,139,25,0,0,0,1,92,0,0,0,0,3,0,0,0,0,0,0,0,0,191,0,0,4,0,0,0,0,0,0,0,0,0,0,0,0,0,0,0,6,0,0,0,0,0,0,0,0,0,0,0,0,0,0,0,0,1,2,5,0,0,0,0,0,0,0,0,4,0
24,Lake Tulane,405,8815.4,9925,9100.4,40.391,Smooth spline (smoothing 0.6),COUN,3923,0,0,0,0,0,0,0,13,11,0,0,0,0,0,0,0,14,0,0,0,1,0,0,0,0,0,0,0,0,1,0,0,0,0,0,0,0,0,0,0,0,0,0,1,0,0,0,0,0,0,0,0,1,13,0,0,0,0,0,0,0,0,3,0,1,0,0,0,0,0,0,0,0,0,0,0,0,0,0,0,0,0,5,1,15,0,0,0,0,0,0,0,0,0,1,0,0,0,0,0,0,0,4,0,0,0,1,0,0,0,0,0,0,0,0,0,0,0,0,0,0,0,184,5,0,0,0,0,88,0,0,0,0,0,0,0,0,0,0,0,0,0,164,0,0,0,0,0,0,0,0,0,0,0,0,0,0,0,0,0,0,1,0,0,2,0,0,1,0,0,0,0,0,0,0,0,0,0,0,1,1,0,0,0,0,0,0,0,0,0,0
24,Lake Tulane,413,9127.1,10152.5,9420.2,39.396,Smooth spline (smoothing 0.6),COUN,3924,0,0,0,0,0,0,0,17,9,0,2,0,0,2,1,0,9,0,0,0,0,0,0,0,0,1,0,0,1,1,0,0,0,0,0,0,0,0,0,0,0,0,0,0,0,0,0,0,4,0,0,0,0,2,0,0,0,0,0,0,0,0,1,0,0,0,0,0,0,0,0,0,0,0,0,0,0,0,0,0,0,0,7,0,13,0,0,0,0,0,0,0,0,0,1,0,0,0,0,0,0,0,1,0,0,0,0,0,0,0,0,0,0,0,0,0,0,1,0,0,0,0,147,18,0,0,0,0,68,0,0,0,0,0,0,0,0,0,0,0,0,0,166,0,0,0,0,0,0,0,0,0,0,1,0,0,0,0,0,0,0,3,0,0,0,0,0,0,0,0,0,0,0,0,0,0,0,0,2,2,5,0,0,0,0,0,0,0,0,0,0
24,Lake Tulane,421,9427.8,10374,9731.1,38.121,Smooth spline (smoothing 0.6),COUN,3925,0,0,0,0,0,0,0,11,11,0,1,0,0,0,0,0,13,0,0,0,0,0,0,0,0,0,0,0,0,1,0,0,0,0,0,0,0,0,0,0,1,0,0,0,0,0,0,0,0,0,0,0,0,13,0,0,0,0,0,0,0,0,0,0,0,0,0,1,2,0,0,0,0,0,1,0,0,0,0,0,0,0,3,1,11,0,0,0,0,1,0,0,1,0,0,0,0,0,0,0,0,0,3,0,1,0,0,0,0,0,0,0,0,0,0,0,0,0,0,0,0,0,219,13,0,0,0,0,89,0,0,0,0,0,0,0,0,0,0,0,0,0,157,0,0,0,0,0,0,0,0,0,0,0,0,0,0,0,0,0,0,3,0,0,0,0,0,0,0,0,0,0,0,0,0,0,0,0,0,2,2,0,0,0,0,0,0,0,0,1,0
24,Lake Tulane,429,9723.4,10589.8,10030.8,36.566,Smooth spline (smoothing 0.6),COUN,3926,0,0,0,0,0,0,1,4,20,0,0,0,0,1,0,0,11,0,0,0,0,0,0,0,0,0,0,0,1,0,0,0,0,0,0,0,0,0,0,0,0,0,1,0,0,0,1,0,1,0,0,0,0,2,0,0,0,0,0,1,0,0,0,0,0,0,0,0,0,0,0,0,0,0,0,0,0,0,0,0,0,0,3,2,5,0,0,0,0,3,0,0,0,0,0,0,0,0,0,0,0,0,0,0,0,0,0,0,0,0,0,0,0,0,0,0,0,0,0,0,0,0,117,3,0,0,0,0,68,0,0,0,0,1,0,0,0,0,0,0,0,0,165,0,0,0,0,0,0,0,0,0,0,0,0,0,0,0,0,0,0,0,0,0,0,0,0,0,0,0,0,0,0,0,0,0,0,0,0,0,6,1,0,0,0,0,1,0,0,1,0
24,Lake Tulane,437,10008.2,10799.2,10317.1,34.731,Smooth spline (smoothing 0.6),COUN,3927,0,0,0,0,0,0,0,4,17,0,0,0,0,2,0,0,2,0,0,0,0,0,0,0,2,0,0,0,0,0,0,0,0,0,0,0,0,0,0,0,0,0,0,0,0,0,7,0,0,0,0,0,0,9,0,0,0,0,0,1,0,0,1,0,0,0,0,0,0,0,0,0,0,0,0,0,0,0,0,0,0,0,6,0,5,0,0,0,0,1,0,0,0,0,0,0,0,0,0,0,0,0,3,0,0,0,0,1,0,0,0,0,0,0,0,0,0,0,0,0,0,0,144,7,0,0,0,0,62,0,0,2,0,0,0,0,0,0,0,0,0,0,133,0,0,0,0,0,0,0,0,0,0,0,0,0,0,0,0,0,0,4,0,0,1,0,0,0,0,0,0,0,0,0,0,0,0,0,0,1,2,0,0,0,0,0,1,0,0,0,0
24,Lake Tulane,445,10284.6,10996.5,10587.8,32.617,Smooth spline (smoothing 0.6),COUN,3928,0,0,0,0,0,0,0,6,15,0,0,0,0,0,1,0,7,0,0,0,0,0,0,0,0,0,1,0,0,0,0,0,0,0,0,0,0,0,0,0,0,0,0,0,0,0,1,0,2,0,0,0,1,6,0,0,0,0,0,0,0,0,1,0,0,0,0,0,0,0,0,0,0,0,0,0,0,0,0,0,0,0,7,3,4,0,0,0,0,1,0,0,0,0,1,0,0,0,0,0,0,0,1,0,0,0,0,0,0,0,0,0,0,0,0,0,0,0,0,0,0,0,123,18,0,0,0,0,60,0,0,0,1,2,0,0,0,0,0,0,0,0,154,0,0,0,0,2,0,0,0,0,0,0,0,0,0,0,0,0,0,0,0,0,0,0,0,0,0,0,0,0,0,0,0,0,0,0,0,2,2,0,0,0,0,0,0,0,0,2,0
24,Lake Tulane,453,10545.3,11182,10841,30.448,Smooth spline (smoothing 0.6),COUN,3929,0,0,0,0,0,0,1,7,24,0,0,0,0,0,2,0,6,0,0,0,0,0,0,0,0,0,0,0,1,2,0,0,0,0,0,0,0,0,0,0,0,0,0,0,0,0,3,0,0,0,0,0,1,7,0,0,0,0,0,0,0,0,1,0,0,0,0,0,0,0,0,0,0,0,0,0,0,0,0,0,0,0,5,11,0,0,0,0,0,0,0,1,0,0,0,0,0,0,0,0,0,0,2,0,0,0,0,0,0,0,0,0,0,0,1,0,0,0,0,0,0,1,85,3,0,0,0,0,63,0,0,0,0,0,0,0,0,0,0,0,0,0,208,0,0,0,0,0,0,0,0,0,0,0,0,0,0,0,0,0,0,2,0,0,0,0,0,0,0,0,0,0,0,0,0,0,0,0,0,1,1,0,0,0,0,0,0,0,0,2,0
24,Lake Tulane,457,10672.8,11269.5,10961.2,29.409,Smooth spline (smoothing 0.6),COUN,3930,0,0,0,0,0,0,1,8,18,0,0,0,0,1,2,0,9,0,0,0,0,0,0,0,0,0,0,0,0,1,0,0,0,0,0,0,0,0,0,0,0,0,0,0,0,0,0,0,3,0,0,0,0,11,0,0,0,0,0,0,0,0,0,0,0,0,0,0,0,0,0,0,0,0,0,0,0,0,0,0,0,0,7,14,0,0,0,0,0,0,0,0,0,0,0,0,0,0,0,0,0,1,0,0,0,0,0,0,0,0,0,0,0,0,0,0,0,0,0,0,0,0,66,14,0,0,0,1,46,0,0,0,0,3,0,0,0,0,0,0,0,0,163,0,0,1,0,0,0,0,0,0,0,0,0,0,0,0,0,0,0,0,0,0,0,0,0,0,0,0,0,0,0,0,0,0,0,0,1,1,8,0,0,0,0,0,0,0,0,0,0
24,Lake Tulane,469,11035.7,11524.7,11297.7,26.475,Smooth spline (smoothing 0.6),COUN,3931,0,0,0,0,0,1,0,15,34,0,0,0,0,0.5,0,0,16,0,0,0,0,0,0,0,0,0,0,0,0,4,0,0,0,1,0,0,0,0,0,0,0,0,0,1,0,0,0,0,5,0,0,0,4,5,0,0,0,0,0,0,0,0,1,0,0,0,0,0,1,0,0,0,0,0,0,0,0,0,0,0,0,1,3,18,3,0,0,0,0,1,0,0,0,0,1,0,0,0,0,0,0,0,0,0,0,0,0,0,0,0,0,0,0,0,0,0,0,0,0,0,0,0,97.5,14,0,0,0,0,48,0,0,0,0,0,0,0,0,0,0,0,0,0,200,0,0,0,0,1,0,0,1,0,0,0,0,0,0,0,0,0,0,1,0,0,0,0,0,0,0,0,0,0,0,0,0,0,0,0,0,3,1,0,0,0,0,0,0,0,0,1,0
24,Lake Tulane,477,11260.5,11691.5,11503.1,24.671,Smooth spline (smoothing 0.6),COUN,3932,0,0,0,0,0,0,2,16,27,0,0,0,0,1,3,0,5,0,0,0,0,0,0,0,0,0,0,0,2,3,0,0,0,0,0,0,0,1,0,0,0,0,1,0,0,0,0,0,3,0,1,0,3,4,0,0,0,0,0,0,0,0,0,0,0,0,0,0,0,0,0,0,0,0,0,0,0,0,0,0,0,0,4,13,2,0,0,0,0,1,0,0,0,0,0,0,0,0,0,0,0,0,1,0,0,0,0,0,0,0,0,0,0,0,0,0,0,0,0,0,0,0,124,3,0,0,0,0,33,0,0,0,0,0,0,0,0,0,0,0,0,0,207,0,0,0,0,0,0,0,0,0,0,0,0,0,0,0,0,0,0,1,0,0,0,0,0,0,0,0,0,0,0,0,0,0,0,0,1,0,6,0,0,0,0,0,0,0,0,1,0
24,Lake Tulane,485,11471.4,11852.4,11694.5,22.99,Smooth spline (smoothing 0.6),COUN,3933,0,0,0,0,0,0,1,11,23,0,0,0,0,0,3,0,4,0,0,0,0,0,0,0,0,0,0,0,1,2.5,0,4,0,0,0,0,0,0,0,0,0,0,0,0,0,0,0,0,1,0,0,1,0,2,0,0,0,0,0,0,0,0,0,0,0,0,0,0,1,0,0,0,0,0,0,0,0,0,0,1,0,0,5,2,1,0,0,0,0,0,0,0,0,0,1,0,0,0,0,0,0,0,1,0,0,0,0,0,0,0,0,0,0,0,0,0,0,0,0,0,0,0,104.5,19,1,0,0,0,50,0,0,0,0,0,0,0,0,0,0,0,0,0,183,0,0,0,0,0,0,0,0,0,0,0,0,0,0,0,0,0,0,1,0,0,0,0,0,0,0,0,0,0,0,0,0,0,0,0,3,3,3,0,0,0,0,0,0,0,0,0,0
24,Lake Tulane,493,11663.6,12008.9,11872.9,21.43,Smooth spline (smoothing 0.6),COUN,3934,0,0,0,0,0,0,0,20,50,0,0,0,0,1,2,0,12,0,0,0,0,0,0,0,0,0,0,0,2,3,0,0,0,0,0,0,0,0,0,0,0,0,1,0,0,0,0,0,1,0,0,0,3,5,0,0,0,0,0,0,0,0,0,0,0,0,0,0,0,0,0,0,0,0,0,0,0,0,0,0,0,0,0,2,1,0,0,0,0,0,0,0,0,0,1,0,0,0,0,0,0,0,1,0,0,0,0,0,0,0,0,0,0,0,0,0,0,0,0,0,0,0,107,6,0,0,0,0,43,0,0,0,0,0,0,0,0,0,0,0,0,0,160,0,0,1,0,0,0,0,2,0,0,0,0,0,0,0,0,0,0,0,0,0,0,0,0,0,0,0,0,0,0,0,0,0,0,0,1,1,0,0,0,0,0,1,1,0,0,0,0
24,Lake Tulane,501,11840.9,12163.5,12039.2,19.992,Smooth spline (smoothing 0.6),COUN,3935,0,0,0,0,0,0,1,21,24,0,1,0,0,0,0,0,9,0,0,0,0,0,0,0,0,0,0,0,0,4,0,0,0,0,0,0,0,0,0,0,0,0,0,0,0,0,0,0,1,0,0,0,1,3,0,0,0,0,0,0,0,0,0,0,0,0,1,0,0,0,0,0,0,0,0,0,0,0,0,0,0,0,2,0,1,0,0,0,0,0,0,1,0,0,1,0,0,0,0,0,0,1,1,0,0,1,0,0,0,0,0,0,0,0,0,0,0,0,0,0,0,0,180.5,18,1,0,0,0,41,0,0,0,0,0,0,0,0,0,0,0,0,0,137,0,0,2,0,1,0,0,0,0,0,0,0,0,0,0,0,0,0,0,0,0,0,0,0,0,0,1,0,0,1,0,0,0,0,0,2,1,1,0,0,0,0,0,0,0,0,0,0
24,Lake Tulane,509,12002.9,12311.6,12194.4,18.624,Smooth spline (smoothing 0.6),COUN,3936,0,0,0,0,0,0,1,29,20,0,0,0,0,0,0,0,7,0,0,0,0,0,0,0,0,0,0,0,1,9,0,0,0,0,0,0,0,0,0,0,0,0,2,0,0,0,0,0,7,0,0,0,2,5,1,0,0,0,0,1,0,0,1,0,0,0,0,0,0,0,0,0,0,0,0,0,0,0,0,0,0,0,0,2,2,0,0,0,0,0,0,0,0,0,0,0,0,0,0,0,0,0,1,0,0,0,0,0,0,0,0,0,0,0,0,0,0,0,0,0,0,0,160,23,0,0,0,0,58,0,0,0,0,1,0,0,0,0,0,0,0,0,133,0,0,0,0,0,0,0,1,0,0,0,0,0,0,0,0,0,0,2,0,0,0,0,0,0,0,0,0,0,0,0,1,0,0,0,4,1,0,0,0,0,0,0,0,0,0,0,0
24,Lake Tulane,517,12150.7,12452,12338.7,17.283,Smooth spline (smoothing 0.6),COUN,3937,0,0,0,0,0,1,2,24,24,0,0,0,0,0,2,0,10,0,0,0,1,0,0,0,0,0,0,0,1,8.5,0,0,0,0,0,0,0,1,0,0,0,0,0,1,0,0,0,0,19,0,0,0,1,9.5,0,0,0,0,0,0,0,0,2,0,0,0,0,0,0,0,0,0,0,0,0,0,0,0,0,0,0,0,4,4,2,0,0,0,0,1,0,4,0,0,0.5,0,0,0,0,0,0,0,5,0,0,0,0,0,0,0,0,0,0,0,0,0,0,0,0,0,0,0,140.5,13,0,0,0,0,56,0,0,0,0,4,0,0,0,0,0,0,0,0,109,0,0,0,0,1,0,0,0,0,0,0,1,0,0,0,0,0,0,0,0,0,0,0,0,0,0,0,1,0,1,0,0,0,0,0,5,3,3,0,0,0,0,0,0,0,0,0,0
24,Lake Tulane,525,12286.9,12583.4,12472.3,15.971,Smooth spline (smoothing 0.6),COUN,3938,0,0,0,0,0,0,1,31,32,0,1,0,0,1,0,0,15,0,0,0,0,0,0,0,0,0,0,0,1,8,0,0,0,0,0,0,0,0,0,0,0,0,0,0,0,0,0,0,6,0,1,0,3,7,0,0,0,0,0,0,0,0,0,0,0,0,0,0,0,0,0,0,0,0,0,0,0,0,0,0,0,0,10,5,0,0,0,0,0,2,0,0,1,0,0,0,0,0,0,0,0,0,1,0,1,0,0,0,0,0,0,0,0,0,0,0,0,0,0,0,0,0,172,19,0,0,0,0,76,0,0,0,0,1,0,0,0,0,0,0,0,0,101,0,0,0,0,0,0,0,3,0,0,0,0,0,0,0,0,0,0,0,0,0,0,0,0,0,0,0,0,0,0,0,0,0,0,0,4,1,1,0,0,0,0,0,0,0,0,0,0
24,Lake Tulane,533,12417,12706.4,12596,14.872,Smooth spline (smoothing 0.6),COUN,3939,0,0,0,0,0,0,1,28,53,0,0,0,0,0,4,0,10,0,0,0,0,0,0,0,0,0,0,0,2,15.5,0,0,0,0,0,0,0,1,0,0,0,0,0,1,0,0,0,0,5,0,0,0,7,3,0,0,0,0,0,0,0,0,1,0,0,0,0,0,1,0,0,0,0,0,0,0,0,0,0,0,0,0,6,12,8,0,0,0,0,0,0,0,0,0,1,0,0,0,0,0,0,1,2,0,0,0,0,0,0,0,0,0,0,0,0,0,0,0,0,0,0,0,68,6,0,0,1,0,47,0,0,0,2,3,0,0,0,0,0,0,0,0,146,0,0,0,0,0,0,0,3,0,0,0,0,0,0,0,0,0,0,0,0,0,1,0,0,0,0,0,0,0,0,0,0,0,0,0,5,3,5,0,0,0,0,0,1,0,0,0,0
24,Lake Tulane,541,12542,12822.3,12712.1,14.131,Smooth spline (smoothing 0.6),COUN,3940,0,0,0,0,0,0,0,38,65,0,0,0,0,0,1,0,13,0,0,0,1,0,0,0,0,0,0,0,2,8,0,0,0,1,0,0,0,0,0,0,0,0,1,0,0,0,1,0,5,0,0,0,6,3,0,0,0,0,0,0,0,0,0,0,0,0,0,0,0,0,0,0,0,0,0,0,0,0,0,0,0,0,3,0,4,0,0,0,0,1,0,0,0,0,0,0,0,0,0,0,0,0,2,1,0,0,0,0,0,0,0,0,0,0,0,0,0,0,0,0,0,0,69,9,0,0,0,0,61,0,0,0,0,0,0,0,0,0,0,0,0,0,175,0,0,0,0,1,0,0,2,0,0,2,0,0,0,0,0,0,0,1,0,0,0,0,0,0,0,0,0,0,0,0,0,0,0,0,4,8,3,0,0,2,0,0,1,0,0,1,0
24,Lake Tulane,549,12664.3,12934.1,12823.6,13.749,Smooth spline (smoothing 0.6),COUN,3941,0,0,0,0,0,0,0,36,79,1,0,0,0,0,6,0,12,0,0,0,0,0,0,0,0,0,0,0,4,6,0,1,0,1,0,0,0,1,0,0,0,0,0,1,0,0,0,0,4,0,0,0,1,4,0,0,0,0,0,0,0,0,2,0,0,0,0,0,0,0,0,0,0,0,0,0,0,0,0,1,0,0,6,0,2,0,0,0,0,2,0,0,0,0,0,0,0,0,0,0,0,0,1,0,0,0,0,0,0,0,0,0,0,0,0,0,0,0,0,0,0,0,44.5,4,0,0,0,1,42,0,0,0,0,0.5,0,0,0,0,1,0,0,0,144,0,0,0,0,0,0,0,0,0,0,0,0,0,0,0,0,0,0,0,0,0,0,0,0,0,0,0,0,0,0,0,0,0,0,0,3,4,6,0,1,0,0,0,0,0,0,0,0
24,Lake Tulane,553,12725.8,12989.1,12878.5,13.692,Smooth spline (smoothing 0.6),COUN,3942,0,0,0,0,0,0,2,32,100,0,2,0,0,0,0,0,20,0,0,0,1,0,0,0,0,0,0,0,3,23,1,0,0,2,0,1,0,0,0,0,0,0,0,0,0,0,1,0,1,0,0,0,11,8,0,0,0,0,0,0,0,0,1,0,0,0,0,0,2,0,0,0,0,0,0,0,0,0,0,0,2,0,6,546,3,0,0,0,0,0,0,0,0,0,0,0,0,0,0,0,0,0,1,0,0,0,0,0,0,0,0,0,0,0,0,0,0,0,0,0,0,0,25,3,0,0,0,0,46,1,0,0,3,6,0,0,0,0,0,0,0,0,114,0,0,0,0,1,0,0,5,0,0,0,0,0,0,0,0,0,0,3,0,0,0,0,0,0,0,1,0,0,0,0,0,0,0,0,0,1,3,0,0,1,0,0,2,0,0,1,0
24,Lake Tulane,557,12787.6,13044.1,12933.3,13.725,Smooth spline (smoothing 0.6),COUN,3943,0,0,0,0,0,1,0,26,68,0,0,0,0,0,3,0,9,0,0,0,1,0,0,0,0,0,0,0,4,5,0,1,0,0,0,0,0,0,0,0,0,0,1,0,0,0,1,0,4,0,0,0,3,11,0,0,0,0,0,0,0,0,0,0,0,0,1,1,4,0,0,0,0,0,0,0,0,0,0,1,0,0,9,0,1,0,0,0,0,0,0,3,0,0,0,0,0,0,0,0,0,1,1,0,0,0,0,1,0,0,0,0,0,0,0,0,0,0,0,0,0,0,49,3,0,0,0,0,11,0,0,0,0,1,0,0,0,0,1,0,0,0,159,0,0,0,0,0,0,0,0,0,0,0,1,0,0,0,0,0,0,1,0,0,0,0,0,0,0,0,0,0,0,1,0,0,0,0,4,1,1,0,0,1,0,0,1,0,1,0,0
24,Lake Tulane,565,12914,13153.9,13044,14.059,Smooth spline (smoothing 0.6),COUN,3944,0,0,0,0,0,0,2,12,72,0,0,0,0,0,3,0,11,0,0,0,0,0,0,0,0,0,0,0,1,5.5,0,0,0,0,0,0,0,0,0,0,0,0,0,0,0,0,2,0,6,0,0,0,6,7,0,0,0,0,0,0,0,0,2,0,0,0,0,3,4,0,0,0,0,0,0,0,0,0,0,0,0,0,6,0,3,0,0,0,0,0,0,0,0,0,0,0,0,0,0,0,0,0,0,0,0,0,0,0,0,0,0,0,0,0,0,0,0,0,0,0,0,0,44,5,0,0,0,0,31.5,0,0,0,0,0,0,0,0,0,0,0,0,0,191,0,0,1,0,1,0,0,1,0,0,0,1,0,0,0,0,0,0,0,0,0,0,0,0,0,0,0,0,0,0,0,0,0,0,0,2,2,1,0,0,0,0,0,0,0,0,1,0
24,Lake Tulane,573,13044.5,13266.5,13158.6,14.712,Smooth spline (smoothing 0.6),COUN,3945,0,0,0,0,0,0,1,29,67,0,0,0,0,0,0,0,17,0,0,0,1,0,0,0,0,0,0,0,3,10,0,0,0,0,0,0,0,0,0,0,0,0,0,0,0,0,0,0,3,0,0,0,0,5,0,0,0,0,0,0,0,0,1,0,0,0,0,0,2,0,0,0,0,0,0,0,0,1,0,0,0,0,5,0,5,0,0,0,0,0,0,0,0,0,0,0,0,0,0,0,0,0,0,0,0,0,0,0,0,0,0,0,0,1,0,0,0,0,0,0,0,1,47,20,0,0,0,1,25,0,0,0,0,0,0,0,0,0,0,0,0,0,179,0,0,0,0,0,0,0,0,0,0,0,1,0,0,0,0,0,0,0,0,0,0,0,0,0,0,0,5,0,1,0,0,0,0,0,0,9,1,0,0,0,0,0,0,0,0,1,0
24,Lake Tulane,581,13175.5,13384.7,13279,15.496,Smooth spline (smoothing 0.6),COUN,3946,0,0,0,0,0,0,0,4,65.5,0,0,0,0,1,0,0,15.5,0,0,0,0,0,0,0,0,0,0,0,3,11.5,0,0,0,0,0,1,0,0,0,0,0,0,0,1,0,0,0,0,1,0,0,0,5,0,0,0,0,0,0,0,0,0,0,0,0,0,0,2,2,0,0,0,0,0,0,0,0,0,0,1,0,0,12.5,0,4,0,0,0,0,0,0,2,0,0,0,0,0,0,0,0,0,0,2,0,0,0,0,0,0,0,0,0,0,0,0,0,0,0,0,0,0,0,51.5,3,0,0,0,0,15,0,0,0,0,2,0,0,0,0,0,0,0,0,217,0,0,1,0,0,0,0,2,0,0,0,0,0,0,0,0,0,0,0,0,0,0,0,0,0,0,0,0,0,0,0,0,0,0,0,0,4,1,0,0,0,0,0,0,0,0,0,0
24,Lake Tulane,589,13307.1,13515.9,13406,16.387,Smooth spline (smoothing 0.6),COUN,3947,0,0,0,0,0,0,3,17,84,0,2,0,0,0,2,0,21,0,0,0,0,0,0,0,1,0,0,0,3,3,0,0,0,1,0,0,0,0,0,0,0,0,0,0,0,0,0,0,2,0,0,0,5,10,0,0,0,0,0,2,0,0,1,0,0,0,0,1,3,0,0,0,0,0,0,0,0,0,0,0,0,0,12,0,4,0,0,0,0,0,0,0,0,0,0,0,0,0,0,0,0,1,1,0,0,0,0,0,0,0,0,0,0,0,0,0,1,0,0,0,0,0,61,3,0,0,0,0,18,0,0,0,1,3,0,0,0,0,0,0,0,0,230,0,0,0,0,0,0,0,1,0,0,0,0,0,0,0,0,0,0,0,0,0,0,0,0,0,0,0,0,0,0,0,0,0,0,0,0,4,4,0,0,1,0,1,2,0,0,0,0
24,Lake Tulane,597,13436.3,13660.4,13540.5,17.384,Smooth spline (smoothing 0.6),COUN,3948,0,0,0,0,0,0,2,16,95,0,0,0,0,0,1,0,23,0,0,0,2,0,0,0,0,0,0,0,1,13.5,0,0,0,0,0,0,0,0,0,0,0,0,0,0,0,0,0,0,1,0,0,0,10,8,0,0,0,0,0,0,0,0,1,0,0,0,0,1,1,0,1,0,0,0,0,0,1,0,0,2,1,0,9,0,6,0,0,0,0,0,0,0,0,0,0,0,0,0,0,0,0,0,0,0,0,0,0,0,0,0,0,0.5,0,0,0,0,0,0,0,0,0,0,58,0,0,0,0,0,13,0,0,0,0,0,0,0,0,0,0,0,0,0,142,0,0,1,0,0,0,0,2,0,0,0,0,0,0,0,0,0,0,0,0,0,0,0,0,0,0,0,0,1,0,0,0,0,0,0,0,4,9,0,0,0,0,0,0,0,1,0,0
24,Lake Tulane,605,13565.2,13819.8,13683.3,18.462,Smooth spline (smoothing 0.6),COUN,3949,0,0,0,0,0,0,0,13,43,0,0,0,0,1,0,0,19,0,0,0,0,0,0,0,0,0,0,0,2,11,0,1,0,1,0,0,0,0,0,0,0,0,0,0,0,0,0,0,1,0,0,0,7,21,0,0,0,0,0,0,0,0,0,0,0,0,0,0,0,0,0,0,0,0,0,0,0,0,0,2,0,0,6,0,2,0,0,0,0,0,0,0,0,0,0,0,0,0,0,0,0,0,0,0,0,0,0,0,0,0,0,0,0,0,0,0,0,0,0,0,0,0,141,9,0,0,0,0,11,0,0,0,0,1,0,0,0,0,0,0,0,0,98,0,0,1,0,0,0,0,0,0,0,0,0,0,0,0,0,0,0,0,0,0,0,0,0,0,0,0,0,0,0,0,0,0,0,0,1,2,1,0,0,0,0,1,1,0,0,0,0
24,Lake Tulane,613,13698.5,14000.2,13834.9,19.57,Smooth spline (smoothing 0.6),COUN,3950,0,0,0,0,0,0,0,15,43.5,0,0,0,0,1,0,0,12,0,0,0,0,0,0,0,0,0,0,0,4,22,0,0,0,2,0,0,0,0,0,0,0,0,0,0,0,0,0,0,1,0,0,0,21,7,0,0,0,0,0,1,0,0,0,0,0,0,0,1,0,0,0,0,0,0,0,0,0,0,0,1,0,0,6,0,5,0,0,0,0,0,0,1,0,0,1,0,0,0,0,0,0,0,2,0,0,0,0,1,0,0,0,0,0,2,0.5,0,0,0,0,0,0,0,82,15,0,0,0,0,19,0,0,0,0,0,0,0,0,0,0,0,0,0,148.5,0,0,0,0,0,0,0,3,0,1,0,1,0,0,0,0,0,0,1,0,0,0,0,0,0,0,0,0,0,0,0,0,0,0,0,0,4,3,0,0,0,0,0,0,0,0,1.5,0
24,Lake Tulane,621,13838.7,14193.7,13995.5,20.749,Smooth spline (smoothing 0.6),COUN,3951,0,0,0,0,0,0,1,16,55,0,0,0,0,1,0,0,9,0,0,0,1,0,0,0,0,0,0,0,2,18,2,0,0,2,0,0,0,1,0,0,0,0,1,0,0,0,0,0,0,0,0,0,12,13,0,0,0,0,0,1,0,0,0,0,0,0,0,2,0,0,0,0,0,0,0,0,0,0,0,0,0,0,9,2,5,0,0,0,0,0,0,2,0,0,0,0,0,0,0,0,0,1,1,0,0,0,0,0,0,0,0,0,0,0,0,0,0,0,0,0,0,0,74,2,0,0,0,1,27,0,0,0,0,0,0,0,0,0,0,0,0,0,156,0,0,0,0,0,0,0,1,0,0,0,0,0,0,0,0,0,0,0,0,0,0,0,0,0,0,0,1,0,0,0,0,0,0,0,1,8,5,0,0,0,0,0,0,0,0,1,0
24,Lake Tulane,629,13988,14402.4,14165.8,22.004,Smooth spline (smoothing 0.6),COUN,3952,0,0,0,0,0,1,0,25,38,0,0,0,0,0,1,0,21,0,0,0,0,0,0,0,0,0,0,0,3,17,0,0,0,4,0,0,0,0,0,0,0,0,0,0,0,0,0,0,1,0,0,0,27,7,0,0,0,0,0,0,0,0,0,0,0,0,0,0,1,0,0,0,0,0,0,0,0,0,0,1,0,0,7,5,7,0,0,0,0,0,0,0,0,0,0,0,0,0,0,0,0,0,5,0,0,0,0,0,0,0,0,0,0,0,0,0,1,0,0,0,0,0,77.5,4,0,0,0,0,16,0,0,0,0,1,0,0,0,0,0,0,0,0,151,1,0,0,0,0,0,0,0,0,0,0,0,0,0,0,0,0,0,0,0,0,0,0,0,0,0,0,0,0,0,0,0,0,0,0,0,11,1,0,0,0,0,0,0,0,0,1,0
24,Lake Tulane,637,14147.5,14619.8,14346.5,23.335,Smooth spline (smoothing 0.6),COUN,3953,0,0,0,0,0,1,0,10,39,0,0,0,0,0,0,0,13,0,0,0,1,0,0,0,0,0,0,0,0,35,1,0,0,3,0,0,0,0,0,0,0,0,0,0,0,0,0,0,0,0,0,0,27,5,0,0,0,0,0,0,0,0,0,0,0,0,0,0,2,0,0,0,0,0,0,0,0,0,0,0,0,0,18,22,3,0,0,0,0,0,0,0,0,0,0,0,0,0,0,0,0,0,1,0,0,0,0,0,0,0,0,0,0,1,0,0,0,0,0,0,0,0,124,2,0,0,0,1,12,0,0,0,0,0,0,0,0,0,0,0,0,0,122,0,0,0,0,0,0,0,0,0,0,0,0,0,0,0,0,0,0,0,0,0,0,0,0,0,0,0,0,0,0,0,0,0,0,0,0,14,9,0,0,0,0,0,1,0,0,0,0
24,Lake Tulane,645,14323.6,14844.6,14538,24.743,Smooth spline (smoothing 0.6),COUN,3954,0,0,0,0,0,1,0,12,27,0,0,0,0,0,0,0,6.5,0,0,0,0,0,0,0,0,0,0,0,15,21,0,0,0,3,0,0,0,0,0,0,0,0,0,0,0,0,0,0,0,0,0,0,12.5,9,0,0,0,0,0,0,0,0,1,0,0,0,0,0,3,0,1,0,0,0,0,0,0,0,0,0,0,0,11,21,2,0,0,0,0,1,0,0,0,0,0,0,0,0,0,0,0,1,6,1,0,0,0,0,0,0,0,0,0,0,0,0,0,1,1,0,0,0,121.5,8,0,0,0,1,21,0,0,0,0,0,0,0,0,1,0,0,0,0,121.5,0,0,0,0,0,0,0,0,0,0,0,0,0,0,0,0,0,0,1,0,0,0,0,0,0,0,0,0,0,0,0,0,0,0,0,0,13,2,0,0,0,0,0,0,0,0,0,0
24,Lake Tulane,653,14517.9,15077.2,14741.6,26.412,Smooth spline (smoothing 0.6),COUN,3955,0,0,0,1,0,4,1,14,26,0,0,0,0,0,0,0,5,0,0,0,2,0,0,0,0,0,0,0,6,29,1,0,0,2,0,0,0,0,0,0,0,0,0,0,0,0,0,0,1,0,0,0,20,4,0,0,0,0,0,1,0,0,2,0,0,0,0,0,4,0,0,0,0,0,0,0,0,0,0,0,2,0,7,36,1,0,0,0,0,0,0,1,0,0,1,0,0,0,0,0,0,0,6,0,0,0,0,0,0,0,0,0,0,0,0,0,0,0,0,0,0,0,290,15,0,0,0,0,28,0,0,0,0,1,0,0,0,0,0,0,0,0,112,0,0,0,0,0,0,0,1,0,0,0,0,0,0,0,0,0,0,1,0,0,0,0,0,0,0,0,0,0,1,0,0,0,0,0,1,12,4,0,0,0,0,0,3,0,0,1,0
24,Lake Tulane,669,14964.6,15560.9,15196,30.841,Smooth spline (smoothing 0.6),COUN,3956,0,0,0,0,0,2,0,14,30,0,0,0,0,0,0,0,13,0,0,0,0,0,0,0,0,0,0,0,6,20,0,0,0,4,0,0,0,0,0,0,0,0,0,0,0,0,0,0,3,0,0,0,18,10,0,0,0,0,0,1,0,0,0,0,0,0,0,1,7,0,0,0,0,0,0,0,0,0,0,0,1,0,8,9,1,0,0,0,0,0,0,0,0,0,0,0,0,0,0,0,0,0,5,0,0,0,0,0,0,0,0,0,0,0,0,0,1,0,0,0,0,0,287,31,0,0,0,2,9,0,0,0,0,0,0,0,0,0,0,0,0,0,102,0,0,0,0,0,0,0,0,0,0,0,0,0,0,0,0,0,0,2,0,0,0,0,0,0,0,0,0,0,0,0,0,0,0,0,0,13,6,0,0,1,0,0,2,0,0,0,0
24,Lake Tulane,677,15220.9,15814.3,15450.2,32.877,Smooth spline (smoothing 0.6),COUN,3957,0,0,0,0,0,0,1,12,19,0,0,0,0,0,0,0,5,0,0,1,0,0,0,0,0,0,0,0,3,6,0,0,0,0,0,0,0,0,0,0,0,0,0,0,0,0,2,0,0,0,0,0,2,20,0,0,0,0,0,0,0,0,0,0,0,0,0,0,1,0,0,0,0,0,0,0,0,0,0,0,0,0,15,0,0,0,0,0,0,0,0,0,0,0,2,0,0,0,0,0,0,0,0,0,0,0,0,0,0,0,0,0,0,0,0,0,0,0,0,0,0,0,195,0,0,0,0,1,4,0,0,0,0,0,0,0,0,2,0,0,0,0,55,0,0,1,0,0,0,0,0,0,0,0,0,0,0,0,0,0,0,0,0,0,0,0,0,0,0,0,0,0,0,0,0,0,0,0,0,3,5,0,0,0,0,0,0,0,0,1,0
24,Lake Tulane,685,15492.3,16073.9,15719.2,34.517,Smooth spline (smoothing 0.6),COUN,3958,0,0,0,0,0,1,0,3,8,0,0,0,0,1,0,0,4,0,0,0,2,0,0,0,0,0,0,0,2,18,0,0,0,7,0,0,0,0,0,0,0,0,1,0,0,0,0,0,10,0,0,0,32,7,0,0,0,0,0,0,0,0,0,0,0,0,0,1,3,0,0,0,0,0,0,0,0,0,0,0,0,0,2,1,4,0,0,0,0,0,0,0,0,0,0,0,0,0,0,0,0,0,5,0,0,0,0,0,0,0,0,0,0,0,0,0,0,0,0,0,0,0,228,58,0,0,0,0,23,1,0,0,0,0,0,0,0,0,0,0,0,0,558,0,0,0,0,0,0,0,1,0,0,1,0,0,0,0,0,0,0,0,0,0,0,0,0,0,0,0,1,0,0,0,0,0,0,0,1,12,3,0,0,0,0,0,0,0,0,0,0
24,Lake Tulane,693,15773.7,16341.9,15999.9,35.761,Smooth spline (smoothing 0.6),COUN,3959,0,0,0,0,0,1,0,4,17,0,0,0,0,0,1,0,10,0,0,0,0,0,0,0,0,0,0,0,8,22,0,0,0,6,0,0,0,0,0,0,0,0,0,0,0,0,0,0,4,0,0,0,53.5,5.5,0,0,0,0,0,0,1,0,0,0,0,0,0,1,3,0,0,0,0,0,0,0,0,0,0,1,1,0,9,21,2,0,0,0,0,0,0,0,0,0,0.5,0,0,0,0,0,0,0,3,0,0,0,0,0,0,0,0,0,0,0,0,0,0,0,0,0,0,0,137,15,0,0,0,0,9,0,0,0,1,4,0,0,0,0,0,0,0,0,82,0,0,0,0,0,0,0,4,0,0,0,0,0,0,0,0,0,0,5,0,0,0,0,0,0,0,0,0,0,0,0,0,0,0,0,0,10,0,0,0,0,0,0,0,0,0,1,0
24,Lake Tulane,701,16061.8,16613.2,16289.2,36.619,Smooth spline (smoothing 0.6),COUN,3960,0,0,0,0,0,0,3,9,74,0,0,0,0,0,0,0,19,0,0,0,0,0,0,0,0,0,0,0,7,24,0,0,0,0,0,0,0,0,0,0,0,0,0,0,0,0,0,0,0,0,0,0,42,2,0,0,0,0,0,0,0,0,0,0,0,0,0,0,4,0,0,0,0,0,0,0,0,0,0,0,1,0,16,361,6,0,0,0,0,0,0,1,0,0,0,0,0,0,0,0,0,0,3,0,0,0,0,0,0,0,0,0,0,0,0,0,1,0,0,0,0,0,35,1,0,0,0,1,19,0,0,0,0,5,0,0,0,0,0,0,0,0,152,0,0,0,0,0,0,0,1,0,0,0,0,0,0,0,0,0,0,1,0,0,0,0,0,0,0,0,0,0,0,1,0,0,0,0,0,11,3,0,0,0,0,0,2,0,0,1,0
24,Lake Tulane,709,16351.7,16888.3,16584.2,37.127,Smooth spline (smoothing 0.6),COUN,3961,0,0,0,0,0,1,0,13,73.5,0,0,0,0,0,1,0,31,0,0,0,0,0,0,1,0,0,0,0,2,18,0,0,0,1,0,0,0,0,0,0,0,0,0,0,0,0,0,0,1,0,0,0,4,14,0,1,0,0,0,0,0,0,1,0,0,0,0,0,3,0,0,0,0,0,0,0,0,0,0,0,2,0,1,1300,15,0,0,0,0,0,0,1,0,0,0,0,0,0,0,0,0,2,3,0,0,0,0,0,1,0,0,0,0,2,0,0,0,5,0,0,0,0,8.5,2,0,0,0,1,20,0,0,0,1,3,0,0,0,0,0,0,0,0,157,0,0,0,0,0,0,0,7,0,0,0,0,0,0,0,0,0,0,0,0,0,0,0,0,0,0,0,0,0,0,0,0,0,0,0,1,5,2,0,0,2,0,0,1,0,0,0,0
24,Lake Tulane,717,16637.9,17168.2,16882,37.304,Smooth spline (smoothing 0.6),COUN,3962,0,0,0,0,0,0,0,28,106,0,0,0,0,0,2,0,24,0,0,0,0,0,0,0,0,0,0,0,0,31,0,0,0,0,0,0,0,0,0,0,0,0,0,0,0,0,1,0,2,0,0,0,7,5,0,0,0,0,0,0,0,0,0,0,0,0,0,0,1,0,0,0,0,0,0,0,0,0,0,0,0,0,7,923,5,0,0,0,0,0,0,0,0,0,0,0,0,0,0,0,0,0,4,4,0,0,0,0,0,0,0,0,0,0,0,0,0,0,0,0,0,0,24,9,0,0,0,0,47,0,0,0,0,3,0,0,0,0,0,0,0,0,137,0,0,0,0,1,0,0,7,0,0,0,0,0,0,0,0,0,0,1,0,0,0,0,0,0,0,0,1,0,0,0,0,0,0,0,2,3,4,0,0,0,0,0,0,0,0,0,0
24,Lake Tulane,725,16921.6,17449.6,17180.3,37.2,Smooth spline (smoothing 0.6),COUN,3963,0,0,0,0,0,2,3,25,105,0,0,0,0,0,0,0,31,0,0,0,0,0,0,3,0,0,0,0,0,23,0,0,0,0,0,0,0,0,0,0,0,0,0,1,0,0,0,0,1,0,0,0,4,15,0,0,0,0,0,0,1,0,1,0,0,0,0,0,0,0,1,0,0,0,0,1,0,0,0,0,1,0,8,12334,8,0,0,1,0,1,0,0,0,0,0,0,0,0,0,0,0,0,1,0,0,0,0,0,0,0,0,0,0,0,0,0,1,0,0,0,0,0,29,0,0,0,0,0,33,0,0,0,4,7,0,0,0,0,0,0,1,0,117,0,0,0,0,2,0,0,3,0,0,0,0,0,0,0,0,0,0,2,0,0,0,0,0,0,0,0,0,0,1,0,0,0,0,0,0,2,2,0,1,0,0,0,0,0,0,0,0
24,Lake Tulane,733,17203,17729.3,17476.7,36.821,Smooth spline (smoothing 0.6),COUN,3964,0,0,0,1,0,0,0,25,71,0,1,0,0,0,0,0,14,0,0,0,0,0,0,0,0,0,0,0,0,17,0,0,0,0,0,0,0,0,0,0,0,0,0,0,0,0,0,0,0,0,0,0,12,5,0,0,0,0,0,0,0,0,0,0,0,0,0,0,1,0,0,0,0,0,0,0,0,0,0,0,0,0,7,662,6,0,0,0,0,0,0,0,0,0,1,0,0,0,0,0,0,0,0,1,0,0,0,0,0,0,0,0,0,0,0,0,0,1,0,0,0,0,24,4,0,0,0,0,38,0,0,6,4,0,0,0,0,0,0,0,0,0,82,0,0,0,0,0,0,0,7,0,0,0,0,0,0,0,0,0,0,5,0,0,0,0,0,0,0,0,0,0,0,1,0,0,0,0,0,0,2,0,0,1,0,0,0,3,0,0,0
24,Lake Tulane,741,17476,18010.3,17769.2,36.169,Smooth spline (smoothing 0.6),COUN,3965,0,0,0,0,0,1,1,29,97,0,0,0,0,0,3,0,30,0,0,0,0,1,0,0,0,0,0,0,3,11,1,0,0,0,0,0,0,0,0,0,0,0,0,0,0,0,0,0,3,0,0,0,2,13,0,0,0,0,0,0,0,0,1,1,0,0,0,0,1,0,1,0,0,0,0,0,0,0,0,1,1,0,4,1741,5,0,0,0,0,1,0,0,0,0,0,0,0,0,0,0,0,0,1,0,0,0,0,0,0,0,0,0,0,0,0,0,0,0,0,0,0,0,22,1,0,0,0,0,59,0,0,0,0,7,0,0,0,0,0,0,0,0,114,0,0,0,0,1,0,0,11,0,0,0,0,0,0,0,0,0,0,1,0,0,0,0,0,0,0,0,0,0,1,0,0,0,0,0,0,1,1,0,0,0,0,0,0,0,0,0,0
24,Lake Tulane,749,17741.8,18293,18055.5,35.242,Smooth spline (smoothing 0.6),COUN,3966,0,0,0,0,0,0,2,37,126,0,0,0,0,0,0,0,30,0,0,0,1,0,0,0,0,0,0,0,0,17,0,0,0,0,0,0,0,0,0,0,0,0,0,0,0,0,0,0,3,0,0,0,20,15,0,0,0,0,0,0,0,0,0,0,0,0,0,0,1,0,0,0,0,0,0,0,0,0,0,0,1,0,1,604,2,0,0,0,0,2,0,0,0,0,0,0,0,0,0,0,0,0,0,1,0,0,0,0,0,0,0,0,0,0,0,0,3,0,0,0,0,0,50,8,0,0,0,0,45,0,0,0,2,4,0,0,0,0,1,0,0,0,132,0,0,0,0,0,0,0,8,0,0,0,1,0,0,0,0,0,0,3,0,0,0,0,0,0,0,0,0,0,1,0,0,0,0,0,1,1,2,0,0,0,0,0,3,0,0,0,0
24,Lake Tulane,757,18000.4,18572.2,18333.4,34.042,Smooth spline (smoothing 0.6),COUN,3967,0,0,0,0,0,0,0,20,92,0,0,0,0,0,1,0,38.5,0,0,0,0.5,0,0,1,0,0,0,0,0,16.5,0,0,0,1,0,0,0,0,0,0,0,0,0,1,0,0,2,0,4,0,0,0,12,14,0,0,0,0,0,0,0,0,1,1,0,0,0,0,1,1,1,0,0,0,0,0,0,0,0,0,0,0,7,982,9,0,0,0,0,0,0,0,0,0,1,0,0,0,0,1,0,1,3,0,0,0,0,1,0,0,0,0,0,1,0,0,1,1,0,0,0,0,30,2,0,0,0,0,48,0,1,0,3,3,0,0,0,0,0,0,0,0,102.5,0,0,0,0,0,0,0,2,0,0,1,0,0,0,0,0,0,0,4,0,0,0,0,0,0,0,0,0,0,1,0,0,0,0,0,0,0,4,0,0,0,0,0,0,0,0,1,0
24,Lake Tulane,765,18249.7,18847.5,18600.8,32.567,Smooth spline (smoothing 0.6),COUN,3968,0,0,0,0,0,1,1,31,77,0,0,0,0,0,2,0,42,0,0,0,0,0,0,0,0,0,0,0,1,23,0,0,0,1,0,0,0,0,0,0,0,0,0,0,0,0,0,0,0,0,0,0,6,13,0,0,0,0,0,0,0,0,3,0,0,0,0,0,1,0,0,0,0,0,0,0,0,0,0,0,1,0,16,1321,3,0,0,0,0,0,0,0,0,0,0,0,0,0,0,0,0,0,4,0,0,0,0,0,0,0,0,0,0,0,0,0,2,0,0,0,0,0,26,0,0,0,0,0,45,0,0,0,4,4,0,0,0,0,0,0,0,0,130,0,0,0,0,1,0,0,8,0,0,0,0,0,0,0,0,0,0,2,0,0,0,0,0,0,0,0,0,0,2,0,0,0,0,0,0,0,12,0,0,0,0,0,2,0,0,2,0
24,Lake Tulane,773,18484.2,19119.2,18855.4,30.818,Smooth spline (smoothing 0.6),COUN,3969,0,0,0,0,0,0,1,28,73,0,2,0,0,0,0,0,39,0,0,5,1,0,0,0,0,0,0,0,2,24.5,0,0,0,0,0,0,0,0,0,0,0,0,0,0,0,0,0,0,0,0,0,0,3,6,0,0,0,0,1,0,0,0,0,0,0,0,0,0,0,0,4,0,0,0,0,0,0,0,0,1,2,0,4,106,3,0,0,0,0,1,0,0,0,0,0,0,0,0,0,0,0,0,1,0,0,0,0,0,0,0,0,0,0,0,0,0,0,0,0,0,0,1,21.5,0,0,0,0,0,51,0,0,0,5,3,0,0,0,0,0,0,0,0,108,0,0,0,0,0,0,0,6,0,0,1,0,0,0,0,0,0,0,3,0,0,0,0,0,0,0,0,0,0,1,0,0,0,0,0,0,2,0,0,0,0,0,1,1,0,0,0,0
24,Lake Tulane,781,18707.5,19381.6,19095,28.787,Smooth spline (smoothing 0.6),COUN,3970,0,0,0,0,0,0,0,24,83,0,0,0,0,0,1,0,23,0,0,0,0,0,0,0,0,0,0,0,0,17,0,0,0,2,0,0,0,0,0,0,0,0,2,0,0,0,0,0,0,0,0,0,17,13,0,0,0,0,0,0,0,0,2,0,0,0,0,0,1,0,0,0,0,0,0,0,0,0,0,0,2,0,2,1938,6,0,0,0,0,0,0,0,0,0,0,0,0,0,0,0,0,0,1,1,0,0,0,0,0,0,0,0,0,0,0,0,1,0,0,0,0,0,121,27,0,0,0,0,46,0,0,0,5,2,0,0,0,0,0,0,0,0,82,0,0,0,0,0,0,0,6,0,0,0,0,0,0,0,0,0,0,0,0,0,0,0,0,0,0,0,0,0,2,0,0,0,0,0,0,3,2,0,0,0,0,0,1,0,0,1,0
24,Lake Tulane,789,18921.9,19632.7,19318.1,26.803,Smooth spline (smoothing 0.6),COUN,3971,0,0,0,0,0,0,0,25.5,73,0,2,0,1,0,0,0,25,0,0,4,0,0,0,0,0,0,0,0,0,14.5,0,0,0,0,0,0,0,0,0,0,0,0,0,0,0,0,0,0,1,0,0,0,4,7,0,0,0,0,0,0,0,1,2,0,0,0,0,0,0,0,1,0,0,0,0,0,0,0,0,0,1,0,4,409,4,0,0,0,0,0,0,3,0,0,0,0,0,0,0,0,0,0,1,1,0,0,0,0,0,0,0,0,0,0,0,0,1,3,0,0,0,0,132,6,0,0,0,0,37,0,0,0,1,2,0,0,0,1,0,0,0,0,55,0,0,0,0,0,0,0,1,0,0,1,0,0,0,1,0,0,0,1,0,0,0,0,0,1,0,0,0,0,0,0,0,0,0,0,0,0,2,0,0,0,0,0,0,0,0,0,0
24,Lake Tulane,797,19124.4,19872.3,19526.5,25.136,Smooth spline (smoothing 0.6),COUN,3972,0,0,0,0,0,0,2,18,80,0,0,0,0,0,1,0,16,0,0,0,0,0,0,0,0,0,0,0,0,13,0,0,0,1,0,0,0,0,0,0,0,0,0,0,0,0,0,0,2,0,0,0,15,12,0,0,0,0,0,0,0,0,2,0,0,0,0,0,2,0,0,0,0,0,0,0,0,0,0,0,0,0,4,564,2,0,0,0,0,0,0,2,0,0,0,0,0,0,0,0,0,0,1,1,0,0,0,0,0,0,0,0,0,0,0,0,1,1,0,0,0,0,102,18,0,0,0,0,39,0,0,0,2,8,0,0,0,0,0,0,0,0,81,0,0,0,0,0,0,0,5,0,0,0,0,0,0,0,0,0,0,1,0,0,0,0,0,0,0,0,0,0,0,0,0,0,0,0,3,3,2,0,0,1,0,0,0,0,0,0,0
24,Lake Tulane,805,19322.5,20099.2,19722.7,23.784,Smooth spline (smoothing 0.6),COUN,3973,0,0,0,0,0,0,0,24,92.5,0,0,0,0,1,1,0,29.5,0,0,6,0,0,0,0,0,0,0,0,0,12.5,0,0,0,1,0,0,0,0,0,0,0,0,0,0,0,0,2,0,1,0,0,1,8.5,14,0,0,0,0,0,0,1,0,4,0,0,0,0,0,0,0,0,0,0,0,0,0,0,0,0,0,1,0,4,732,9,0,0,0,0,1,0,1,0,0,1,0,0,0,0,0,0,0,2,0,0,0,0,0,0,0,0,0,0,0,0,0,1,1,0,0,0,0,73,4,0,1,2,0,35,0,0,0,3,9,0,0,0,1,0,0,0,0,60,0,0,1,0,0,0,0,6,0,0,1,0,0,0,0,0,0,0,1,0,0,0,0,0,0,0,0,0,0,1,0,0,0,0,0,0,2,5,0,0,0,0,0,0,0,0,0,0
24,Lake Tulane,813,19513.6,20317.4,19909.1,22.748,Smooth spline (smoothing 0.6),COUN,3974,0,0,0,0,0,0,0,22,79,0,0,0,0,0,0,0,21,0,0,0,1,0,0,0,0,0,0,0,0,14,1,0,0,0,0,0,0,0,0,0,0,0,0,0,0,0,2,0,1,0,0,0,21,5,0,0,0,0,0,0,0,0,3,0,0,0,0,0,1,0,0,0,0,0,0,0,0,0,0,0,1,0,5,488,2,0,0,1,0,0,0,0,0,0,1,0,0,0,0,0,0,0,3,0,0,0,0,0,1,0,0,0,0,0,1,0,0,0,0,0,0,0,60,12,0,0,0,0,39,0,1,0,0,6,0,0,0,1,0,0,0,0,107,0,0,0,0,0,0,0,3,0,0,0,1,0,0,0,0,0,0,4,0,0,0,0,0,0,0,0,0,0,1,0,0,0,0,0,1,3,5,0,0,1,0,0,2,0,0,0,0
24,Lake Tulane,821,19697.4,20526.3,20088.7,22.187,Smooth spline (smoothing 0.6),COUN,3975,0,0,0,0,0,0,1,30,78.5,0,0,0,0,0,0,0,29,0,0,0,0,0,0,1,0,0,0,0,1,11,0,0,0,0,0,0,0,0,0,0,0,0,2,0,0,0,0,0,0,0,0,0,13,9,0,0,0,0,0,0,0,0,0,0,1,0,1,0,0,0,3,0,0,0,0,0,0,0,0,1,2,0,1,653,6,0,0,0,0,0,0,0,0,0,0,0,0,0,0,0,0,0,3,0,0,0,0,0,0,0,0,0,0,1,0,0,0,0,0,0,0,1,45.5,2,0,0,0,0,40,0,0,0,1,3,0,0,0,0,1,0,0,0,107,0,0,0,0,0,0,0,2,0,1,0,0,0,0,0,0,0,0,2,0,0,0,0,0,0,0,0,0,0,0,1,0,0,0,0,0,4,1,0,0,0,0,0,0,0,0,0,0
24,Lake Tulane,829,19884.5,20731.3,20266,22.225,Smooth spline (smoothing 0.6),COUN,3976,0,0,0,0,0,0,0,36,60,0,0,0,0,0,0,0,27,0,0,0,0,0,0,0,0,0,0,0,1,23,0,0,0,2,0,0,0,0,0,0,0,0,0,0,0,0,0,0,4,0,0,0,40,18,0,0,0,0,0,0,1,0,1,0,0,0,0,0,4,0,0,0,0,0,0,0,0,0,0,0,0,0,10,213,11,0,0,0,0,0,0,1,0,0,1,0,0,0,0,0,0,0,2,1,0,0,0,0,0,0,0,0,0,0,0,0,0,1,0,0,0,0,33,6,0,0,0,0,57,0,0,0,4,5,0,0,0,0,0,0,0,0,107,0,0,0,0,0,0,0,2,0,0,0,1,0,0,0,0,0,0,1,0,0,0,0,0,0,0,0,0,0,0,0,0,0,0,0,0,1,2,0,0,0,0,0,0,0,0,0,0
24,Lake Tulane,837,20079.6,20934.4,20445.6,22.863,Smooth spline (smoothing 0.6),COUN,3977,0,0,0,1,0,0,1,33,69,0,0,0,0,0,1,0,38,0,0,0,0,0,0,0,0,0,0,0,7,15,0,0,0,1,0,0,0,0,0,0,0,0,0,0,0,0,0,0,2,0,0,0,49,16,0,0,1,0,0,0,0,0,2,0,0,0,0,0,0,0,2,0,0,0,0,0,0,0,0,1,3,0,6,266,1,0,0,0,0,1,0,1,0,0,0,0,0,0,0,0,0,0,1,0,0,0,0,0,0,0,0,0,0,0,0,0,0,0,0,0,0.5,0,24.5,0,0,0,0,1,41,0,0,0,3,1,0,0,0,0,0,0,0,0,85,0,0,1,0,0,0,0,7,0,0,1,0,0,0,0,0,0,0,2,0,0,0,0,0,0,0,0,0,0,1,0,0,0,0,0,0,2,1,0,0,0,0,0,0,0,0,0,0
24,Lake Tulane,845,20281.6,21131.7,20632.4,24.101,Smooth spline (smoothing 0.6),COUN,3978,0,0,0,0,0,0,1,36,68,0,1,0,0,0,0,0,23,0,0,0,0,0,0,0,0,0,0,0,1,16.5,0,0,0,0,0,0,0,0,0,0,0,0,1,0,0,0,0,0,5,0,0,0,48,17,0,0,0,0,0,1,0,0,1,0,0,0,0,0,0,0,0,0,0,0,0,0,0,0,0,0,1,0,3,322,3,0,0,0,0,0,0,1,0,0,0,0,0,0,0,0,0,0,2,2,0,0,0,0,0,0,0,0,0,0,0,0,0,1,0,0,0,0,29.5,0,0,0,0,0,68,0,0,0,2,3,0,0,0,0,0,0,0,0,67,0,0,0,0,0,0,0,4,0,0,0,0,1,0,0,0,0,0,2,0,0,0,0,0,0,0,1,0,0,0,0,0,0,0,0,0,3,5,0,0,0,0,0,0,0,0,0,0
24,Lake Tulane,865,20847.9,21643.1,21155.9,28.485,Smooth spline (smoothing 0.6),COUN,3979,0,0,0,0,0,0,0,35,77,0,0,0,0,0,1,0,33,0,0,0,0,0,0,0,0,0,0,0,3,15.5,0,0,0,0,0,0,0,0,0,0,0,0,0,0,0,0,1,1,0,0,0,0,42.5,12,0,0,0,0,0,0,0,0,0,0,0,0,0,0,0,0,1,0,0,0,0,0,0,0,0,0,2.5,0,5,357,0,6,0,0,0,0,0,0,0,0,0,0,0,0,0,0,0,0,4,0,0,0,0,0,0,0,0,0,0,0,0,0,1,1,0,0,0,0,30.5,0,0,0,0,1,54.5,0,0,0,3,2,0,0,0,1,0,0,0,0,64,0,0,0,0,0,0,0,3,0,0,0,0,0,1,0,0,0,0,0,0,0,0,0,0,0,0,0,0,0,0,0,0,0,0,0,0,5,3,0,0,0,0,0,0,0,0,2,0
24,Lake Tulane,873,21103.4,21855.6,21389.8,30.214,Smooth spline (smoothing 0.6),COUN,3980,0,0,0,2,1,0,0,25,66,0,2,0,0,0,0,0,21,0,0,0,0,0,0,0,0,0,0,0,3,13,0,0,0,0,0,0,0,1,0,0,0,0,0,0,0,0,1,0,1,0,0,0,91,9,0,0,0,0,0,0,0,0,0,0,0,0,0,0,0,0,3,0,0,0,0,0,0,0,0,3,1.5,0,1,813,1,0,0,0,1,2,0,0,0,0,0,0,0,0,0,0,0,0,0,1,0,0,0,0,0,0,0,0,0,0,0,0,4,1,0,0,0,0,21,0,0,0,0,1,38,0,0,0,1,2,1,0,0,0,0,0,0,0,72,0,0,0,0,0,0,0,10,0,0,0,0,0,0,0,0,0,0,3,0,0,0,0,0,0,0,1,0,0,0,0,0,0,0,0,2,3,2,0,0,0,0,0,0,0,0,0,0
24,Lake Tulane,877,21233.9,21964.6,21511.9,31.069,Smooth spline (smoothing 0.6),COUN,3981,0,0,0,0,0,0,1,27,64,0,1,0,0,0,0,2,18,0,0,0,0,0,0,0,0,0,0,0,8,11.5,1,0,0,0,0,0,0,0,0,0,0,0,0,0,0,0,0,0,1,0,0,0,74,11,0,0,0,0,0,0,0,0,0,0,0,0,1,0,0,1,1,0,0,0,0,0,0,0,0,1,2,0,9,443,8,0,0,0,0,0,0,1,0,0,0,0,0,0,0,0,0,0,4,0,1,0,0,0,0,0,0,0,0,0,0,0,2,0,0,0,0,0,30.5,3,0,0,0,0,37,0,0,0,2,6,0,0,0,0,1,0,0,0,92.5,0,0,0,0,0,0,0,6,0,0,0,0,0,0,0,0,0,0,1,0,0,0,0,0,0,0,0,0,1,0,0,0,0,0,0,0,2,4,0,0,0,0,0,0,0,0,0,0
24,Lake Tulane,881,21368.3,22075.4,21637.5,31.917,Smooth spline (smoothing 0.6),COUN,3982,0,0,0,0,0,0,1,28,80,0,0,0,0,0,0,0,18,0,0,3,0,0,0,0,0,0,0,0,1,8.5,0,0,0,1,0,0,0,1,0,0,0,0,1,0,0,0,4,0,2,0,0,0,48.5,10,0,0,0,0,0,0,0,0,0,0,1,0,0,0,0,0,1,1,0,0,0,0,0,0,0,1,3,0,5,910,6,0,0,0,0,0,0,0,0,0,0,0,0,0,0,0,0,0,2,1,0,0,0,0,0,0,0,0.5,0,0,0,0,1,1,0,0,0,0,27,1,0,0,0,1,39.5,0,0,0,2,7,0,0,0,0,0,0,1,0,102,0,0,0,0,0,0,0,4,0,0,1,0,0,0,0,0,0,0,1,0,0,0,0,0,0,0,0,0,0,1,0,0,0,0,0,0,1,2,1,0,0,0,0,1,0,0,0,0
24,Lake Tulane,889,21645.8,22306.4,21898.7,33.593,Smooth spline (smoothing 0.6),COUN,3983,0,0,0,0,0,0,0,23,89,0,0,0,0,0,0,0,33,0,0,7,0,0,0,1,0,0,0,0,3,8,0,0,0,0,1,0,0,0,0,0,0,0,0,0,0,0,1,0,0,0,0,0,29,9,0,0,0,0,0,2,0,0,0,0,0,0,0,0,0,0,1,1,0,0,0,0,0,0,0,0,2,0,4,1827,4,0,0,0,0,1,0,1,0,0,0,0,0,0,0,0,0,0,2,0,0,1,0,0,0,1,0,0,0,0,0,0,0,1,0,0,0,0,23,0,0,0,0,0,40,0,0,0,3,3,0,0,0,0,0,0,0,0,110,0,0,0,0,0,0,1,2,0,0,0,0,1,0,0,0,0,0,3,0,0,0,0,0,1,0,0,0,0,3,0,0,0,0,0,0,2,1,0,0,0,0,0,1,0,0,0,0
24,Lake Tulane,897,21935.3,22555.6,22173.2,35.241,Smooth spline (smoothing 0.6),COUN,3984,0,0,0,0,0,0,0,21,114,0,0,1,0,0,4,0,30,0,0,5,0,0,0,0,0,0,0,0,3,8,0,0,0,0,1,0,0,0,0,0,0,0,0,0,0,0,0,0,0,0,0,0,2,13,0,0,0,1,0,0,0,1,1,0,0,0,0,0,0,0,0,0,0,0,0,0,0,0,0,0,1,0,1,879,5,0,0,0,0,2,0,0,0,0,0,0,0,0,0,0,0,0,3,1,0,0,1,0,0,0,0,0,0,0,0,0,0,0,0,0,0,0,35.5,0,0,0,0,0,26,0,0,0,3,5,0,0,0,0,0,0,0,0,101,0,0,0,0,0,0,0,6,0,0,0,0,0,0,0,0,0,0,4,0,0,0,0,0,0,1,0,0,0,2,0,0,0,0,0,0,2,1,0,0,0,0,0,1,0,0,0,0
24,Lake Tulane,905,22232.5,22819.6,22460.9,36.862,Smooth spline (smoothing 0.6),COUN,3985,0,0,0,0,0,0,1,23,82,0,0,0,0,0,0,0,24,0,0,0,0,0,0,0,0,0,0,0,1,12,1,0,0,0,0,0,0,1,0,0,0,0,1,0,0,0,0,0,3,0,0,1,1,6,0,0,0,0,0,0,1,1,3,0,0,0,0,0,0,2,0,0,0,0,0,0,0,0,1,0,1,0,10,173,10,0,0,0,0,1,0,0,0,0,0.5,0,0,0,0,0,0,0,1,0,0,0,1,0,0,0,0,0,0,0,0,0,0,0,0,0,0,0,86.5,9,0,0,0,0,40,0,0,0,3,7,2,0,0,0,0,0,0,0,80,0,0,0,0,0,0,0,7,0,0,0,0,0,0,0,0,2,0,1,0,0,0,0,0,0,0,0,0,0,2,1,0,0,0,0,0,2,1,2,0,0,0,0,2,0,0,0,0
24,Lake Tulane,913,22533.4,23103.8,22761.4,38.455,Smooth spline (smoothing 0.6),COUN,3986,0,0,0,0,0,0,0,17,65,0,0,0,0,0,0,0,26,0,0,1,0,0,0,0,0,0,0,0,4,18.5,0,1,0,0,0,0,0,0,0,0,0,0,0,0,0,0,0,1,0,0,0,0,6,4,0,0,0,0,0,0,0,0,4.5,0,0,0,0,0,0,0,0,0,0,0,0,0,0,0,0,0,1,0,5,882,2,0,0,1,0,1,0,2,0,0,0,0,0,0,0,0,0,0,2,1,0,0,0,0,0,0,0,0,0,0,0,0,0,0,0,0,0,0,125,4,2,0,0,0,25,0,0,0,1,4,0,0,0,0,0,0,0,0,71,0,0,0,0,0,0,0,3,0,0,0,1,0,0,0,0,0,0,4,0,0,0,0,0,0,0,0,0,0,2,0,0,0,0,0,0,1,1,0,0,0,0,1,0,0.5,0,0,0
24,Lake Tulane,921,22834.9,23405,23074.2,39.896,Smooth spline (smoothing 0.6),COUN,3987,0,0,0,0,0,0,2,26,56,0,0,0,0,0,0,0,13,0,0,0,0,0,0,0,0,0,0,0,1,12,0,0,0,0,0,0,0,0,0,0,0,0,0,0,0,0,0,0,0,0,0,1,2,12,0,0,0,0,0,0,0,0,3,0,0,0,0,0,0,0,3,0,0,0,0,0,0,0,0,0,0,0,0,360,4,0,0,0,0,0,0,1,0,0,0.5,0,0,0,0,0,0,0,0,2,0,0,0,0,0,0,0,0,0,0,0,0,0,0,0,0,0,0,167,7,0,0,0,0,35.5,0,0,0,1,8,0,0,0,0,0,0,0,0,55,0,0,0,0,0,0,0,1,0,0,0,1,0,0,0,0,4,0,0,0,0,0,0,0,0,0,1,0,0,2,0,0,0,0,0,0,3,0,0,0,0,0,0,0,0,0,1,0
24,Lake Tulane,937,23445.7,24064.7,23730.5,42.148,Smooth spline (smoothing 0.6),COUN,3988,0,0,0,0,0,0,0,23,63,0,0,0,0,0,0,0,17,0,0,0,0,0,0,0,0,0,0,0,6,10.5,0,0,0,1,0,0,0,0,0,0,0,0,0,0,0,0,0,0,0,0,0,0,2,2,0,0,0,0,0,0,0,0,5,0,0,0,0,0,0,0,0,0,0,0,0,0,0,0,0,0,0,0,3,321,5,0,0,0,0,0,0,0,0,0,0.5,0,0,0,0,0,0,0,10,0,0,0,0,0,0,0,0,0,0,0,0,0,0,0,0,0,0,0,178,2,0,0,0,0,22,0,0,0,0,3,0,0,0,0,0,0,0,0,54,0,0,1,0,0,0,0,0,0,0,0,0,0,0,0,0,4,0,1,0,0,0,0,0,0,0,0,0,0,0,0,0,0,0,0,0.5,2,0,0,0,2,0,0,0,0,0,1,0
24,Lake Tulane,941,23596.4,24244.5,23899.8,42.582,Smooth spline (smoothing 0.6),COUN,3989,0,0,0,0,0,0,0,31,63,0,2,0,0,0,0,0,9,0,0,0,0,0,0,0,0,0,0,0,4,6,0,0,0,0,0,0,0,0,0,0,0,0,1,0,0,0,0,0,0,0,0,0,7,4,0,0,0,0,0,0,0,0,1,0,0,0,0,0,0,0,0,0,0,0,0,0,0,0,0,0,0,0,1,363,6,0,0,0,0,0,0,1,0,0,1,0,0,0,0,0,0,0,5,1,0,0,0,0,0,0,0,0,0,0,0,0,0,0,0,0,0,0,176,11,0,0,0,0,41,0,0,0,0,5,0,0,0,0,0,0,0,0,55,0,0,0,0,0,0,0,5,0,0,0,0,0,0,0,0,0,0,2,0,0,0,0,0,0,0,0,0,0,0,0,0,0,0,0,0,4,1,0,0,0,0,0,0,0,0,0,0
24,Lake Tulane,945,23747.2,24427.2,24070.7,42.964,Smooth spline (smoothing 0.6),COUN,3990,0,0,0,0,0,0,0,18,57.5,0,0,0,0,0,1,0,6.5,0,0,0,0,0,0,0,0,0,0,0,2,10,0,0,0,0,0,0,0,0,0,0,0,0,0,0,0,0,0,0,0,0,0,0,1.5,3,0,0,0,0,0,0,0,0,3,0,1,0,0,0,0,0,1,0,0,0,0,0,0,0,0,0,0,0,0,539,6,0,0,0,0,0,0,0,0,0,1,0,0,0,0,0,0,0,4,1,0,0,0,0,0,0,0,0,0,0,0,0,0,0,0,0,0,0,241,7,0,0,0,0,20,0,0,0,0,5,0,0,0,0,0,0,0,0,27.5,0,0,1,0,0,0,0,4,0,0,0,0,0,0,0,1,0,0,1,0,0,0,0,0,0,0,0,0,0,1,0,0,0,0,0,1,2,0,0,0,0,0,0,0,0,0,0,0
24,Lake Tulane,949,23898.9,24614.6,24243,43.291,Smooth spline (smoothing 0.6),COUN,3991,0,0,0,0,0,0,0,12,38,0,0,0,0,0,0,0,8,0,0,0,0,0,0,0,0,0,0,0,4,4,0,0,0,0,0,0,0,0,0,0,0,0,0,0,0,0,0,0,0,0,0,0,3,6,0,0,0,0,0,0,0,0,2,0,0,0,0,0,0,0,3,0,0,0,0,0,0,0,1,0,0,0,3,1,2,0,0,0,0,0,0,1,0,0,1.5,0,0,0,0,0,0,0,2,0,0,0,0,0,0,1,0,0,0,0,0,0,0,0,0,0,0,0,150,10,3,0,0,1,24,0,0,0,0,5,0,0,0,0,0,0,0,0,32,0,0,0,0,0,0,0,1,0,0,0,0,0,0,0,0,0,0,6,0,0,0,0,0,0,0,0,0,0,2,0,0,0,0,0,0,0,1,0,0,0,0,0,1,0,0,0,0
24,Lake Tulane,965,24502.6,25368.3,24940.1,43.576,Smooth spline (smoothing 0.6),COUN,3992,0,0,0,0,0,0,0,14,29,0,0,0,0,0,0,0,4,0,1,0,1,0,0,0,0,0,0,0,0,2,0,0,0,0,0,0,0,0,0,0,0,0,1,0,0,0,0,1,0,0,0,0,4,4,0,0,0,0,0,0,0,0,1,0,1,0,0,1,0,0,2,0,0,0,0,0,0,0,0,0,0,0,3,1,3,0,0,0,0,0,0,2,0,0,0.5,0,0,0,0,0,0,0,1,0,0,0,0,0,0,0,0,0,0,0,0,0,0,0,0,0,0,0,163.5,15,2,0,0,0,14,0,0,0,1,2,0,1,0,1,0,0,0,0,27,0,0,0,0,0,0,0,2,0,0,0,0,0,0,0,0,0,0,0,0,0,0,0,0,0,0,0,1,0,1,0,0,0,0,1,0,4,0,0,0,0,0,0,0,0,0,0,0
24,Lake Tulane,973,24795.3,25754.3,25287.3,43.078,Smooth spline (smoothing 0.6),COUN,3993,0,0,0,0,0,0,1,14,32,0,1,0,0,0,1,0,9,0,0,0,0,0,0,0,0,0,0,0,2,4,0,0,0,1,0,0,0,1,0,0,0,0,0,0,0,0,0,0,0,0,0,0,2,4,0,0,0,0,0,0,0,0,3,0,0,0,1,0,0,0,1,0,0,0,0,0,0,0,0,0,0,0,6,1,4,0,0,0,0,0,0,1,0,0,0,0,0,0,0,0,0,0,2,0,0,0,0,0,0,0,0,0,0,2,0,0,0,0,0,0,0,0,140.5,7,0,0,0,0,26,0,0,0,0,9,0,0,0,0.5,0,0,0,0,20,0,0,0,0,0,0,0,1,0,0,0,0,0,0,0,0,0,0,3,0,0,0,0,0,1,0,0,0,0,0,0,0,0,0,0,0,6,2,0,0,0,0,0,1,0,0,1,0
24,Lake Tulane,981,25082.6,26123.2,25628.9,42.153,Smooth spline (smoothing 0.6),COUN,3994,0,0,0,0,0,0,1,20,50,0,1,0,0,0,0,0,19,0,0,0,0,0,0,0,0,0,0,0,1,16,0,0,0,0,0,0,0,0,0,0,0,0,0,0,0,0,0,0,0,0,0,0,2,2,0,0,0,0,0,0,0,0,1,0,0,0,0,0,0,0,0,0,0,0,0,0,0,0,0,0,0,0,4,137,5,0,0,0,1,0,0,1,0,0,2,0,0,0,0,0,0,0,1,4,0,0,0,0,0,0,0,0,0,0,0,0,0,0,0,0,0,0,225.5,8,0,0,0,0,27,0,0,0,1,8,0,0,0,0,0,0,0,0,31,0,0,0,0,0,0,0,0,0,0,0,0,0,0,0,0,2,0,2,0,0,0,0,0,0,0,0,2,0,0,0,0,0,0,0,1,2,0,0,0,0,0,0,0,0,0,0,0
24,Lake Tulane,989,25363.1,26492.3,25961.7,40.802,Smooth spline (smoothing 0.6),COUN,3995,0,0,0,0,0,0,2,14,31,0,0,0,0,0,1,0,19,0,0,0,0,0,0,0,0,0,0,0,1,9,0,0,0,1,1,0,0,2,0,0,0,0,1,0,0,0,0,0,1,0,0,0,7,7,0,0,0,0,0,0,0,0,1,0,0,0,0,0,0,0,0,0,0,0,0,0,0,0,0,0,1,0,8,487,3,0,0,0,0,1,0,0,0,0,3,0,0,0,0,0,0,0,2,1,0,0,0,0,0,0,0,0,0,0,0,0,0,0,1,0,0.5,0,225,22,2,0,0,0,30,0,0,0,1,5,0,0,0,1,0,0,0,0,29,0,0,0,0,1,0,0,1,0,0,0,0,0,0,0,0,0,0,0,0,0,0,0,0,0,0,0,0,0,0,1,0,0,0,0,0,0,1,0,0,1,0,0,0,0,0,0,1
24,Lake Tulane,997,25633.1,26838.3,26282.2,39.023,Smooth spline (smoothing 0.6),COUN,3996,0,0,0,1,0,0,0,28,56,0,0,0,0,0,0,0,26,0,0,0,0,0,0,0,0,0,0,0,2,4,0,0,0,0,0,0,0,0,0,0,0,0,0,0,0,0,0,0,1,0,0,0,8.5,5,0,0,0,0,0,0,0,0,9,0,1,0,0,0,0,0,1,0,0,0,0,0,0,0,0,1,0,0,6,825,3,0,0,0,0,0,0,1,0,0,2.5,0,0,0,0,0,0,0,1,1,0,0,0,0,0,0,0,0,0,0,0,0,0,1,0,0,0,0,166,7,0,0,0,0,30,0,0,0,2,7,0,0,0,0,0,0,0,0,30,0,0,0,0,0,0,0,5,0,0,0,0,1,0,0,0,1,0,1,0,0,0,0,0,0,0,0,0,0,2,0,0,0,0,0,0,5,0,2,0,0,0,0,0,0,0,0,0
24,Lake Tulane,1005,25891.7,27169.5,26586.6,36.647,Smooth spline (smoothing 0.6),COUN,3997,0,0,0,0,0,0,4,30,58,0,0,0,0,0,2,0,31,1,0,4,0,0,0,0,0,0,0,0,6,13.5,1,0,0,0,0,1,0,0,0,0,0,0,0,0,0,0,0,0,0,0,0,0,8.5,19,0,0,0,1,0,0,0,0,13,0,0,0,0,0,0,0,2,0,0,0,0,0,0,0,0,1,0,0,8,349,4,0,0,0,0,2,0,0,0,0,0,0,0,1,0,0,0,0,4,1,0,0,0,0,0,0,0,0.5,0,4,0,0,0,0,0,0,0,0,66.5,0,0,0,0,0,28,0,1,0,2,19,0,0,0,0,0,0,0,0,63.5,0,0,1,0,0,0,0,3,0,0,0,1,1,0,0,0,0,1,0,0,0,0,0,0,2,0,0,0,0,1,0,0,0,0,0,1,1,3,2,0,0,0,0,1,0,0,0,0
24,Lake Tulane,1013,26136.5,27473.1,26868.8,33.348,Smooth spline (smoothing 0.6),COUN,3998,0,0,0,0,0,0,2,35,105.5,0,0,0,0,0,1,0,25.5,0,0,0,0,0,0,0,0,0,0,0,2,15.5,0,0,0,0,0,0,0,0,0,0,0,0,0,0,0,0,0,0,0,0,0,0,1,15,0,0,0,0,0,1,0,0,12,0,0,0,0,0,0,0,1,1,0,0,0,0,0,0,0,0,1.5,0,7,479,12,0,0,0,0,1,0,1,0,0,1,0,0,0,0,0,0,0,4,3,0,0,0,0,0,0,0,0,0,1,1,0,0,2,0,0,0,0,30,0,0,0,0,1,30.5,0,0,0,3,14,0,0,0,0,0,0,0,0,62.5,0,0,0,0,1,0,0,4,0,0,0,0,0,0,0,0,0,0,1,0,0,0,0,0,0,0,0,0,0,6,0,0,1,0,0,4,4,0,0,0,0,0,0,0,0,0,1,0
24,Lake Tulane,1021,26365.9,27730.9,27121.3,29.1,Smooth spline (smoothing 0.6),COUN,3999,0,0,0,1,0,0,1,23,69,0,1,0,0,0,0,0,11,0,0,2,0,0,0,1,0,0,0,0,2,18,0,0,0,0,0,3,0,0,0,0,0,0,0,0,0,0,0,0,0,0,0,0,9,7,0,0,1,0,0,1,0,0,0,0,0,0,0,0,0,0,2,0,0,0,0,0,0,0,0,0,2,0,8,1,1,0,0,0,0,1,0,0,0,0,0,0,0,0,0,0,0,0,1,0,0,0,0,0,0,0,0,0,0,2,0,0,0,1,0,0,0,0,44.5,2,2,0,0,0,45,0,0,0,2,11,0,0,1,0,0,0,0,0,38,1,0,0,0,0,0,0,3,0,0,0,0,0,0,0,0,0,0,2,0,0,0,0,0,0,0,0,1,0,1,0,0,0,0,0,2,3,5,0,0,0,0,0,0,0,0,1,0
24,Lake Tulane,1029,26580.2,27943,27338.8,24.874,Smooth spline (smoothing 0.6),COUN,4000,0,0,2,1,0,0,2,38,99,0,2,0,0,0,0,0,30,0,0,2,0,0,0,1,0,0,0,0,1,8,0,0,0,0,0,2,0,1,0,0,0,0,0,0,0,0,0,0,0,0,0,0,4,17.5,0,0,0,0,0,0,1,0,15,0,0,0,0,0,0,0,2,0,0,0,0,0,0,0,0,0,0,0,4,836,7,0,0,0,0,1,0,0,0,0,0,0,0,0,0,0,0,0,6,2,0,0,0,0,0,0,0,0,1,5,0,0,1,0,0,0,0,0,29.5,0,0,0,0,0,39,0,0,0,2,15,0,0,0,0,0,0,0,0,55,0,0,0,0,0,0,0,4,0,0,0,0,0,0,0,0,1,0,0,0,0,0,0,0,0,0,0,0,0,3,0,0,0,0,0,2,5,3,0,0,0,0,0,3,0,0,1,0
24,Lake Tulane,1037,26779.8,28114.4,27525.3,21.439,Smooth spline (smoothing 0.6),COUN,4001,0,0,0,0,0,0,2,17,52,0,1,0,0,0,0,0,13,0,0,0,0,0,0,0,0,0,0,0,1,23,0,0,0,0,0,2,0,0,1,0,0,0,0,0,0,0,0,1,1,0,0,0,23,6,0,0,0,0,0,1,0,0,9,0,1,0,0,1,1,0,1,0,0,0,0,0,0,0,1,0,1,0,5,4,10,0,0,0,0,1,0,2,0,0,0,0,0,0,0,0,0,0,3,0,0,0,0,0,0,0,0,0,0,2,0,0,0,0,0,0,0,0,50.5,3,0,0,0,0,31,0,0,0,1,11,0,0,0,0,0,0,0,0,45,0,0,0,0,2,2,0,3,0,0,1,0,0,0,0,0,1,0,2,0,0,0,0,0,0,0,0,1,0,0,0,0,0,0,0,0,2,0,0,0,0,0,0,0,0,0,1,0
24,Lake Tulane,1045,26966.9,28273,27686.9,18.732,Smooth spline (smoothing 0.6),COUN,4002,0,0,0,0,0,0,1,21,73,0,1,0,0,0,1,0,20,0,0,0,0,0,0,0,0,0,0,0,0,6.5,0,0,0,0,0,0,0,1,0,0,0,0,0,0,0,0,0,0,0,0,0,1,25,13,0,0,0,1,0,0,1,0,5,0,0,0,0,0,1,0,0,0,0,0,0,0,0,0,0,0,2,0,4,1,3,0,0,0,0,0,0,0,0,0,0,0,0,0,0,0,0,0,2,1,0,0,0,1,0,0,0,0,0,2,0,0,0,3,0,0,0,0,56,0,0,0,0,0,35,0,0,0,0,6,0,0,0,0,0,0,0,0,43,0,0,0,0,0,0,0,2,0,0,0,0,0,0,0,0,0,0,2,0,0,0,0,0,1,0,0,0,0,0,0,0,0,0,0,0,1,5,1,0,0,0,0,0,0,0,1,0
24,Lake Tulane,1053,27143.5,28417.6,27829.2,16.706,Smooth spline (smoothing 0.6),COUN,4003,0,0,0,0,0,0,1,47,121,0,1,0,0,1,1,0,35,0,0,1,0,0,0,0,0,0,0,0,1,13.5,0,0,0,0,0,0,0,1,0,0,0,1,0,0,0,0,0,0,0,1,0,0,3,15,0,0,0,0,0,0,0,0,2,0,0,0,0,0,0,1,1,0,0,0,0,0,0,0,0,1,2,0,6,0,8,0,0,0,0,0,0,0,0,0,2,0,1,0,0,0,0,0,3,0,0,0,0,0,0,0,0,0,0,1,0,0,0,1,1,0,0,0,35,0,0,0,0,0,36,0,0,0,2,6,0,0,0,0,0,0,0,0,69,0,0,0,0,0,0,0,4,0,0,0,0,0,0,0,0,1,0,0,0,0,0,0,0,0,0,0,0,0,0,0,0,0,0,0,0,2,3,0,0,2,0,0,1,0,0,1,0
24,Lake Tulane,1069,27464.3,28671.8,28077.8,14.692,Smooth spline (smoothing 0.6),COUN,4004,0,0,0,0,2,0,0,34,77,0,1,0,0,0,0,0,32,0,0,1,0,0,0,0,0,0,0,0,2,23.5,0,0,0,1,0,0,0,0,0,0,0,0,0,0,0,0,0,0,0,0,0,0,13,9,0,0,0,0,0,0,0,0,7,0,1,0,2,1,0,0,3,0,0,1,0,0,0,0,0,5,1,0,1,12,7,0,0,0,0,1,0,1,0,0,2,0,0,0,0,0,0,0,6,0,0,0,1,0,0,0,0,0,0,0,0,0,0,0,0,0,0,0,33.5,1,0,0,0,0,51,0,0,0,3,12,2,0,0,0,0,0,0,0,63,0,1,0,0,0,0,0,3,0,0,0,0,0,0,0,0,0,0,1,0,0,0,0,0,0,0,0,0,0,2,0,0,0,0,0,0,2,3,0,0,0,0,0,0,0,0,0,0
24,Lake Tulane,1077,27618.2,28799.9,28194.9,14.712,Smooth spline (smoothing 0.6),COUN,4005,0,0,0,0,0,0,2,25,61,0,1,0,0,2,1,0,18,0,0,0,2,0,0,0,0,0,0,0,3,11,0,0,0,0,0,0,0,0,0,0,0,0,0,0,0,0,1,0,0,0,0,0,0,11,0,0,0,0,0,0,0,0,11,1,0,0,0,0,0,1,1,0,0,0,0,0,0,0,0,3,2,0,9,18,3,0,1,0,0,0,0,0,0,0,1,0,0,0,0,0,0,0,1,0,0,0,0,0,0,0,0,0,0,1,0,0,0,1,0,0,0,0,24,1,1,0,0,0,53,0,0,0,1,5,0,0,0,0,0,0,0,0,58,0,0,2,0,0,0,0,9,0,0,0,0,0,0,0,0,2,0,0,0,0,0,0,0,0,0,0,0,0,1,0,0,0,0,0,0,0,0,0,0,0,0,0,1,0,0,0,0
24,Lake Tulane,1093,27918.7,29099.5,28442.9,16.899,Smooth spline (smoothing 0.6),COUN,4006,0,0,0,0,0,0,0,17,73,0,0,0,0,1,0,0,30,0,0,0,0,0,0,0,0,0,0,0,1,4,1,0,0,1,0,0,0,1,0,0,0,0,0,0,0,0,0,0,0,0,0,1,4,9,0,0,0,0,0,0,0,0,5,0,1,0,0,0,0,0,1,0,0,0,0,0,0,0,0,2,0,0,4,89,6,0,0,0,0,1,0,1,0,0,1,0,0,0,0,0,0,0,4,2,0,0,0,0,0,0,0,0,0,0,0,0,0,0,0,0,0,0,45,0,0,0,0,0,37,0,0,0,3,7,0,0,0,0,0,0,0,0,54,0,0,0,0,0,0,0,1,0,0,0,0,0,0,0,0,0,0,1,0,0,0,0,0,0,0,0,0,1,0,0,0,0,0,0,0,2,2,0,0,0,0,0,0,0,0,0,0
24,Lake Tulane,1101,28074.3,29277,28585.2,19.004,Smooth spline (smoothing 0.6),COUN,4007,0,0,0,0,0,0,0,22,71,0,1,0,0,0,0,0,20,0,0,0,0,0,0,0,0,0,0,0,2,8,0,0,0,0,0,0,0,0,0,0,0,0,0,0,0,0,0,0,2,0,0,0,10,6,0,0,0,1,0,0,0,0,4,0,0,0,0,0,1,0,0,1,0,0,0,0,0,0,0,0,1.5,0,10,749,11,0,0,0,0,0,0,1,0,0,0,0,0,0,0,0,0,0,4,1,0,0,0,0,0,0,0,0,0,0,0,0,0,1,0,0,0,0,113,12,2,1,0,1,46.5,0,0,0,4,4,0,0,0,0,0,0,0,0,52.5,0,0,1,0,0,0,0,1,0,0,0,0,0,0,0,0,0,0,3,0,0,0,0,0,0,0,0,0,0,0,0,0,0,0,0,0,2,6,0,0,0,0,0,0,0,0,2,0
24,Lake Tulane,1109,28233.5,29472.9,28745.5,21.45,Smooth spline (smoothing 0.6),COUN,4008,0,0,0,0,0,0,0,25,43,0,1,0,0,0,0,0,21,0,0,0,0,0,0,0,0,0,0,0,3.5,10,0,0,0,2,0,0,0,0,0,0,0,0,0,0,0,0,0,0,0,0,0,2,0,10,0,0,0,0,0,0,0,0,1,0,0,0,0,0,0,0,3,0,0,0,0,0,0,0,0,3,0,0,1,553,9,0,0,0,0,0,0,0,0,0,1,0,0,0,0,0,0,0,3,1,0,0,0,0,0,0,0,0,0,1,0,0,0,2,0,0,0,0,105,1,0,0,0,0,40,0,0,0,0,5,0,0,0,0,0,0,0,0,56,0,0,0,0,0,0,0,0,0,0,0,0,0,0,0,0,1,0,1,0,1,0,0,0,0,0,0,0,0,0,0,0,0,0,0,0,1,0,0,0,0,0,0,0,0,0,1,0
24,Lake Tulane,1117,28395.7,29698.6,28926.6,24.197,Smooth spline (smoothing 0.6),COUN,4009,0,0,0,0,0,0,0,18,49,0,1,0,0,0,0,0,15,0,0,0,0,0,0,0,0,0,0,0,4,3,0,0,0,1,0,2,0,0,0,0,0,0,0,0,0,0,0,0,0,0,0,0,8,3,0,0,0,0,0,0,0,0,1,0,0,0,0,0,4,0,0,0,0,0,0,0,0,0,0,0,1,0,9,1573,3,0,0,0,0,0,0,0,0,0,1,0,0,0,0,0,0,0,2,0,0,0,0,0,0,0,0,0,0,0,0,0,0,0,0,0,0,0,144,26,0,0,0,1,46,0,0,0,1,10,0,0,0,0,0,0,0,0,40,0,0,0,0,0,0,0,7,0,0,0,0,0,0,0,0,0,0,3,0,0,0,0,0,0,0,0,0,0,0,0,0,0,0,0,0,3,2,0,0,0,0,0,1,0,0,2,0
24,Lake Tulane,1133,28767.2,30235.9,29360.1,30.596,Smooth spline (smoothing 0.6),COUN,4010,0,0,0,0,0,1,0,22,35,0,1,0,0,0,0,0,12,0,0,0,0,0,0,0,0,0,0,0,2,13,0,0,0,0,0,0,0,0,0,0,0,0,0,0,0,0,1,0,2,0,0,0,3,13,0,0,0,0,0,0,0,0,3,0,0,0,0,0,3,0,0,0,0,0,0,0,0,0,0,0,3,0,9,1538,4,0,0,0,0,0,0,0,0,0,0,0,0,0,0,0,0,0,4,0,0,0,0,0,1,0,0,0,0,0,0,0,0,0,0,0,0,0,207,28,0,0,0,0,57,0,0,0,0,7,0,0,0,0,0,0,0,0,32,0,0,1,0,0,0,0,2,0,0,0,0,0,0,0,0,0,0,3,0,0,0,0,0,0,0,0,2,0,0,0,0,0,0,0,0,2,3,0,0,0,0,0,0,0,0,3,0
24,Lake Tulane,1141,28976.2,30544.4,29617.5,34.255,Smooth spline (smoothing 0.6),COUN,4011,0,0,0,0,0,0,0,25,54,0,0,0,0,0,0,0,24,0,0,0,0,0,0,0,0,0,0,0,2,5.5,0,0,0,0,0,0,0,0,0,0,0,0,0,0,0,0,0,0,1,0,0,0,2,5,0,0,0,0,0,0,0,0,6,0,0,0,0,0,0,0,0,0,0,0,0,0,0,0,0,3,2,0,2,745,3,0,0,0,0,0,0,0,0,0,0,0,0,0,0,0,0,0,8,0,0,0,0,0,0,0,0,0,0,1,0,0,0,0,0,0,0,0,171,2,0,0,0,1,38,0,0,0,1,4,0,0,0,0,0,0,0,0,43,0,0,0,0,1,0,0,0,0,0,0,0,0,0,0,0,0,0,2,0,0,0,0,0,0,0,0,0,0,2,0,0,0,0,1,1,0,0,0,0,0,0,0,0,0,0,0,0
24,Lake Tulane,1149,29219.7,30882.7,29905.2,38.222,Smooth spline (smoothing 0.6),COUN,4012,0,0,0,0,0,0,0,18,20,0,0,0,0,0,0,0,14.5,0,0,0,0,0,0,0,0,0,0,0,2,6.5,0,0,0,1,0,1,1,0,0,0,0,0,0,0,0,0,0,0,1,0,0,0,5,8,0,0,0,1,0,0,0,0,2,1,0,0,0,0,0,0,0,0,0,0,0,0,0,0,0,0,0,0,11,247,2,0,0,1,0,0,0,0,0,0,0,0,0,0,0,0,0,0,2.5,0,0,0,0,0,0,0,0,0,0,0,0,0,0,0,0,0,0,0,106,7,0,0,0,0,69,0,0,0,1,4,0,0,0,0,0,0,0,0,71,0,0,0,0,0,0,0,1,0,0,0,0,0,0,0,0,0,1,2,0,0,1,0,0,0,0,0,0,0,2,0,0,0,0,0,2,0,3,0,0,0,0,0,0,0,0,0,0
24,Lake Tulane,1165,29812.3,31618,30581.5,47.074,Smooth spline (smoothing 0.6),COUN,4013,0,0,0,0,0,0,0,21,41,0,0,0,0,2,0,0,26,0,0,0,1,0,0,0,0,0,0,0,0,12,0,0,0,0,0,2,0,0,0,0,0,0,0,0,0,0,0,0,1,0,0,0,7,5,0,0,0,0,0,0,0,0,7,0,0,0,0,0,2,0,0,0,0,0,0,0,0,0,0,0,1,0,5,423,5,0,0,0,0,2,0,2,0,0,0,0,0,0,0,0,0,0,6,0,0,0,0,0,0,0,0,0,3,0,0,0,0,0,0,0,0,0,181,17,0,0,0,0,78,0,0,0,1,2,0,0,0,0,0,0,1,0,43,0,0,1,0,0,0,0,2,0,0,0,0,0,0,0,0,0,0,1,0,0,0,0,0,0,0,0,2,0,0,0,0,0,0,0,1,1,2,0,0,0,0,0,0,0,0,1,0
24,Lake Tulane,1173,30171,32014.7,30973.4,51.28,Smooth spline (smoothing 0.6),COUN,4014,0,0,0,0,1,0,0,31,51.5,0,1,0,0,0,0,0,24.5,0,0,0,0,0,0,0,0,0,0,0,0,8,0,0,0,0,0,0,0,0,0,0,0,0,0,0,0,0,0,0,1,0,0,0,0,8,0,0,0,0,0,0,0,0,16,0,0,0,0,0,0,1,0,0,0,1,0,0,0,0,0,0,0,0,6,98,1,0,0,0,0,0,0,1,0,0,0,0,1,0,0,0,0,0,0,2,0,0,0,0,0,0,0,0,0,0,0,0,0,2,0,0,0,0,28.5,0,0,0,0,0,89,0,0,0,1,4,0,0,0,0,0,0,0,0,24,0,0,1,0,0,0,0,1,0,0,0,0,0,0,0,0,0,0,0,0,0,0,0,0,2,0,0,0,0,2,0,0,0,0,0,1,3,0,1,0,0,0,0,0,0,0,0,0
24,Lake Tulane,1181,30569.3,32427.9,31395.8,54.581,Smooth spline (smoothing 0.6),COUN,4015,0,0,0,0,0,0,0,9,31,0,0,0,0,0,0,0,6,0,0,0,1,0,0,0,0,0,0,0,1,4,0,0,0,1,0,3,0,0,0,0,0,0,0,0,0,0,0,0,0,0,0,0,2,2,0,0,0,0,0,0,0,0,4,0,0,0,0,1,0,0,0,0,0,0,0,0,0,0,0,0,0,0,7,493,4,0,0,0,0,0,0,1,0,0,0,0,0,0,0,0,0,0,0,0,0,0,0,0,0,0,0,0,0,0,0,0,0,0,0,0,0,0,239,12,0,0,0,0,82,0,0,0,2,3,0,0,0,0,0,0,0,0,42,0,0,1,0,0,0,0,1,0,0,0,0,0,0,0,0,0,0,7,0,0,0,0,0,0,0,0,2,0,0,0,0,0,0,0,0,1,1,0,0,0,0,0,1,0,0,0,0
24,Lake Tulane,1189,31000,32854.5,31841.4,56.975,Smooth spline (smoothing 0.6),COUN,4016,0,0,0,0,0,0,0,11,34,0,1,0,0,0,0,0,19,0,0,3,0,0,0,0,0,0,0,0,2,6,0,0,0,2,0,0,0,0,0,0,0,0,0,0,0,0,0,0,2,0,0,0,1,12,0,0,0,0,0,0,0,0,7,0,0,0,0,0,0,0,2,0,0,0,0,0,0,0,0,0,1,0,5,90,7,0,0,0,0,0,0,1,0,0,7.5,0,0,0,0,0,0,0,1,0,0,0,0,0,0,0,0,0,0,0,0,0,0,2,0,0,0,0,43,1,0,0,0,0,69,0,0,0,1,2,0,0,0,0,0,0,0,0,73.5,0,0,0,0,0,0,0,0,0,0,0,0,0,0,0,0,0,0,0,0,0,1,0,0,0,0,0,0,0,0,0,0,0,0,0,0,1,1,0,0,0,0,1,0,0,0,0,0
24,Lake Tulane,1197,31446.2,33293,32303.7,58.751,Smooth spline (smoothing 0.6),COUN,4017,0,0,0,0,0,1,0,16,36,0,1,0,0,1,0,0,17,0,0,0,2,0,0,0,0,0,0,0,0,5,0,0,0,0,0,0,0,0,0,0,0,0,0,0,0,0,0,0,7,0,0,0,1,26,0,0,0,0,0,0,0,0,3,0,0,0,0,0,3,0,0,0,0,0,0,0,0,0,0,0,0,0,9,61,7,0,0,0,0,0,0,1,0,0,0,0,0,0,0,0,0,0,4,1,0,0,0,0,0,0,0,0,0,0,0,0,0,0,0,0,0,0,113,7,0,0,0,0,117,0,0,0,1,1,0,0,0,0,0,0,0,0,94,0,0,1,0,0,0,0,2,0,0,0,0,0,0,0,0,0,0,1,0,0,0,0,0,0,0,0,1,0,1,0,0,0,0,0,2,2,3,0,0,0,0,0,0,0,0,1,0
24,Lake Tulane,1205,31909.9,33735.9,32778.8,60.144,Smooth spline (smoothing 0.6),COUN,4018,0,0,0,0,0,0,0,19,92.5,0,1,0,0,1,0,0,26,0,0,0,1,0,0,0,0,0,0,0,1,3,0,0,0,0,0,0,0,0,0,0,0,0,1,0,0,0,0,0,1,0,0,0,4,9,0,0,0,0,0,0,0,0,1,0,0,0,0,0,2,0,1,0,0,0,0,0,0,0,0,0,1,0,4,17,9,0,0,0,0,0,0,2,0,0,0,0,0,0,0,0,0,0,4,0,0,0,0,0,0,1,0,0,0,0,0,0,1,0,0,0,0,0,10.5,1,0,0,0,0,37,0,0,0,2,1,0,0,0,0,0,0,0,0,64,0,0,1,0,1,0,0,2,0,0,0,0,0,0,0,0,0,0,0,0,0,0,0,0,0,0,0,1,0,1,0,0,0,0,0,0,1,2,0,0,0,0,0,0,0,0,0,0
24,Lake Tulane,1213,32391.3,34199.2,33263.8,61.156,Smooth spline (smoothing 0.6),COUN,4019,0,0,0,0,0,0,0,9,121,0,0,0,0,0,0,0,20,0,0,0,0,0,0,0,0,0,0,0,5,10,0,0,0,0,0,0,0,0,0,0,0,0,0,0,0,0,0,0,1,0,0,0,0,12,0,0,0,0,0,0,0,0,0,0,0,0,0,1,3,0,0,0,0,0,0,0,0,0,0,0,0,0,9,312,5,0,1,0,0,0,0,0,0,0,1,0,0,0,0,0,0,0,4,0,0,0,0,0,0,0,0,2,0,0,0,0,0,0,0,0,0,0,103,7,0,0,0,0,75,0,0,0,0,2,0,0,0,0,0,0,0,0,142,0,0,0,0,0,0,0,1,0,0,0,0,0,0,0,0,0,0,2,0,0,0,0,0,0,1,0,0,0,0,0,0,0,0,0,2,0,2,0,0,0,0,0,0,0,0,1,0
24,Lake Tulane,1221,32872.9,34677,33755.5,61.784,Smooth spline (smoothing 0.6),COUN,4020,0,0,0,0,0,0,0,16,103,0,1,0,0,0,0,0,16,0,0,0,0,0,0,0,0,0,0,0,1,4,0,0,0,1,0,0,0,0,0,0,0,0,0,0,0,0,0,0,0,0,0,0,0,5,0,0,0,0,0,1,0,0,0,0,0,0,0,0,0,0,0,0,0,0,0,0,0,0,0,0,1,0,4,5,10,0,0,0,0,0,0,0,0,0,5.5,0,0,0,0,0,0,0,3,1,0,0,0,0,0,0,0,0,0,0,0,0,0,1,0,0,0,0,6.5,0,0,0,0,1,27,0,0,0,0,0,0,0,0,0,0,0,0,0,94,0,0,0,0,0,0,0,0,0,0,0,0,0,0,0,0,2,0,0,0,0,0,0,0,2,0,0,0,0,1,0,0,0,0,0,0,6,0,0,0,0,0,0,0,0,0,1,0
24,Lake Tulane,1229,33353.5,35175.8,34250.9,62.031,Smooth spline (smoothing 0.6),COUN,4021,0,0,0,0,0,0,0,18,33,0,0,0,0,1,0,0,16,0,0,0,0,0,0,0,0,0,0,0,5,2.5,0,0,0,1,0,0,0,0,0,0,0,0,0,0,0,0,0,0,0,0,0,0,3,8,0,0,0,0,0,0,0,0,2,0,0,0,0,0,1,0,3,0,0,0,0,0,0,0,0,0,0,0,5,1,2,0,0,0,0,0,0,1,0,0,1,0,0,0,0,0,0,1,4,0,0,0,0,0,0,0,0,0,0,0,0,0,0,0,0,0,0,0,164,11,1,0,0,0,20,0,0,0,0,0.5,0,0,0,0,0,0,0,0,97,0,0,0,1,0,0,0,0,0,0,0,0,0,0,0,0,0,0,0,0,0,0,0,0,0,0,0,1,0,0,0,0,0,0,0,0,3,1,0,0,0,0,0,0,0,0,1,0
24,Lake Tulane,1237,33834.2,35689.9,34747.2,62.022,Smooth spline (smoothing 0.6),COUN,4022,0,0,0,0,0,0,0,10,12,0,1,0,0,1,0,0,6,0,0,0,0,0,0,0,0,0,0,0,2,6.5,0,0,0,0,0,0,0,0,0,0,0,0,0,0,0,0,0,0,1,0,0,0,2,2,0,0,0,0,0,0,0,0,2,0,2,0,0,0,0,0,1,0,0,0,0,0,0,0,0,0,0,0,2,1,1,0,0,0,0,0,0,0,0,0,1,0,0,0,0,0,0,0,6,0,0,0,0,0,0,0,0,0,0,0,0,0,0,0,0,0,0,0,283.5,18,1,0,0,1,33,0,0,0,0,0.5,0,0,0,0,0,0,0,0,38,0,0,0,0,0,0,0,0,0,0,0,0,1,0,0,0,0,0,0,0,0,0,0,0,0,0,0,2,0,0,0,0,0,0,0,0,0,0,0,0,0,0,0,1,0,0,1,0
24,Lake Tulane,1249,34555.2,36468,35490.4,61.808,Smooth spline (smoothing 0.6),COUN,4023,0,0,0,0,0,0,2,8,18,0,0,0,0,0,0,0,3,0,0,0,1,0,0,0,0,0,0,0,3,9.5,0,0,0,0,0,0,0,0,0,0,0,0,0,0,0,0,0,0,0,0,0,0,4,5,0,0,0,0,0,0,0,0,0,0,1,0,0,2,0,0,1,0,0,0,0,0,0,0,1,0,1,0,0,1,2,0,0,0,0,0,0,1,0,0,1,0,0,0,0,0,0,0,7,0,0,0,0,0,0,0,0,0,0,0,0,0,0,0,0,0,0,0,258,10,0,0,0,0,23,0,0,0,0,1,0,0,0,0,0,0,0,0,35,0,0,0,0,0,0,0,1,0,0,0,0,0,0,0,0,0,0,0,0,0,0,0,0,0,0,0,1,0,0,0,0,0,0,0,0,3,2,0,0,0,0,0,0,0,0,0,0
24,Lake Tulane,1261,35248.9,37271.5,36230.2,61.419,Smooth spline (smoothing 0.6),COUN,4024,0,0,0,0,0,0,0,11,26,0,0,0,0,0,0,0,3,0,0,1,0,0,0,0,0,0,0,0,1,2,0,0,0,0,0,0,0,0,0,0,0,0,0,0,0,0,0,0,0,0,0,0,6,4,0,0,0,0,0,1,0,0,4,0,0,0,0,0,0,0,2,0,0,0,0,0,0,0,0,0,0,0,2,1,2,0,0,0,0,1,0,0,0,0,0.5,0,0,0,0,0,0,0,3,0,0,0,0,0,0,0,0,0,0,0,0,0,0,0,0,0,0,0,267.5,11,1,0,0,0,21,0,0,0,0,0,0,0,0,0,0,0,0,0,31,0,0,0,0,0,0,0,1,0,1,0,0,0,0,0,0,0,0,0,0,0,0,0,0,0,0,0,0,0,1,0,0,0,1,0,0,1,1,0,0,0,0,0,0,0,0,0,0
24,Lake Tulane,1269,35708,37813.3,36720.3,61.062,Smooth spline (smoothing 0.6),COUN,4025,0,0,0,0,0,0,2,8,12,0,0,0,0,0,0,0,7,0,0,0,0,0,0,0,0,0,0,0,3,6,0,0,0,0,0,1,0,1,0,0,0,0,0,0,0,0,0,0,0,0,0,0,3.5,4,0,0,0,0,0,0,0,0,1,0,0,0,0,0,0,0,4,0,0,1,0,0,0,0,2,0,0,0,1,1,6,0,0,0,0,0,0,3,0,0,3,1,0,0,0,0,0,0,8,0,0,0,0,1,0,0,0,0,0,0,0,0,0,0,0,0,0,0,240,14,0,0,0,0,40,0,0,0,1,2,0,0,0,0,0,0,0,0,23,0,0,0,0,0,0,0,0,0,0,0,0,0,0,0,0,0,0,1,0,0,0,0,0,1,1,0,2,0,0,1,0,0,0,0,0,1,1,0,0,0,0,0,0,0,0,0,0
24,Lake Tulane,1277,36158,38360.3,37207.4,60.627,Smooth spline (smoothing 0.6),COUN,4026,0,0,0,0,0,0,0,12,6,0,0,0,0,0,0,0,5,0,0,0,0,0,0,0,0,0,0,0,2,1,0,0,0,0,0,0,0,0,0,0,0,0,0,1,0,0,0,0,0,0,0,0,4,2,0,0,0,0,0,0,0,0,4,0,2,0,0,0,0,0,2,0,0,0,0,0,0,0,0,0,0,0,2,1,0,0,0,0,0,0,0,1,0,0,0,0,0,0,0,0,0,0,4,0,0,0,0,0,0,0,0,0,0,0,1,0,1,0,0,0,0,0,262,7,0,0,0,0,27,0,0,0,0,0,0,0,0,0,0,0,0,0,20,0,0,0,0,0,0,0,0,0,0,0,0,0,0,0,0,0,0,1,0,0,0,0,0,0,0,0,1,0,0,0,0,0,0,0,0,1,0,0,0,0,0,0,0,0,0,0,0
24,Lake Tulane,1285,36609.4,38912.5,37690.6,60.114,Smooth spline (smoothing 0.6),COUN,4027,0,0,0,0,0,0,0,14,14,0,0,0,0,0,0,1,8,0,0,0,0,0,0,0,0,0,0,0,2,6.5,0,0,0,0,0,0,0,0,0,0,0,0,0,0,0,0,0,0,0,0,0,0,4,7,0,0,1,0,0,0,0,0,5,0,0,0,0,0,1,0,0,0,0,0,0,0,0,0,0,0,0,0,1,1,3,0,0,0,0,0,0,1,0,0,6.5,0,0,0,0,0,0,0,4,0,0,0,0,0,1,0,0,0,0,0,0,0,1,0,0,0,0,0,219,8,0,0,0,0,45.5,0,0,0,2,0.5,0,0,0,0,0,0,1,0,44.5,0,0,0,0,0,0,0,0,0,1,0,0,0,0,0,0,3,1,0,0,0,0,0,0,0,0,0,2,0,0,0,0,0,0,0,0,0,1,0,0,0,0,0,0,0,0,1,0
24,Lake Tulane,1289,36831,39189.8,37930.7,59.828,Smooth spline (smoothing 0.6),COUN,4028,0,0,0,0,0,0,0,12,13,0,0,0,0,1,0,0,8,0,0,0,0,0,0,0,0,0,0,0,1,6,0,0,0,0,0,0,0,0,0,0,0,0,0,0,0,0,1,0,1,0,0,0,3,6,0,0,0,0,0,0,0,0,1,0,0,0,0,0,1,0,0,0,0,0,0,0,0,0,0,0,2,0,1,355,1,0,0,0,0,0,0,1,0,0,1,0,0,0,0,0,0,0,7,1,0,0,0,0,0,0,0,0,0,0,0,0,0,0,0,0,0,0,232,23,0,0,0,0,64,0,0,0,0,3,0,0,0,0,0,0,0,0,71,0,0,0,0,0,0,0,0,0,0,0,0,0,0,0,0,0,0,2,0,0,0,0,0,0,0,0,1,1,0,0,0,0,0,0,0,2,2,0,0,0,1,0,0,0,0,0,0
24,Lake Tulane,1293,37055.9,39460.6,38169.5,59.522,Smooth spline (smoothing 0.6),COUN,4029,0,0,0,0,0,0,0,13,18,0,0,0,0,0,0,0,10,0,0,0,1,0,0,0,0,0,0,0,2,4,0,0,0,0,0,0,0,0,0,0,0,0,0,0,0,0,0,0,0,0,0,0,1,3,0,0,0,0,0,0,0,0,1,0,0,0,0,0,0,0,2,0,0,0,0,0,0,0,0,0,0,0,2,1,5,0,0,0,0,0,0,0,0,0,2,0,0,0,0,0,0,0,3,1,0,0,0,0,0,0,0,0,0,0,0,0,0,0,0,0,0,0,245,5,0,0,0,1,37,0,0,0,0,0,0,0,0,0,0,0,0,0,44,0,0,0,0,0,0,0,0,0,1,0,0,0,0,0,0,1,0,0,0,0,0,0,0,0,0,0,1,0,0,0,0,0,0,0,0,2,1,0,0,0,0,0,0,0,0,1,0
24,Lake Tulane,1301,37501.9,39998.3,38643.4,58.852,Smooth spline (smoothing 0.6),COUN,4030,0,0,0,0,0,0,0,16,5,0,1,0,0,0,0,0,7,0,0,0,1,0,0,0,0,0,0,0,5,2,0,0,0,1,0,0,0,0,0,0,0,0,0,0,0,0,0,0,0,0,0,0,6.5,6,0,0,0,0,0,0,0,1,7,0,0,0,0,0,0,0,1,0,0,0,0,0,0,0,1,0,0,0,4,1,0,0,0,0,0,0,0,1,0,0,2.5,0,0,0,0,0,0,0,1,1,0,0,0,0,0,0,0,0,0,0,0,0,0,0,0,0,0,0,259.5,11,0,0,0,1,60,0,0,0,1,1,0,0,0,0,0,0,0,1,29,0,0,0,0,0,0,0,0,0,0,0,0,0,0,0,0,0,0,2,0,0,0,0,0,0,0,0,1,0,0,0,0,0,0,0,0,2,2,0,0,0,0,0,0,0,0,1,0
24,Lake Tulane,1309,37933.7,40524.6,39111.7,58.104,Smooth spline (smoothing 0.6),COUN,4031,0,0,0,1,0,0,0,15,9,0,0,0,0,0,0,0,4,0,0,0,0,0,1,0,0,0,0,0,2,5,0,0,0,0,0,0,0,0,0,0,0,0,0,0,0,0,0,0,0,0,0,0,9,2,0,0,0,0,0,0,0,0,2,0,0,0,0,0,0,0,2,0,0,0,0,0,0,0,0,1,0,0,2,1,1,0,0,0,0,0,0,0,0,0,2.5,0,0,0,0,0,0,0,2,0,0,0,0,0,1,0,0,0,0,0,0,0,0,0,0,0,0,0,294.5,11,0,0,0,0,38,0,0,0,1,1,0,0,0,0,0,0,0,0,35,0,0,0,0,0,0,0,0,0,0,0,0,0,0,0,0,1,0,2,0,0,0,0,0,0,0,0,3,0,0,0,0,0,0,1,0,1,2,0,0,0,0,0,0,0,0,0,0
24,Lake Tulane,1317,38376.4,41036.2,39573.9,57.393,Smooth spline (smoothing 0.6),COUN,4032,0,0,0,0,0,0,0,22,34,0,0,0,0,0,0,0,15,0,0,0,0,0,0,0,0,0,0,0,4,9.5,0,0,0,0,0,0,0,0,1,0,0,0,2,0,0,0,0,0,0,0,0,0,1,10,1,0,0,0,0,0,0,0,2,0,1,0,0,0,0,0,3,0,1,0,0,0,0,0,0,0,1,0,2,1,15,0,0,0,0,1,0,1,0,0,5.5,0,0,0,0,0,0,0,1,0,0,0,0,1,0,0,0,0,0,0,0,0,0,0,0,0,0,0,55.5,2,0,0,0,0,40,0,0,0,1,1,0,0,0,0,0,0,0,0,82,1,0,0,0,0,0,0,0,0,0,0,0,0,0,0,0,1,0,2,0,0,0,0,0,0,0,0,0,0,0,1,0,0,0,0,0,1,1,0,0,0,0,0,0,0,0,0,0
24,Lake Tulane,1325,38810.6,41538.3,40031.5,57.026,Smooth spline (smoothing 0.6),COUN,4033,0,0,0,0,1,0,0,14,42,0,0,0,0,0,1,0,14,0,0,0,0,0,0,0,0,0,0,0,4,7.5,0,0,0,0,0,0,0,0,0,0,0,0,0,0,0,0,0,0,0,0,0,0,4,14,0,0,0,0,0,0,0,0,8,0,1,0,0,0,1,0,0,0,0,0,0,0,0,0,1,0,2,0,4,1,9,0,0,0,0,1,0,2,0,0,4.5,0,0,0,0,0,0,0,5,1,0,0,0,1,0,0,0,1.5,0,0,0,0,0,0,0,0,0,0,143,5,0,0,0,0,55,0,0,0,0,0,0,0,0,0,0,0,0,0,51,0,0,0,0,0,0,0,2,0,1,0,0,0,0,0,0,0,0,2,0,0,0,0,0,0,0,0,1,0,0,0,0,0,0,0,0,3,1,0,0,0,0,0,0,0,0,2,0
24,Lake Tulane,1341,39703.6,42515.6,40944.9,57.422,Smooth spline (smoothing 0.6),COUN,4034,0,0,0,0,0,1,0,8,23,0,0,0,0,0,1,0,28,0,0,0,1,0,0,0,0,0,0,0,7,42,0,0,0,1,0,7,0,0,0,0,0,0,0,0,0,0,0,0,2,0,0,0,12,17,0,0,0,0,0,0,0,0,12,0,0,0,0,0,1,0,0,0,0,0,0,0,0,0,0,0,1,0,14,189,6,0,0,0,0,0,0,2,0,0,1,0,0,0,0,0,0,0,4,4,0,0,0,0,0,0,0,0,0,0,0,0,0,0,0,0,0,0,43,3,0,0,0,0,64,0,0,0,1,6,0,0,0,0,0,0,0,0,107,0,0,1,0,0,0,0,4,0,0,0,0,0,0,0,0,0,0,0,0,0,0,0,0,0,0,0,2,0,0,1,0,0,0,0,0,0,4,0,0,0,0,0,0,0,0,2,0
24,Lake Tulane,1349,40158.5,42991.4,41405.7,57.772,Smooth spline (smoothing 0.6),COUN,4035,0,0,0,1,0,0,0,20,26,0,2,0,0,0,0,0,17,0,0,0,0,0,0,0,0,0,0,0,0,16.5,0,0,0,0,1,2,0,0,0,0,0,0,0,0,1,0,0,1,2,0,0,0,6,14,0,0,0,0,0,0,0,0,18,0,0,0,0,0,0,0,5,0,0,0,0,0,0,0,1,0,3,0,3,1,6,0,0,0,0,2,0,6,0,0,3,0,0,0,1,0,0,0,6,3,0,0,0,0,0,0,0,0,0,0,3,0,0,0,0,0,0,0,37.5,7,1,0,0,0,84,0,0,0,0,1,0,0,0,0,0,0,0,0,91.5,0,0,0,0,0,0,0,3,0,0,0,0,0,0,0,0,4,1,4,0,0,0,0,0,2,0,0,9,0,1,0,0,0,0,0,0,2,2,0,0,0,0,0,0,0,0,0,0
24,Lake Tulane,1357,40611.8,43451,41868.1,57.758,Smooth spline (smoothing 0.6),COUN,4036,0,0,0,0,0,0,0,13,56,0,0,0,0,0,0,0,14,0,0,0,1,0,0,0,0,0,0,0,5,10.5,0,0,0,0,0,2,0,0,0,0,0,0,0,0,0,0,0,0,0,0,0,0,6,9,0,0,0,0,0,0,0,0,9,0,0,0,0,0,0,0,2,0,0,0,0,0,0,0,0,0,0,0,8,1,7,0,0,0,0,0,0,2.5,0,0,4,0,0,0,0,0,0,0,6,2,0,0,0,0,0,0,0,0,0,0,0,0,0,0,0,0,0,0.5,44.5,1,1,0,0,0,87,0,0,0,0,3,0,0,0,1,0,0,0,0,105.5,0,0,0,0,0,0,0,3,0,0,0,0,0,0,0,0,2,1,1,0,0,0,0,0,0,0,0,4,0,0,0,0,0,0,0,0,1,1,0,0,0,0,0,0,0,0,2,0
24,Lake Tulane,1365,41072.9,43893,42329,57.381,Smooth spline (smoothing 0.6),COUN,4037,0,0,0,0,0,0,2,9,49,0,0,0,0,0,0,0,11,0,0,0,0,0,0,0,0,0,0,0,2,13.5,0,0,0,0,0,0,0,0,0,0,0,0,0,0,0,0,0,0,0,0,0,0,3,11,0,0,0,0,0,0,0,0,0,0,0,0,0,0,0,0,2,0,0,0,0,0,0,0,1,0,1,0,3,1,6,0,0,0,0,0,0,1,0,0,3,0,0,0,0,0,0,0,3,0,0,0,0,0,0,0,0,0,0,0,1,0,0,0,0,0,0,0,41.5,1,0,0,0,0,42,0,0,0,0,2,0,0,0,0,0,0,0,0,91,0,0,0,0,0,0,0,0,0,0,0,0,0,1,0,0,3,0,5,0,0,1,0,0,0,0,0,1,0,0,0,0,0,0,0,0,3,2,0,0,0,0,0,0,0,0,0,0
24,Lake Tulane,1369,41292.1,44113.8,42558.1,57.083,Smooth spline (smoothing 0.6),COUN,4038,0,0,0,0,0,1,1,17,62,0,0,0,0,0,0,0,15,0,0,0,0,0,0,0,0,0,0,0,2,14,0,0,0,1,0,0,0,0,0,0,0,0,0,0,0,0,0,0,0,0,0,0,8,12,0,0,0,0,0,0,0,0,1,0,0,0,0,0,4,0,0,0,0,0,0,0,0,0,0,0,0,0,8,404,4,0,0,0,0,1,0,5,0,0,4,0,0,0,0,0,0,0,4,2,0,0,0,0,0,0,0,0,0,0,0,0,0,0,0,0,0,0,118,12,0,0,0,0,78,0,0,0,1,6,0,0,0,0,0,0,0,0,144,0,0,0,0,0,0,0,0,0,0,0,0,0,0,0,0,0,0,0,0,0,0,0,0,0,0,0,1,0,0,0,0,0,0,0,2,3,4,0,0,0,0,0,1,0,0,1,0
24,Lake Tulane,1373,41521.2,44321.9,42786,56.738,Smooth spline (smoothing 0.6),COUN,4039,0,0,0,0,0,0,1,7,24,1,0,0,0,0,0,0,3,0,0,0,0,0,0,0,0,0,0,0,3,10.5,0,0,0,1,1,0,0,0,0,0,0,0,0,0,0,0,0,0,0,0,0,0,3,5,0,0,0,0,0,1,0,0,2,0,0,0,0,0,2,0,1,0,0,0,0,0,0,0,1,0,1,0,1,1,2,0,1,0,0,0,0,0,0,0,0.5,0,0,0,0,0,0,0,3,1,0,0,0,0,0,0,0,0,0,0,0,0,0,0,0,0,0,0,134.5,5,0,0,0,0,38.5,0,0,0,0,1,0,0,0,0,0,0,0,0,54,0,0,0,0,0,0,0,0,0,0,0,0,0,0,0,0,0,0,1,0,0,0,0,0,0,0,0,1,0,0,0,0,0,0,0,0,2,0,0,0,0,0,0,0,0,0,0,0
24,Lake Tulane,1381,41964.6,44745.8,43237.1,55.925,Smooth spline (smoothing 0.6),COUN,4040,0,0,0,0,0,0,0,11,30,0,0,0,0,0,2,0,9,0,0,0,0,0,0,0,0,0,0,0,7,13.5,0,0,0,0,0,0,0,0,0,0,0,0,0,0,0,0,0,0,0,0,0,0,6,7,1,0,0,0,0,0,0,0,4,0,0,0,0,0,0,0,2,0,0,0,0,0,0,0,0,1,1,0,2,1,5,0,0,0,0,0,0,1,0,0,3,0,0,0,0,0,0,0,17,1,0,0,0,0,0,0,0,0,0,0,0,0,0,0,0,0,0,0,213,10,0,0,0,0,46,0,0,0,0,2.5,0,0,0,1,0,0,0,0,83.5,0,0,0,0,0,0,0,0,0,0,0,0,0,0,0,0,1,0,1,0,0,0,0,0,0,0,0,1,0,0,0,0,0,0,0,0,3,0,0,0,0,0,0,0,0,0,0,0
24,Lake Tulane,1389,42406.7,45155.2,43681.4,55.027,Smooth spline (smoothing 0.6),COUN,4041,0,0,0,0,0,0,2,7,9,0,0,0,0,1,0,0,3,0,0,0,0,0,0,0,0,0,0,0,2,14,0,0,0,0,0,0,0,0,0,0,0,0,0,0,0,0,0,0,0,0,0,0,2,4,0,0,0,0,0,0,0,0,8,0,1,0,1,0,0,0,2,0,0,0,0,0,1,0,0,0,0,0,5,1,1,0,0,0,0,0,0,8,0,0,1,0,0,0,0,0,0,0,12,0,0,0,0,0,0,0,0,0,0,0,0,0,0,0,0,0,0,0,260.5,18,1,0,0,0,17,0,0,0,0,1.5,0,0,0,0,0,0,1,0,26,0,0,0,0,0,0,0,0,0,0,0,0,0,0,0,0,0,0,0,0,0,0,0,0,0,0,0,0,0,1,1,0,0,0,0,0,3,2,0,0,0,0,0,1,0,0,1,0
24,Lake Tulane,1397,42825.2,45555.7,44118.3,54.056,Smooth spline (smoothing 0.6),COUN,4042,0,0,0,0,0,0,0,6,7,0,2,0,0,0,0,0,6,0,0,0,0,0,0,0,0,0,0,0,2,12,0,0,0,0,0,1,0,0,0,0,0,0,0,0,0,0,0,0,0,0,0,0,1,5,0,0,0,0,0,1,0,0,4,0,0,0,0,0,0,0,2,0,0,0,0,0,0,0,0,0,0,0,2,1,1,0,0,0,0,0,0,1,0,0,6,0,0,0,0,0,0,0,5,0,0,0,0,0,0,0,0,0,0,0,0,0,0,0,0,0,0,0,263,32,0,0,0,0,14,0,0,0,0,1,0,0,0,0,0,0,0,0,28,0,0,0,0,1,0,0,0,0,0,0,0,0,0,0,0,0,0,0,0,0,0,0,0,0,0,0,1,0,0,0,0,0,0,0,0,1,0,0,0,0,0,0,0,0,0,0,0
24,Lake Tulane,1414,43714.5,46377.7,45019.8,51.836,Smooth spline (smoothing 0.6),COUN,4043,0,0,0,0,0,0,0,14,30,0,0,0,0,0,1,0,10,0,0,0,0,0,0,0,0,0,0,0,1,8,0,0,0,1,0,3,0,0,0,0,0,0,0,0,0,0,0,0,0,1,0,0,6,31,1,0,0,1,0,0,0,0,28,0,1,0,1,0,0,1,2,0,0,0,0,0,0,0,1,0,1,0,4,0,9,0,0,0,0,1,0,3,0,0,3,0,0,0,0,0,0,0,6,0,0,0,0,0,0,0,0,0,0,0,0,0,0,0,0,0,0,0,55.5,8,0,0,0,1,53,0,0,0,1,2,0,0,0,0,0,0,0,0,92,0,0,0,0,0,0,0,2,0,0,0,0,0,0,0,0,1,1,10,0,0,0,0,0,0,0,0,2,0,1,0,0,0,0,0,0,6,2,0,0,0,0,0,0,0,0,2,0
24,Lake Tulane,1422,44111.6,46738.7,45430.4,50.656,Smooth spline (smoothing 0.6),COUN,4044,0,0,0,0,0,0,0,5,14,0,0,0,0,0,0,1,9,0,0,0,0,0,0,0,0,0,0,0,4,10,0,0,0,0,0,1,0,0,0,0,0,0,0,0,0,0,0,0,8,0,0,0,6,18,0,0,0,0,0,0,0,0,43,0,0,0,0,0,1,0,0,0,0,0,0,0,0,0,0,0,0,0,9,0,1,0,0,0,0,0,0,4,0,0,5.5,0,0,0,1,0,0,0,6,1,0,0,1,0,0,0,0,0,0,0,0,0,0,0,0,0,0,0,90.5,7,0,0,0,0,86,0,0,0,0,1,0,0,0,0,0,0,0,0,80,0,0,0,0,0,0,0,1,0,0,0,0,0,0,0,0,1,0,2,0,0,0,0,0,0,0,0,3,0,0,0,0,0,0,0,0,1,1,0,0,0,0,0,0,0,0,6,0
24,Lake Tulane,1430,44501.8,47098.7,45831.2,49.371,Smooth spline (smoothing 0.6),COUN,4045,0,0,0,0,0,0,0,7,18,0,0,0,0,0,0,0,4,0,0,0,0,0,0,1,0,0,0,0,2,13.5,0,0,0,0,0,3,0,0,0,0,0,0,0,0,0,0,0,0,0,0,0,0,11.5,14,0,0,0,0,0,0,0,0,42,0,0,1,0,1,0,0,2,0,0,0,0,0,0,0,0,0,0,0,5,0,1,0,0,0,0,0,0,2,0,0,7.5,0,0,0,0,0,0,0,0,0,0,0,0,1,0,0,0,0,0,0,0,0,0,0,0,0,0,0,79.5,3,0,0,0,0,52,1,0,0,0,0,0,0,0,0,0,0,0,0,76,0,0,0,0,0,0,0,0,0,0,0,0,0,0,0,0,0,0,2,0,0,0,0,1,0,0,0,1,0,0,0,0,0,0,0,0,5,2,0,0,0,0,1,0,0,0,1,0
24,Lake Tulane,1434,44695.2,47279.1,46027.7,48.69,Smooth spline (smoothing 0.6),COUN,4046,0,0,0,0,0,0,0,14,46,0,0,0,0,0,0,0,13,0,0,0,0,1,0,0,0,0,0,0,3,13,0,0,0,0,0,16,0,0,0,0,0,0,1,0,0,0,0,0,0,0,0,0,10,9,0,0,0,0,0,0,0,0,44,0,0,0,0,0,5,0,0,0,0,0,0,0,0,0,0,0,0,0,3,88,4,0,0,0,0,0,0,5,0,0,7,0,0,0,0,0,0,0,10,1,0,0,0,0,0,0,0,0,0,0,0,0,0,0,0,0,0,0,75,7,0,0,0,0,57,0,0,0,0,0,0,0,0,0,0,0,1,0,102,0,0,0,0,0,0,0,0,0,0,0,1,0,0,0,0,0,0,5,0,0,0,0,0,0,0,0,0,0,0,0,0,0,0,0,0,5,3,0,0,0,0,0,0,0,0,1,0
24,Lake Tulane,1438,44882.5,47453.6,46221.4,47.982,Smooth spline (smoothing 0.6),COUN,4047,0,0,0,0,0,1,0,17,22,0,0,0,0,0,0,0,12,0,0,0,0,0,0,0,0,0,0,0,7,9.5,0,0,0,0,0,0,0,0,0,0,0,0,0,0,0,0,0,0,0,0,0,0,3,10,0,0,0,0,0,0,0,0,38.5,1,0,0,0,0,0,0,1,0,0,0,0,0,0,0,0,0,1,0,8,1,2,0,0,0,0,0,0,3,0,0,5,0,0,0,0,0,0,0,4.5,0,0,0,0,0,0,0,0,0,0,1,0,0,0,0,0,0,0,0,69.5,5,0,0,0,0,57.5,0,0,0,0,1,0,0,0,0,0,0,0,0,57,0,0,0,0,0,0,0,0,0,0,0,0,0,0,0,0,0,0,5,0,0,0,0,0,0,0,0,2,0,0,0,0,0,0,0,0,2,1,0,0,0,0,0,0,0,0,0,0
24,Lake Tulane,1446,45250.8,47797.9,46600.1,46.488,Smooth spline (smoothing 0.6),COUN,4048,0,0,0,0,0,0,2,9,23,0,0,0,0,0,0,0,7,0,0,0,1,0,0,0,0,0,0,0,7,15,0,0,0,0,1,3,0,0,0,0,0,0,0,0,0,0,0,0,1,0,0,0,2,14,0,0,0,0,0,0,1,0,34,0,0,0,0,1,0,0,3,0,0,0,0,0,0,0,0,0,2,0,5.5,1,6,0,0,0,0,0,0,7,0,0,4.5,0,0,0,0,0,0,0,6,0,0,0,0,0,0,0,0,0,0,1,0,0,0,0,0,0,0,0,65,3,17,0,0,0,66,0,0,0,0,5,0,0,0,0,0,0,0,0,87,0,0,0,0,0,0,0,1,0,0,0,0,1,0,0,0,0,0,2,0,0,0,0,0,0,0,0,0,0,0,0,0,0,0,0,0,6,2,0,0,0,0,0,0,0,0,1,0
24,Lake Tulane,1454,45616.9,48136.8,46966.5,44.938,Smooth spline (smoothing 0.6),COUN,4049,0,0,0,0,0,0,1,7,28,0,0,0,0,1,0,0,4,0,0,0,0,0,0,0,0,0,0,0,3,3,0,0,0,1,0,0,0,0,0,0,0,0,0,0,0,0,0,0,0,0,0,0,5,8,0,0,0,0,0,1,0,0,6,0,0,0,0,1,0,0,1,0,0,0,0,0,0,0,0,0,0,0,1,0,13,0,0,0,0,0,0,1,0,0,3,0,0,0,0,0,0,1,4,0,0,0,0,0,0,0,0,0,0,0,0,0,1,1,0,0,0,0,51.5,5,2,0,0,0,50,0,0,0,0,1.5,0,0,0,0,0,0,0,0,102,0,0,1,0,0,0,0,4,0,0,0,0,0,0,0,0,0,0,2,0,0,0,0,0,0,0,0,0,0,0,1,0,0,0,0,0,4,0,0,0,0,0,0,0,0,0,1,0
24,Lake Tulane,1462,45969,48464.3,47321.1,43.565,Smooth spline (smoothing 0.6),COUN,4050,0,0,0,0,0,0,1,11,24,0,0,0,0,0,0,0,14,0,0,0,0,0,0,0,0,0,0,0,0,7,0,0,0,0,0,0,0,0,0,0,0,0,2,0,0,0,0,0,0,0,0,0,3,8,0,0,0,0,0,0,0,0,5,0,0,0,0,0,0,0,1,0,0,0,0,0,0,0,1,0,0,0,8,0,11,0,0,0,0,1,0,1,0,0,3.5,0,0,0,0,0,0,0,7,0,0,0,0,0,0,0,0,0,1,0,0,0,0,0,0,0,0,0,39,2,0,0,0,0,38,0,0,0,0,2,0,0,0,0,0,0,0,0,111,0,0,0,0,0,0,0,1,0,0,0,0,0,0,0,0,0,1,6,0,0,0,0,0,0,0,0,0,0,1,0,0,0,0,0,0,3,2,0,0,0,0,0,0,0,0,0,0
24,Lake Tulane,1470,46305.8,48798.9,47665.4,42.397,Smooth spline (smoothing 0.6),COUN,4051,0,0,0,0,0,0,0,15,55,0,2,0,0,0,0,0,7,0,0,0,1,0,0,0,0,0,0,0,4,10,0,0,0,0,0,0,0,0,0,0,0,0,0,0,0,0,0,0,0,0,0,1,2,18,0,0,0,0,0,2,0,0,7,0,1,0,0,0,0,0,1,0,0,0,0,0,0,0,0,0,1,0,9,2,7,0,0,0,0,0,0,5,0,0,2,0,0,0,0,0,0,0,6,0,0,0,0,0,0,0,0,0,0,0,0,0,0,0,0,0,0,0,37.5,0,0,0,0,0,49,0,0,0,0,6,0,0,0,1,0,0,0,0,146,0,0,1,1,0,0,0,3,0,0,0,0,0,0,0,0,0,0,3.5,0,0,0,0,0,0,0,0,0,0,0,0,0,0,0,0,0,4,4,0,0,0,0,0,0,0,0,3,0
24,Lake Tulane,1487,47011.7,49500.8,48370.4,40.598,Smooth spline (smoothing 0.6),COUN,4052,0,0,0,0,0,0,0,13,65,0,0,0,0,0,0,0,15,0,0,0,0,0,0,0,0,0,0,0,2,2.5,0,0,0,0,0,0,0,0,0,0,0,0,1,0,0,0,0,0,0,0,0,0,4,10,0,0,0,0,0,0,0,0,3,0,0,0,0,0,1,0,2,0,0,0,0,0,0,0,2,0,1.5,0,6,1,14,0,0,0,0,1,0,4,0,0,2.5,0,0,0,0,0,0,0,0,0,0,0,0,0,0,0,0,0,0,1,0,0,0,0,0,0,0,0,27.5,1,0,0,0,1,31,0,0,0,0,2,0,0,0,0,0,0,0,0,109,0,0,0,0,0,0,0,0,0,1,0,0,0,0,0,0,0,0,2,0,0,0,0,0,0,0,0,0,0,0,0,0,0,0,0,0,2,1,0,0,0,0,0,2,0,0,1,0
24,Lake Tulane,1503,47633.7,50176,49011.7,39.571,Smooth spline (smoothing 0.6),COUN,4053,0,0,0,0,0,0,0,27,95,0,1,0,0,0,0,0,26,0,0,0,2,0,0,0,0,0,0,0,3,14,0,0,2,1,0,0,0,0,0,0,0,0,0,0,0,0,0,0,0,0,0,0,3,17,0,0,0,0,0,0,0,0,18,1,0,0,1,0,5,0,0,0,0,0,0,0,1,0,0,1,3,0,10,657,20,0,0,0,0,0,0,3,0,0,1,0,0,0,0,0,0,0,3,0,0,0,0,0,0,0,0,1,0,1,1,0,0,1,0,0,0,0,37,2,0,0,2,0,91,0,0,1,0,0,0,0,0,0,0,0,0,0,88,0,0,0,0,0,0,0,0,1,0,0,0,0,0,0,0,0,0,2,0,0,0,0,0,0,0,0,0,0,2,0,0,0,0,0,0,2,5,0,0,0,0,0,0,0,0,0,0
24,Lake Tulane,1511,47924.7,50525.6,49327,39.237,Smooth spline (smoothing 0.6),COUN,4054,0,0,0,0,0,0,0,18,27,0,0,0,0,0,1,0,22,0,0,0,0,0,0,0,0,0,0,0,9,12,0,0,0,0,0,0,0,0,0,0,0,0,0,0,0,0,0,0,0,0,0,0,3,8,1,0,0,0,0,1,0,0,25,0,0,0,2,0,0,5,0,0,0,0,0,0,0,0,0,0,4,0,5,1960,11,0,0,0,0,0,0,3,0,0,4,0,0,0,0,0,0,0,10,0,0,0,0,0,0,0,0,0,0,0,0,0,0,0,0,0,0,0,40,4,1,0,0,0,62,0,0,4,2,0,0,0,0,0,0,0,0,0,112,0,0,0,0,0,0,0,0,0,0,0,0,0,0,0,0,0,0,1,0,0,0,0,0,1,0,0,6,0,1,0,0,1,0,0,0,2,2,0,0,1,0,0,0,0,0,0,0
24,Lake Tulane,1519,48216.2,50880.5,49640,39.008,Smooth spline (smoothing 0.6),COUN,4055,0,0,0,0,0,0,2,9,15,0,0,0,0,0,0,0,7,0,0,0,0,0,0,0,0,0,0,0,2,13,0,0,0,0,0,0,0,0,0,0,0,0,0,0,0,0,0,0,0,0,0,0,9,11,0,0,0,0,0,1,0,0,15,0,0,0,1,0,0,0,0,0,0,0,0,0,0,0,0,0,1,0,9,82,4,0,0,0,0,0,0,1,0,0,8,0,0,0,0,0,0,0,6,0,0,0,0,0,0,0,0,0,0,0,0,0,0,0,0,0,0,0,65,5,0,0,0,0,53,0,0,0,1,0,0,0,0,0,0,0,0,0,177,0,0,0,0,0,0,0,1,0,0,0,0,0,0,0,0,0,0,3,0,0,0,0,0,1,0,0,2,0,0,1,0,0,0,0,0,4,3,1,0,0,0,0,0,0,0,0,0
24,Lake Tulane,1535,48782,51608.9,50262.3,38.832,Smooth spline (smoothing 0.6),COUN,4056,0,0,1,0,0,0,2,31,68,0,0,0,0,1,0,0,11,0,0,0,0,0,0,0,0,0,0,0,2,10,0,0,0,0,0,0,0,0,0,0,0,0,0,0,0,0,0,0,0,0,0,0,2,10,0,0,0,0,0,0,0,0,3,0,0,0,0,0,0,0,0,0,0,0,0,0,0,0,0,0,1,0,1,0,8,0,0,0,0,0,0,1,0,0,5,0,0,0,0,0,0,0,4,0,0,0,0,0,0,0,0,0,1,0,0,0,0,1,0,0,0,0,31.5,3,0,0,0,0,32,0,0,0,0,1,0,0,0,0,0,0,0,0,72,0,0,0,0,0,0,0,0,0,0,0,0,0,0,0,0,0,0,2,0,0,0,0,0,1,0,1,0,0,0,0,0,0,0,0,0,1,0,0,0,0,0,0,0,0,0,0,0
24,Lake Tulane,1577,50164.5,53576.5,51893.3,38.832,Smooth spline (smoothing 0.6),COUN,4057,0,0,0,0,0,2,0,12,45,0,0,0,0,1,0,0,17,0,0,0,1,0,0,0,0,0,0,0,1,2,0,0,0,1,0,0,0,1,0,0,0,0,0,1,0,0,0,0,0,0,0,0,14,15,0,0,0,0,0,0,0,0,2,0,0,0,0,0,1,0,0,0,0,0,0,0,0,0,0,0,1,0,19,1,18,0,0,0,0,0,0,2,0,0,0,6,0,0,0,0,1,0,2,0,0,0,0,0,0,0,0,0,0,0,0,0,0,0,0,0,0,0,23,3,0,0,0,0,33,0,0,4,0,0,0,0,0,0,0,1,0,0,121,0,0,1,0,0,0,0,2,0,0,0,0,0,0,0,0,0,0,3,0,0,0,1,0,0,0,0,1,0,0,0,0,0,0,0,1,2,7,0,0,0,0,0,0,0,0,1,0
24,Lake Tulane,1585,50406,53964.7,52203.9,38.832,Smooth spline (smoothing 0.6),COUN,4058,0,0,0,0,0,0,1,16,56,0,0,0,0,0,0,0,15,0,0,0,0,0,0,0,0,0,0,0,1,9,1,0,0,0,0,0,0,1,0,0,0,0,0,0,0,1,0,0,0,0,0,0,4,25,0,0,0,0,0,1,0,0,0,0,0,0,0,0,7,0,0,0,0,0,0,0,0,0,0,0,0,0,3,0,22,0,0,0,0,0,0,4,0,0,4,0,0,0,0,0,0,0,0,0,0,0,0,0,0,0,0,0,0,0,0,0,0,0,0,0,0,1,47,2,0,0,0,0,44,0,0,0,0,0,0,0,0,0,0,0,0,0,141,0,0,0,0,0,0,0,0,0,0,0,1,0,0,0,0,0,0,8,0,0,0,0,0,0,0,0,0,0,0,1,0,0,0,0,0,5,1,0,1,0,0,0,1,0,0,0,0
24,Lake Tulane,1593,50655.1,54343.4,52514.6,38.832,Smooth spline (smoothing 0.6),COUN,4059,0,0,0,0,0,0,0,21,134,1,0,0,0,1,0,0,10,0,0,0,0,0,0,0,0,0,0,0,2,2,0,0,0,0,0,0,0,0,0,0,0,0,0,0,0,0,0,0,0,0,0,0,2,33,0,1,0,0,0,0,0,0,2,0,1,0,0,0,0,0,0,0,0,0,0,0,0,0,0,0,0,0,17,3,6,0,0,0,0,0,0,0,0,0,0,0,0,0,0,0,0,0,0,0,0,0,0,0,0,0,0,0,0,0,0,0,0,0,0,0,0,0,6,0,0,0,0,0,6,0,0,1,0,0,0,0,0,0,0,0,0,0,109,0,0,0,0,0,0,0,0,0,0,0,0,0,0,0,0,0,0,0,0,0,0,0,0,0,0,0,0,0,0,0,0,0,0,0,1,0,1,0,0,0,0,0,2,0,0,0,0
24,Lake Tulane,1601,50904.9,54724,52825.2,38.832,Smooth spline (smoothing 0.6),COUN,4060,0,0,0,0,0,0,0,9,84,0,0,0,0,1,0,0,19,0,0,0,0,0,0,0,0,0,0,0,2,4,0,0,0,1,0,0,0,0,0,0,0,0,0,0,0,0,0,0,1,0,0,0,6,12,0,0,0,0,0,0,0,0,6,0,0,0,0,0,0,0,1,0,0,0,0,0,0,0,1,0,0,0,6,0,10,0,0,0,0,0,0,2,0,0,9,0,0,0,0,0,0,0,2,1,0,0,0,0,0,0,1,0,0,1,0,0,0,0,0,0,0,0,47,2,0,0,0,0,35,0,0,0,0,1,0,0,0,0,0,0,0,0,103,0,0,0,0,0,0,0,1,0,1,0,0,1,0,0,0,0,0,3,0,0,0,0,0,0,0,0,0,0,0,0,0,0,0,0,0,0,2,0,0,0,0,0,0,0,0,0,0
24,Lake Tulane,1605,51023.5,54918.5,52980.5,38.832,Smooth spline (smoothing 0.6),COUN,4061,0,0,0,0,0,0,1,21,97,0,0,0,0,2,3,0,20,0,0,0,1,0,0,0,0,0,0,0,1,6,0,0,0,0,0,2,0,0,0,0,0,0,0,0,0,0,2,0,0,0,0,0,8,14,0,0,0,0,0,0,0,0,2,0,0,0,0,0,2,0,0,0,0,0,0,0,0,0,0,0,0,0,10,24,11,0,0,0,0,0,0,4,0,0,3,0,0,0,0,0,0,0,4,0,0,0,0,0,0,0,0,0,0,0,0,0,0,0,0,0,0,0,64,5,0,0,0,0,59,0,0,0,0,1,0,0,0,0,0,0,0,0,186,0,0,1,0,0,0,0,2,0,0,0,0,0,0,0,0,0,0,4,0,0,0,0,0,0,0,0,0,0,0,0,0,0,0,0,3,6,6,0,0,0,0,0,0,0,0,3,0
24,Lake Tulane,1613,51265.9,55314.1,53291.2,38.832,Smooth spline (smoothing 0.6),COUN,4062,0,0,0,0,0,0,1,19,78,0,0,0,0,1,0,0,7,0,0,0,0,0,0,0,0,0,0,0,7,3,0,0,0,3,0,0,0,0,0,0,0,0,0,0,0,0,2,0,0,0,0,0,9,8,0,0,0,0,0,0,0,0,1,0,0,0,0,0,1,0,0,0,0,0,0,0,0,0,0,0,0,0,20,42,9,0,0,0,0,0,0,5,0,0,2,0,0,0,0,0,0,0,1,0,0,0,0,0,0,0,0,1,0,0,0,0,0,0,0,0,0,0,75,1,0,0,0,0,43,0,0,2,0,0,0,0,0,1,0,0,0,0,146,0,0,0,0,0,0,0,0,0,0,0,0,0,0,0,0,0,0,0,0,0,0,0,0,2,0,0,2,0,0,0,0,0,0,0,0,3,2,0,0,0,0,0,1,0,0,1,0
24,Lake Tulane,1640,52032.3,56644.4,54339.7,38.832,Smooth spline (smoothing 0.6),COUN,4063,0,0,0,0,0,1,0,15,18,0,0,0,0,0,0,0,9,0,0,0,0,0,0,0,0,0,0,0,1,0,0,0,0,1,0,0,0,0,0,0,0,0,0,0,0,0,0,0,0,0,0,0,4,4,0,0,0,0,0,0,0,0,23,0,0,0,0,0,4,0,0,0,0,0,0,0,0,0,0,0,1,0,27,0,10,0,1,0,0,0,0,4,0,0,2,0,0,0,0,0,0,0,4,0,0,0,0,0,0,0,0,0,0,0,0,0,0,0,0,0,0,0,178,8,0,0,0,0,23,0,0,2,0,0,0,0,0,0,0,0,0,0,172,0,0,0,0,0,0,0,0,0,0,0,0,0,0,0,0,0,0,1,0,0,0,0,0,0,0,0,0,0,1,0,0,0,0,0,1,2,1,0,0,0,0,0,0,0,0,1,0
24,Lake Tulane,1648,52266.9,57030.7,54650.3,38.832,Smooth spline (smoothing 0.6),COUN,4064,0,0,0,0,0,0,1,14,19,0,0,0,0,0,0,0,4,0,0,0,0,0,0,0,0,0,0,0,2,4,0,0,0,1,0,0,0,0,0,0,0,0,1,0,0,0,0,0,0,0,0,0,2,11,0,0,0,0,0,0,0,0,5,0,0,0,0,0,0,0,0,0,0,0,0,0,0,0,0,0,0,0,6,1,2,0,0,0,0,0,0,2,0,0,1,0,0,0,0,0,0,0,2,0,0,0,0,0,0,0,0,0,0,0,0,0,0,0,0,0,0,0,177,3,2,0,0,0,18,0,0,0,1,0,0,0,0,0,0,0,0,0,52,0,0,1,0,0,0,0,0,0,0,0,0,0,0,0,0,0,0,0,0,0,0,0,0,0,0,0,0,0,0,0,0,0,0,0,0,1,0,0,0,0,0,0,0,0,0,1,0
24,Lake Tulane,1656,52505.2,57414,54961,38.832,Smooth spline (smoothing 0.6),COUN,4065,0,0,0,0,0,1,0,19,32,0,0,0,0,0,0,0,16,0,0,0,0,0,0,0,0,0,0,0,1,3,0,0,0,3,0,3,0,0,0,0,0,0,0,0,0,0,0,0,0,0,0,0,2,6,0,0,0,0,0,0,0,0,2,0,0,0,0,0,6,0,0,0,0,0,0,0,0,0,0,0,0,0,13,0,4,0,0,0,0,0,1,0,0,0,2,0,0,0,0,0,0,0,0,0,0,0,0,0,0,0,0,0,0,0,0,0,0,0,0,0,0,0,250,1,0,0,0,0,37,0,0,0,0,2,0,0,0,0,0,0,0,0,68,0,0,0,0,0,0,0,0,0,0,0,0,0,0,0,0,0,0,0,0,0,0,0,0,0,0,0,2,0,0,0,0,0,0,0,1,3,1,0,0,0,0,0,0,0,0,0,0
24,Lake Tulane,1664,52736,57813.5,55271.6,38.832,Smooth spline (smoothing 0.6),COUN,4066,0,0,0,0,0,0,2,6,9,0,0,0,0,0,0,0,2,0,0,0,0,0,0,0,0,0,0,0,4,3.5,0,0,0,0,0,1,0,0,0,0,0,0,0,0,0,0,0,0,2,0,0,0,1,4,0,0,0,0,0,1,1,0,5,0,0,0,0,0,0,1,0,0,0,0,0,0,0,0,0,0,0,0,2,0,2,0,0,0,0,0,0,0,0,0,1,0,0,0,0,0,0,0,2,0,0,0,0,0,0,0,0,0,0,0,0,0,0,0,0,0,0,0,341.5,1,0,0,0,0,11,0,0,0,0,1,0,0,0,0,0,0,0,0,24,0,0,0,0,0,0,0,0,0,0,0,0,0,0,0,0,0,0,1,0,0,0,0,0,0,0,0,0,0,0,0,0,0,0,0,1,1,0,0,0,0,0,0,0,0,0,1,0
24,Lake Tulane,1672,52954.9,58200.2,55582.3,38.832,Smooth spline (smoothing 0.6),COUN,4067,0,0,0,0,0,1,3,13,8,0,0,0,0,0,0,0,4,0,0,0,0,0,0,0,0,0,0,0,0,1,0,0,0,2,0,0,0,0,0,0,0,0,0,0,0,0,0,0,0,0,0,0,5,4,0,0,0,0,0,1,0,0,5,0,0,0,0,0,4,0,0,0,0,0,0,0,0,0,0,0,0,0,4,19,1,0,0,0,0,0,0,4,0,0,1,0,0,0,0,0,0,0,4,0,1,0,0,0,0,0,0,0,0,0,0,0,0,0,0,0,0,0,317,11,0,0,0,0,29,0,0,2,0,0,0,0,1,0,0,0,0,0,49,0,0,0,0,0,0,0,0,0,0,0,1,0,0,0,0,0,0,1,0,0,0,0,0,0,0,0,0,0,0,0,0,0,0,0,0,2,0,0,0,0,0,0,0,0,0,0,0
24,Lake Tulane,1680,53168.1,58592.9,55892.9,38.832,Smooth spline (smoothing 0.6),COUN,4068,0,0,0,0,0,0,0,4,16,0,0,0,0,0,0,0,8,0,0,0,0,0,0,0,0,0,0,0,1,3,0,0,0,0,0,0,0,0,0,0,0,0,0,0,0,0,0,0,0,0,0,0,3,2,0,0,0,0,0,1,0,0,3,1,0,0,0,0,0,3,0,0,0,0,0,0,0,0,0,0,0,0,3,36,2,0,0,0,0,0,0,1,0,0,1,0,0,0,0,0,0,0,2,2,0,0,0,0,0,0,0,1,0,0,0,0,0,0,0,0,0,0,307,1,6,0,0,0,26,0,0,3,0,0,0,0,0,0,0,0,0,0,27,0,0,0,0,0,0,0,0,0,0,0,0,0,0,0,0,0,0,2,0,0,0,0,0,0,0,0,0,0,0,0,0,0,0,0,0,1,0,0,1,1,0,0,0,0,0,0,0
24,Lake Tulane,1688,53375.7,58985.5,56203.6,38.832,Smooth spline (smoothing 0.6),COUN,4069,0,0,0,0,0,0,3,7,6,0,0,0,0,0,0,0,20,0,0,0,0,0,0,0,0,0,0,0,0,7,0,0,0,0,0,7,0,0,0,0,0,0,0,0,0,0,0,0,1,0,0,0,1,2,0,0,0,0,0,0,0,3,4,0,0,0,0,0,0,0,0,0,0,0,0,0,0,0,0,0,1,0,30,358,2,0,0,0,0,1,0,1,0,0,0,0,0,0,0,0,0,0,3,0,0,0,0,0,0,0,0,0,0,0,0,0,0,0,0,0,0,0,356,23,0,0,0,0,30,0,0,0,0,0,0,0,0,0,0,0,0,0,22,0,0,0,0,0,0,0,1,0,0,0,0,0,0,0,0,0,0,0,0,0,0,0,0,0,0,0,0,0,0,0,0,0,0,0,0,3,0,0,0,0,0,0,0,0,0,0,0
24,Lake Tulane,1696,53596.1,59371.5,56514.2,38.832,Smooth spline (smoothing 0.6),COUN,4070,0,0,0,0,0,0,0,25,19,1,1,0,0,1,0,0,16,0,0,0,1,0,0,0,0,0,0,0,1,14,0,0,0,0,0,2,0,0,0,0,0,0,0,0,0,0,0,0,0,0,0,0,0,10,0,0,0,0,0,0,0,0,50,0,0,0,0,0,0,0,0,0,0,0,0,0,0,0,0,0,0,0,2,0,0,0,0,0,0,0,0,0,0,0,0,0,0,0.5,0,0,0,0,3,0,0,0,0,0,2,0,0,0,0,0,0.5,0,0,0,0,0,1,0,29.5,0,0,0,0,0,47,0,0,0,1,1,0,0,0,0,0,0,0,0,106,0,0,0,0,0,0,0,0,0,0,0,0,0,0,0,0,0,0,2,0,0,0,0,0,0,0,0,0,0,0,0,0,0,0,0,0,1,1,0,0,0,0,0,0,0,0,1,0
24,Lake Tulane,1704,53821.1,59763.3,56824.9,38.832,Smooth spline (smoothing 0.6),COUN,4071,0,0,0,0,0,0,1,24,8,0,0,0,0,0,1,0,29,0,0,0,0,0,0,0,0,0,0,0,1,12,0,0,0,0,0,5,0,0,0,0,0,0,1,0,0,0,0,0,0,0,0,0,12,21,0,0,0,0,0,0,1,0,56,0,0,0,0,0,3,0,0,0,0,0,0,0,0,0,0,0,0,0,5,1064,4,0,0,0,0,0,0,1,0,0,2,0,0,0,0,0,0,0,7,2,0,0,0,0,0,0,0,1,0,0,0,0,0,0,0,0,0,0,51,2,0,0,0,0,57,0,0,3,3,0,0,0,0,0,0,0,0,0,70,0,0,0,0,0,0,0,1,0,0,0,0,0,0,0,0,0,0,1,0,0,0,0,0,0,0,1,0,0,0,1,0,0,0,0,1,3,3,0,0,0,0,0,0,0,0,1,0
