site_id,site_name,Sample depth,CLAM_min95,CLAM_max95,CLAM_best,CLAM_acc_rate,CLAM_age_model_type,count_type,sample_id,Acacia,Acalypha,Acanthaceae,Acanthus type,Achyranthes type,Acridocarpus,Adina rubrostipulata type,Aerva javanica type,Aerva lanata type,Aeschynomene baumii type,Afrocrania volkensii,Afzelia africana type,Albizia,Alchemilla,Alchornea,Allophylus,Amaranthaceae/Chenopodiaceae,Anthocerotaceae,Anthocleista,Anthospermum,Antidesma type,Apiaceae,Apocynaceae,Apodytes dimidiata,Araliaceae,Artemisia,Ascolepis,Asteraceae (Liguliflorae),Asteraceae (Tubuliflorae),Borassus type,Brachystegia,Bridelia,Buxus,Caesalpinioideae,Campanula type,Canthium,Capparidaceae,Caryophyllaceae,Cassia type,Celastraceae,Celtis,Centemopsis gracilenta type,Chenopodiaceae,Cleistanthus type,Clematis type,Cliffortia nitidula,Clutia,Combretaceae,Commelina benghalensis type,Commiphora,Cordia africana type,Croton type,Cyperaceae,Dichrostachys cinerea type,Diospyros,Dipsacaceae,Dipterocarpaceae,Dodonaea viscosa,Dombeya type,Ekebergia type,Entada type,Ericaceae,Euclea,Euphorbia,Euphorbia hirta type,Euphorbiaceae,Ficus,Flabellaria paniculata type,Garcinia volkensii type,Gardenieae,Gentianaceae,Gunnera perpensa,Hagenia abyssinica,Hirpicium diffusum type,Holoptelea grandis,Hymenocardia,Hypoestes type,Ilex mitis,Impatiens,Indeterminable,Isoberlinia type,Isoglossa,Julbernardia,Juniperus procera,Justicia anselliana type,Justicia flava type,Justicia odora type,Justicia striata type,Kotschya type,Lamiaceae,Lannea type,Leguminosae,Lepidagathis,Liliopsida,Loganiaceae/Salvadoraceae,Loranthaceae,Lythraceae,Macaranga,Malvaceae,Mimulopsis type,Myrica,Myrsine africana,Nymphaea lotus type,Oldfieldia type,Olea capensis,Olea europaea,Papilionoideae,Parinari type,Phoenix reclinata,Poaceae,Podocarpus,Podostemaceae,Polygala type,Polygonum senegalense type,Polypodiales,Polyscias fulva type,Protea type,Prunus africana,Psorospermum febrifugum type,Pterocarpus abyssinicus type,Pterolobium stellatum,Pycnanthus,Rapanea melanophloeos,Rauvolfia,Rhamnaceae,Rhus type,Ricinus communis,Rubiaceae,Rumex,Sapindaceae,Sapium ellipticum type,Sapotaceae,Sericostachys scandens type,Solanum,Spermacoce type,Stoebe kilimandscharica type,Symphonia globulifera,Syzygium type,Teclea type,Tetrorchidium,Thymelaeaceae,Tiliaceae,Trema orientale type,Trichoscypha arborea type,Typha,Uapaca kirkiana type,Uapaca nitida type,Urticaceae,Vangueria acutiloba type,Verbenaceae,Vernonieae,Zanthoxylum usambarense type
23,Lake Tanganyika,0,-9999,-9999,-9999,-9999,-9999,COUN,3833,0,2,0,0,0,0,1,0,0,0,0,0,0,0,7,3,0,1,0,0,1,0,0,0,0,2,0,0,5,1,4,1,0,0,0,0,0,0,1,0,9,0,0,2,0,0,0,7,0,0,0,0,48,0,0,0,1,0,1,0,0,3,0,0,0,0,0,0,0,1,0,0,2,0,1,4,0,0,0,37,1,0,1,0,0,0,0,0,0,0,1,0,0,1,0,0,0,0,0,0,2,0,0,0,2,0,0,0,0,150,21,0,0,0,11,0,0,0,0,0,0,1,0,0,0,0,0,1,0,1,0,2,0,0,0,0,0,1,1,1,0,0,2,0,4,19,11,1,1,0,0,0
23,Lake Tanganyika,20,-9999,-9999,-9999,-9999,-9999,COUN,3834,0,2,0,0,0,0,0,0,0,1,0,0,0,0,4,3,1,0,0,0,0,0,0,0,0,0,1,1,1,1,13,1,0,0,0,0,0,0,0,0,13,0,0,0,0,0,0,10,0,1,0,1,49,0,1,0,5,3,0,0,1,2,3,0,0,0,0,0,0,0,0,0,0,0,1,4,0,0,0,34,0,0,0,0,0,0,0,0,0,0,2,0,0,0,1,0,0,0,0,0,3,0,0,0,6,0,0,0,0,154,25,0,0,0,12,0,1,0,0,0,0,0,0,0,0,0,0,0,1,0,0,2,0,0,0,0,0,1,0,0,0,0,1,0,1,16,3,0,0,0,0,0
23,Lake Tanganyika,40,-9999,-9999,-9999,-9999,-9999,COUN,3835,2,0,1,0,0,0,0,0,0,1,0,0,0,0,9,6,0,0,0,1,0,0,0,0,0,1,5,0,1,0,6,1,0,0,0,0,0,0,0,0,4,0,0,1,0,0,0,11,0,0,1,1,53,0,0,0,8,0,0,0,1,3,8,0,0,0,0,1,0,0,0,0,1,0,0,1,0,0,0,45,0,0,0,0,0,0,0,0,0,0,1,0,0,0,0,1,0,3,0,0,1,0,0,0,4,0,0,0,0,118,20,0,0,0,7,0,0,1,0,0,0,2,0,0,0,0,0,0,0,0,0,6,0,0,0,0,0,2,1,1,0,0,1,0,1,23,8,1,0,0,0,0
23,Lake Tanganyika,59,-9999,-9999,-9999,-9999,-9999,COUN,3836,0,0,0,0,0,0,1,0,0,0,0,0,0,0,5,0,0,1,0,0,0,0,0,0,0,1,1,0,0,0,15,0,0,0,0,0,0,0,0,0,1,0,0,3,0,0,0,7,0,0,0,0,33,0,0,0,4,2,0,0,1,4,2,0,0,0,0,0,0,0,0,1,1,0,0,0,0,0,0,61,0,1,3,0,0,0,0,0,0,0,0,1,0,0,0,0,0,0,1,0,1,0,4,0,3,0,0,0,0,62,17,0,0,0,11,0,1,0,0,0,0,1,0,0,0,0,0,0,0,1,0,11,0,0,0,0,0,0,0,0,0,0,0,0,0,48,13,0,0,0,1,1
23,Lake Tanganyika,80,-9999,-9999,-9999,-9999,-9999,COUN,3837,0,2,0,0,0,1,0,0,0,0,0,0,0,0,3,1,0,0,0,1,0,0,0,0,0,1,2,0,1,0,8,0,0,0,0,0,1,0,2,0,8,0,0,0,0,0,0,5,0,1,0,1,103,0,0,0,5,2,0,0,0,5,1,0,0,0,1,0,0,0,0,0,1,0,0,0,0,0,0,39,0,0,0,0,0,0,0,1,1,0,0,0,0,0,1,0,0,0,0,0,0,0,3,0,6,0,0,0,0,89,7,0,0,0,9,0,1,0,1,0,0,0,0,0,0,1,0,0,0,0,0,2,0,0,0,0,0,4,0,0,0,0,1,0,0,26,14,4,0,0,0,1
23,Lake Tanganyika,100,-9999,-9999,-9999,-9999,-9999,COUN,3838,0,0,0,0,0,1,0,0,0,1,0,0,0,0,4,3,0,2,0,0,0,1,0,1,0,2,4,0,0,0,7,0,0,0,0,0,0,0,1,0,2,0,0,2,0,0,0,5,0,0,0,0,58,0,0,0,6,0,0,0,1,3,1,0,0,0,0,0,0,0,0,0,1,0,0,0,0,0,0,35,0,0,2,0,0,0,0,0,0,0,1,0,0,0,0,2,0,3,0,0,2,0,0,0,0,0,0,0,0,99,17,0,0,0,11,0,0,0,0,0,0,0,0,0,0,0,0,2,0,0,0,8,0,0,0,2,0,0,0,0,0,0,1,0,2,32,15,2,0,0,0,0
23,Lake Tanganyika,120,-9999,-9999,-9999,-9999,-9999,COUN,3839,0,0,0,0,0,1,0,0,1,0,0,0,0,0,5,0,0,2,0,0,0,0,0,0,0,1,2,0,3,0,6,1,0,0,0,0,0,0,2,0,4,0,0,1,0,0,0,5,0,1,0,0,58,0,0,0,9,2,0,0,0,3,0,0,0,1,0,0,0,0,0,0,0,0,0,1,0,0,0,37,0,0,0,0,0,0,1,0,0,1,3,0,0,0,0,0,0,1,0,0,0,0,0,0,3,0,0,0,0,101,14,1,0,0,15,0,0,0,0,0,0,1,0,0,0,0,0,0,0,1,0,4,0,0,0,0,0,2,0,0,0,0,0,0,2,22,16,1,0,0,1,1
23,Lake Tanganyika,140,-9999,-9999,-9999,-9999,-9999,COUN,3840,1,0,0,0,0,0,0,0,0,0,0,1,0,0,3,0,0,1,0,0,0,0,0,1,1,1,2,1,2,0,13,0,0,0,0,2,1,0,0,0,5,0,0,1,0,0,0,8,0,0,0,0,21,0,0,0,8,1,0,0,0,1,1,0,0,0,0,0,0,0,0,0,0,0,0,0,0,0,0,32,0,2,1,0,0,0,0,0,0,0,0,0,0,0,0,1,0,3,0,0,0,0,0,0,3,0,0,0,0,72,13,0,0,0,22,0,0,1,0,0,1,0,0,0,0,0,0,0,0,0,0,16,0,1,0,0,0,1,0,0,0,0,2,1,0,30,9,0,0,0,2,1
23,Lake Tanganyika,180,-9999,-9999,-9999,-9999,-9999,COUN,3841,0,0,0,0,0,0,0,0,1,0,0,0,0,0,4,3,0,0,0,3,0,2,0,0,0,4,1,3,4,0,10,1,0,0,0,1,0,0,1,0,0,0,0,1,0,0,0,7,0,0,0,0,25,0,0,0,8,3,0,0,0,20,1,0,0,0,0,0,0,0,1,0,3,0,0,0,1,0,0,41,0,0,1,1,0,1,0,0,0,0,2,0,0,0,0,0,0,4,0,0,4,0,0,0,5,0,0,0,1,25,14,0,0,0,64,0,2,0,0,0,0,0,0,0,0,0,0,0,0,1,0,9,0,0,0,0,0,1,0,0,0,1,0,0,0,41,8,0,0,0,0,0
23,Lake Tanganyika,210,14137.1,15128.8,14622.6,16.179,Linear interpolation,COUN,3842,0,0,0,0,0,0,0,0,0,1,0,0,0,0,3,1,0,5,0,0,0,0,0,0,0,5,1,1,2,0,15,1,0,0,0,2,1,0,0,0,3,0,0,2,0,0,0,4,0,0,0,0,21,0,0,0,1,2,0,0,0,11,0,0,0,0,0,0,0,0,0,0,0,0,0,0,1,0,0,26,1,0,0,1,0,0,1,0,0,0,1,1,0,0,0,0,0,0,0,0,2,0,1,0,12,0,0,0,0,59,47,0,0,0,29,0,0,0,0,1,0,0,0,0,0,0,0,0,0,2,0,2,0,0,0,0,0,1,0,0,0,0,0,0,0,21,4,0,0,0,1,0
23,Lake Tanganyika,230,14510.4,15328.3,14946.2,16.179,Linear interpolation,COUN,3843,1,0,0,0,0,0,0,0,0,0,0,0,0,0,2,0,0,1,0,0,0,1,0,0,1,3,1,1,4,0,12,0,0,0,0,0,0,0,1,0,1,0,0,0,0,0,0,1,0,0,0,0,13,0,0,0,1,0,0,0,0,6,0,1,0,0,0,0,0,0,0,1,1,0,0,0,1,0,0,13,0,0,1,1,0,0,0,0,0,0,0,0,0,0,0,0,0,0,0,0,2,0,2,0,2,0,1,0,0,30,18,0,0,0,37,0,0,1,0,0,0,0,0,0,0,1,0,0,0,1,0,3,0,0,0,0,1,0,0,0,0,0,0,0,0,13,0,0,0,0,2,1
23,Lake Tanganyika,240,14617.8,15541.8,15108,26.744,Linear interpolation,COUN,3844,2,0,0,0,0,0,0,0,0,1,1,0,0,0,1,0,0,2,0,2,0,0,0,0,0,7,1,1,9,0,23,0,0,0,0,0,0,0,3,0,0,0,0,0,0,0,0,4,0,0,0,0,7,0,0,0,1,1,0,0,1,7,0,0,0,0,1,0,0,0,0,0,1,0,0,0,1,0,0,19,0,1,2,0,0,0,1,0,0,0,0,1,0,0,0,0,0,0,0,0,0,0,1,0,2,0,0,0,0,14,7,0,0,0,55,0,0,0,0,0,0,0,1,0,0,0,0,0,0,1,0,10,0,0,1,0,0,0,0,0,0,0,0,0,0,12,0,1,0,0,4,0
23,Lake Tanganyika,259,15362.9,16204.5,15806.2,37.308,Linear interpolation,COUN,3845,0,0,2,0,0,0,0,0,0,0,0,0,1,0,0,1,1,4,0,2,0,1,1,0,0,9,2,0,9,0,24,0,0,1,0,1,0,0,0,0,0,0,0,0,0,0,0,1,0,0,0,0,2,0,0,0,0,0,0,0,0,12,1,0,0,0,0,0,0,0,0,0,1,0,0,0,2,0,0,17,0,0,3,0,0,0,0,0,1,2,1,0,0,0,0,0,1,1,0,0,2,0,0,0,1,0,0,0,0,7,5,0,0,0,20,0,1,1,0,0,0,0,0,1,0,0,0,0,0,1,0,4,0,0,0,0,0,0,0,0,0,0,0,0,0,10,1,0,0,0,3,0
23,Lake Tanganyika,280,16184.7,16952,16589.7,37.308,Linear interpolation,COUN,3846,0,0,0,0,1,0,0,0,0,1,0,0,0,0,1,5,0,4,0,3,0,0,0,0,0,20,4,1,16,0,4,1,0,0,0,0,0,0,1,0,1,0,0,0,0,0,0,5,0,0,0,0,54,1,0,0,1,3,1,0,0,10,1,1,0,0,0,0,0,0,1,0,2,0,0,0,0,1,0,35,0,0,0,3,0,0,1,0,0,0,1,0,0,0,0,0,0,3,0,0,15,0,0,0,11,0,0,1,0,52,46,0,0,0,18,0,0,1,0,0,0,0,2,0,0,1,0,0,0,1,0,5,0,0,0,0,0,1,0,0,0,0,0,0,1,10,1,0,0,0,0,0
23,Lake Tanganyika,300,16949.3,17683,17335.9,37.308,Linear interpolation,COUN,3847,1,0,0,0,0,1,0,0,0,0,1,0,0,0,0,0,0,0,0,3,0,2,0,0,0,17,1,4,5,0,7,1,0,0,0,0,0,0,0,0,1,0,1,0,0,1,0,1,0,0,0,0,60,0,0,1,0,5,0,0,0,11,2,1,0,0,0,0,0,0,0,0,2,0,0,0,1,0,0,21,0,0,1,3,0,0,0,0,1,1,1,2,0,0,0,0,0,0,0,0,18,0,0,0,2,0,1,0,0,76,46,0,0,0,12,0,0,0,0,0,0,0,0,0,0,2,0,0,0,0,0,2,0,0,0,0,0,0,0,0,1,0,0,0,4,4,0,0,0,0,1,1
23,Lake Tanganyika,322,17777.1,18506.5,18156.7,37.308,Linear interpolation,COUN,3848,0,0,0,0,0,0,1,0,0,2,0,0,0,0,0,1,0,3,0,1,0,0,0,0,0,5,2,0,8,0,2,0,1,0,0,0,0,0,0,0,1,0,0,0,1,0,0,1,0,0,0,0,67,0,0,0,2,3,0,0,0,24,0,1,0,0,0,0,0,0,0,0,0,0,0,0,0,0,0,21,0,0,0,4,0,0,0,0,0,0,0,0,0,1,0,0,0,2,0,1,2,0,0,0,4,0,1,0,0,95,49,0,1,0,6,1,0,1,0,0,0,0,1,0,0,0,0,0,0,0,0,2,0,0,0,0,0,0,0,0,1,0,0,0,1,6,0,0,0,0,0,0
23,Lake Tanganyika,340,18427.1,19190.9,18828.2,37.308,Linear interpolation,COUN,3849,0,0,0,0,1,0,0,0,0,2,0,0,0,0,1,2,0,1,0,1,0,1,0,0,0,2,7,0,7,0,0,0,1,0,0,0,0,0,0,0,0,0,0,0,0,0,0,3,0,0,0,0,59,0,0,0,0,3,1,0,0,38,0,1,0,0,0,0,0,0,0,0,0,0,0,0,1,0,0,29,0,0,1,2,0,0,2,0,0,1,1,1,0,0,0,0,0,1,0,0,0,0,0,0,5,0,0,0,0,60,29,0,0,0,12,0,2,0,0,0,0,0,0,0,0,0,0,0,0,0,0,1,0,0,0,2,0,0,0,0,1,0,0,0,1,9,0,0,0,0,1,0
23,Lake Tanganyika,360,19128.9,19968.2,19574.4,37.308,Linear interpolation,COUN,3850,0,0,0,0,0,0,0,0,0,0,0,0,0,1,0,2,2,4,0,1,0,2,0,1,1,4,7,2,11,0,7,0,0,0,0,1,0,0,0,0,2,0,0,0,1,0,0,0,0,0,0,0,61,0,0,0,2,2,1,0,0,67,0,1,0,0,0,0,0,0,0,2,2,0,0,1,0,2,0,46,0,2,0,5,0,0,1,0,3,1,1,0,0,0,0,0,0,0,0,0,2,0,2,0,1,0,0,0,0,38,17,0,0,0,8,0,2,0,0,0,0,1,0,0,0,1,0,0,0,0,0,7,1,0,2,1,0,0,0,0,0,0,0,0,0,7,1,0,0,0,2,0
23,Lake Tanganyika,381,19855.3,20798.9,20357.8,37.308,Linear interpolation,COUN,3851,0,0,1,1,1,0,0,0,0,1,0,0,0,0,3,3,0,11,0,1,0,1,0,0,0,1,12,3,15,0,4,0,2,0,0,1,0,0,0,0,1,0,1,0,0,0,0,5,1,0,0,0,67,0,0,0,0,0,0,0,0,47,0,0,0,0,0,0,0,0,0,0,0,0,0,0,0,1,0,39,0,0,2,2,0,0,0,0,0,0,1,0,1,1,0,1,0,0,0,0,1,0,1,0,1,0,1,0,0,47,21,0,0,0,29,1,5,0,0,0,0,0,0,0,0,0,0,1,0,0,0,1,0,0,2,0,0,1,1,0,0,0,0,0,0,3,0,0,0,0,0,0
23,Lake Tanganyika,400,20507.3,21552,21066.7,37.308,Linear interpolation,COUN,3852,0,0,0,0,0,0,0,0,0,0,0,0,0,1,0,2,0,5,0,5,0,2,0,0,0,3,7,1,7,0,7,1,0,0,0,0,0,1,0,0,0,0,1,0,0,1,0,4,0,0,0,0,54,0,0,0,2,1,0,0,0,51,0,1,0,0,0,0,0,1,0,0,2,0,0,0,1,1,0,36,0,0,1,3,0,0,0,0,1,0,0,1,1,3,0,0,0,0,0,0,3,0,0,0,1,1,0,0,0,47,21,0,0,0,20,0,2,0,0,0,0,0,0,0,0,0,0,0,0,2,0,4,0,0,2,0,0,1,0,0,0,0,0,0,1,6,0,0,0,0,2,0
23,Lake Tanganyika,420,21191.6,22355,21812.9,30.079,Linear interpolation,COUN,3853,0,0,1,0,0,0,0,0,0,0,0,0,0,0,1,2,0,12,0,2,0,1,0,0,0,2,10,1,14,0,6,0,0,0,1,1,0,0,0,0,0,0,2,1,0,0,0,4,0,0,0,0,57,0,0,0,1,0,0,0,0,73,0,0,1,0,0,0,0,0,0,0,0,0,0,0,0,0,0,44,0,0,0,2,0,0,0,0,0,1,0,0,0,1,0,0,0,0,0,0,1,0,1,0,3,1,0,0,0,43,28,0,0,1,29,0,3,0,0,0,0,0,0,0,0,0,0,0,0,0,0,1,0,0,0,0,0,0,2,0,0,0,0,0,0,5,0,0,0,0,0,0
23,Lake Tanganyika,441,21739.6,22785.9,22299.9,22.849,Linear interpolation,COUN,3854,0,0,0,0,0,0,0,1,0,2,0,0,0,0,3,2,0,3,0,0,0,0,0,0,0,3,3,0,6,0,1,0,1,0,0,0,0,0,0,0,1,0,0,0,0,0,0,4,0,0,0,0,108,0,0,0,2,2,0,0,0,15,0,0,0,0,0,0,0,0,0,0,1,0,0,0,0,0,0,38,0,0,0,5,0,0,0,0,1,0,0,0,0,2,0,0,0,0,0,0,4,0,1,0,14,0,1,0,0,133,38,0,0,0,6,0,5,0,0,0,0,0,0,0,0,0,0,0,0,0,0,0,0,0,0,0,0,2,0,0,0,0,0,0,0,1,0,0,0,0,0,0
23,Lake Tanganyika,461,22252.3,23199.4,22756.9,22.849,Linear interpolation,COUN,3855,0,0,0,0,0,0,0,0,0,0,0,0,0,0,2,2,0,2,0,0,0,0,0,0,0,3,5,0,6,0,0,0,2,0,0,0,0,0,0,1,1,0,0,0,0,0,0,0,0,0,0,0,120,0,0,0,0,1,0,0,0,18,1,0,0,0,0,0,0,0,0,0,1,0,0,0,0,2,0,31,0,0,0,7,0,0,0,0,0,0,1,0,0,1,1,0,0,0,0,0,3,0,0,0,12,0,0,0,0,202,51,0,0,0,10,0,1,0,0,0,0,0,1,0,0,1,0,0,1,0,0,1,0,0,0,0,0,0,0,0,0,0,0,0,0,5,0,3,0,0,0,0
23,Lake Tanganyika,480,22741.9,23604.8,23191,22.849,Linear interpolation,COUN,3856,2,0,0,0,0,0,0,0,0,1,0,0,0,0,0,0,0,5,0,1,0,0,0,0,0,3,12,0,9,0,6,0,0,0,0,0,0,0,1,0,0,0,0,0,0,0,0,1,0,0,0,0,70,0,1,1,1,2,1,0,1,53,0,1,0,0,0,0,0,0,0,0,0,0,0,0,0,0,0,44,0,1,0,6,1,0,0,0,0,1,0,0,0,0,0,0,0,0,0,1,4,0,0,0,2,0,2,0,0,42,29,0,0,0,9,0,5,0,0,0,0,0,0,0,0,0,1,0,0,3,0,2,0,0,1,0,0,1,0,0,0,0,0,0,0,3,0,0,0,0,1,0
23,Lake Tanganyika,504,23339.4,24138.3,23739.4,22.849,Linear interpolation,COUN,3857,0,0,1,1,1,0,0,0,0,2,0,0,0,0,1,3,0,2,0,3,0,0,0,0,0,2,5,0,12,0,5,1,1,0,0,2,0,0,0,0,1,0,0,0,0,0,0,2,0,0,0,0,70,0,0,0,1,0,1,0,0,38,1,0,0,1,0,0,0,0,0,0,0,0,0,0,0,0,0,36,0,0,0,4,0,0,0,0,4,0,0,0,0,0,0,1,0,0,0,1,3,0,0,1,3,0,0,0,0,57,19,0,0,2,21,0,2,0,0,0,0,0,0,0,1,0,0,0,0,1,0,1,0,0,1,2,0,1,0,0,0,0,0,0,0,8,0,0,0,0,0,0
23,Lake Tanganyika,520,23727.2,24511,24105,22.849,Linear interpolation,COUN,3858,1,1,1,0,2,1,0,0,0,1,0,0,0,0,0,2,0,3,0,2,0,1,0,0,0,2,6,1,11,0,5,1,2,0,0,1,0,0,0,0,0,1,2,0,0,0,0,1,0,0,0,0,102,0,0,0,1,2,1,0,0,36,0,0,0,0,0,0,0,0,0,0,0,0,0,0,0,0,1,34,0,0,0,5,0,0,0,0,1,0,0,0,0,2,0,0,0,0,0,0,5,0,1,0,1,0,0,0,0,68,51,0,0,0,6,0,4,2,0,0,0,0,0,0,0,0,0,0,0,0,0,0,0,0,1,0,0,2,0,0,0,0,0,0,1,5,0,0,1,0,2,0
23,Lake Tanganyika,540,24196.3,24992.3,24562,22.849,Linear interpolation,COUN,3859,0,0,0,0,0,0,0,0,0,2,0,0,0,1,0,0,0,5,0,3,0,1,0,0,0,0,8,0,9,0,10,0,0,0,0,1,1,0,0,0,0,0,0,0,0,0,0,2,0,0,0,0,20,0,0,0,2,0,0,0,0,35,0,0,0,0,0,0,0,0,1,0,0,1,0,0,0,1,0,39,0,0,0,0,0,0,1,0,0,1,2,1,0,0,0,0,0,0,0,0,2,0,0,0,0,0,0,0,0,31,6,0,0,0,8,0,1,0,0,0,0,1,0,0,0,0,0,1,0,2,0,1,0,0,1,1,0,0,0,0,0,0,0,0,0,8,0,0,0,0,2,0
23,Lake Tanganyika,560,24639.3,25480,25019,22.849,Linear interpolation,COUN,3860,0,0,0,0,0,1,0,0,0,2,0,0,0,0,1,6,0,10,0,0,0,0,0,1,0,2,12,0,16,0,3,0,1,0,0,2,0,1,0,0,0,1,1,0,0,0,0,6,0,0,0,0,80,0,0,0,3,0,2,1,0,48,0,0,0,1,0,0,0,0,0,0,2,0,0,0,1,2,0,45,0,0,0,6,0,0,0,0,0,0,0,0,0,2,0,0,0,0,0,0,2,0,0,0,1,0,0,0,0,41,19,0,0,1,13,0,1,0,0,0,0,0,0,0,0,1,0,0,0,1,0,1,0,0,1,2,0,2,0,0,0,0,0,0,0,6,0,0,0,0,0,1
23,Lake Tanganyika,580,25062.4,25983.2,25476,22.849,Linear interpolation,COUN,3861,0,0,0,1,0,0,0,0,0,0,0,0,0,0,1,4,0,0,0,2,0,2,0,0,0,2,7,1,3,0,3,1,2,0,0,0,0,0,1,0,2,0,0,0,0,0,1,1,0,0,0,0,124,0,0,0,1,0,0,0,0,23,1,0,0,0,0,0,0,0,0,0,0,0,0,0,0,1,0,28,0,0,0,1,0,0,0,0,1,0,0,0,0,2,0,0,0,0,0,0,6,0,0,0,4,0,0,0,0,69,27,0,0,0,11,0,0,0,0,0,0,0,0,0,0,0,0,0,0,1,0,0,0,0,2,0,0,0,0,0,0,0,0,0,0,4,0,0,0,0,1,0
23,Lake Tanganyika,600,25472.2,26490.4,25933,22.849,Linear interpolation,COUN,3862,0,1,0,0,0,0,0,0,0,0,0,0,0,0,0,1,0,1,0,0,0,0,0,1,0,0,5,0,6,0,3,0,0,0,0,1,0,0,0,0,0,0,1,0,0,1,0,2,1,0,0,0,114,0,0,0,0,0,0,0,0,13,0,1,0,0,0,0,0,0,0,0,0,0,0,0,0,0,0,39,0,0,1,5,0,0,0,0,0,0,1,0,0,0,0,0,0,0,0,0,1,0,0,0,4,0,1,0,0,109,36,0,0,0,7,0,0,0,0,0,0,0,0,0,0,1,0,1,0,0,0,1,0,0,1,1,0,2,1,0,1,0,1,0,0,2,0,1,0,0,0,0
23,Lake Tanganyika,620,25739.9,26703.5,26174.3,9.779,Linear interpolation,COUN,3863,0,0,0,0,0,1,0,0,0,0,0,0,0,1,0,2,0,2,0,1,1,1,0,0,0,2,7,0,7,0,1,2,1,0,1,0,0,0,0,0,2,0,0,0,0,0,0,2,0,0,0,0,99,0,0,0,0,1,0,0,0,17,0,0,2,0,0,0,0,0,0,0,0,0,0,0,0,1,0,25,0,0,0,2,0,0,0,0,1,0,1,0,0,1,0,1,0,1,0,0,0,0,0,0,4,0,0,0,0,135,39,0,0,0,1,0,1,0,0,0,0,0,0,0,0,0,0,0,0,1,0,0,0,0,0,0,0,1,0,0,0,0,0,0,0,3,1,2,0,0,0,0
23,Lake Tanganyika,640,25964.7,26852.6,26369.9,9.779,Linear interpolation,COUN,3864,1,0,0,0,0,0,0,0,0,2,0,0,0,0,1,3,0,4,0,2,0,0,0,0,0,2,7,0,6,0,3,1,0,0,0,0,0,0,0,0,0,0,0,0,0,0,0,1,1,0,0,0,112,0,0,0,0,0,0,0,0,21,0,0,0,0,0,0,1,0,0,0,1,0,0,0,1,0,0,35,0,0,0,3,0,0,0,0,0,1,0,0,0,0,0,0,0,0,0,0,2,0,0,0,1,0,0,0,0,94,31,0,0,0,13,0,1,0,0,0,0,0,0,0,0,0,0,0,0,0,0,1,0,0,2,0,0,0,0,0,0,0,0,0,1,1,1,0,0,0,1,0
23,Lake Tanganyika,660,26184,27022.8,26565.5,9.779,Linear interpolation,COUN,3865,0,0,0,0,0,1,0,0,0,1,0,0,0,0,0,0,0,2,0,2,0,0,0,1,0,0,7,0,2,0,2,0,2,0,0,1,0,0,0,0,0,0,0,0,0,0,0,3,0,0,0,0,128,0,0,0,0,0,0,0,0,22,0,0,0,0,0,0,0,0,0,0,0,0,0,0,0,0,0,20,0,0,0,0,0,0,0,0,0,0,0,0,1,2,0,0,0,0,0,3,2,0,2,0,6,0,0,0,0,104,34,1,0,0,4,0,2,0,0,0,0,0,0,0,0,0,0,0,0,1,1,0,0,0,0,0,0,0,0,0,1,0,0,0,0,5,1,0,0,0,0,0
23,Lake Tanganyika,680,26395.4,27188.8,26761,9.779,Linear interpolation,COUN,3866,0,0,1,0,1,0,0,0,0,0,0,0,0,0,1,0,2,6,0,1,0,3,0,0,1,1,4,0,4,0,4,0,1,0,0,0,0,0,0,0,1,0,0,0,1,0,0,0,0,0,0,0,91,0,0,0,0,0,0,0,0,48,1,0,1,0,0,0,0,0,0,0,0,0,0,0,1,0,0,41,0,1,0,1,0,0,0,0,1,1,0,0,0,0,0,1,0,0,0,0,2,0,0,0,2,0,0,0,0,71,46,0,0,0,13,0,2,1,0,0,0,0,0,0,0,1,0,1,0,0,0,1,0,0,0,1,0,0,0,0,0,0,0,0,0,2,0,0,0,0,1,0
23,Lake Tanganyika,700,26591.8,27372.1,26956.6,9.779,Linear interpolation,COUN,3867,0,0,0,0,0,0,0,0,0,1,0,0,0,0,1,3,0,3,0,0,0,0,0,0,0,0,8,0,4,0,1,0,0,0,0,0,0,0,0,0,0,0,0,0,0,0,0,1,0,0,0,0,105,0,0,0,1,0,0,0,0,23,1,2,0,0,0,0,0,1,0,0,2,0,0,0,0,1,0,43,0,0,0,1,1,0,0,0,1,1,1,0,1,0,0,0,0,0,0,0,1,0,1,0,5,0,0,0,0,88,33,0,0,0,11,0,1,1,0,0,0,1,0,0,0,0,0,0,0,0,0,1,0,0,0,0,0,2,0,0,0,0,0,0,0,2,0,0,0,0,1,0
23,Lake Tanganyika,720,26780.5,27574.7,27152.2,9.779,Linear interpolation,COUN,3868,0,0,0,0,0,0,0,0,0,1,0,0,0,0,0,3,0,5,0,1,0,0,0,0,2,0,6,0,3,0,3,0,0,0,0,0,0,0,0,0,1,0,0,0,0,0,0,1,1,0,0,0,100,0,0,0,0,0,0,0,0,19,0,1,0,0,0,0,0,0,0,0,0,0,0,0,0,0,0,30,0,0,0,1,0,0,1,0,1,0,0,0,0,1,0,2,0,0,0,0,2,0,2,0,1,0,0,0,0,92,28,0,0,0,15,0,3,0,0,0,0,0,0,0,0,1,0,0,1,0,0,0,0,0,1,0,0,0,0,0,1,0,0,0,0,4,0,0,0,0,0,1
23,Lake Tanganyika,740,26963.2,27797.5,27347.8,9.779,Linear interpolation,COUN,3869,0,0,0,0,0,0,0,0,0,0,0,0,0,0,1,1,0,3,0,2,0,2,0,0,0,0,3,2,1,0,2,0,0,0,0,0,0,1,1,0,0,0,0,0,0,0,0,3,0,0,0,2,76,0,0,0,1,0,0,0,1,15,2,0,0,0,0,0,0,0,0,0,1,0,0,0,0,1,0,17,0,0,0,3,0,0,0,0,0,0,0,0,0,1,0,1,0,0,0,1,4,1,0,0,2,0,0,0,0,92,34,0,0,0,7,0,1,0,0,0,0,0,0,0,0,1,0,0,1,1,0,1,0,0,1,0,0,1,0,0,0,0,0,0,1,2,1,0,0,0,0,0
23,Lake Tanganyika,780,27302.8,28267.7,27738.9,9.779,Linear interpolation,COUN,3870,0,0,0,0,0,0,0,0,0,3,0,0,0,0,0,1,0,9,0,1,0,1,0,0,0,3,13,0,5,0,5,0,1,0,0,1,0,1,0,0,0,0,0,0,0,0,0,2,0,0,0,0,93,0,0,0,1,1,0,0,0,31,1,0,0,1,0,0,0,0,0,0,0,0,0,0,1,0,0,26,0,1,0,1,0,0,0,0,0,0,1,1,0,0,0,0,0,0,0,0,2,0,1,0,2,0,0,0,0,45,25,0,0,2,22,0,5,1,0,0,0,0,1,0,0,0,0,0,0,0,0,0,0,0,3,0,0,0,0,0,1,0,0,0,1,3,1,0,0,0,2,1
23,Lake Tanganyika,799,27445.1,28497.5,27924.7,9.779,Linear interpolation,COUN,3871,0,2,0,0,0,0,0,0,0,3,0,0,0,0,1,3,0,4,0,1,0,2,0,0,0,2,4,0,7,0,7,0,1,0,0,1,0,0,0,0,0,0,0,0,0,0,0,3,0,0,0,0,81,0,0,0,0,1,0,0,0,34,1,1,0,1,0,0,0,0,0,0,2,1,0,0,0,0,1,35,0,1,0,1,0,0,0,0,0,0,0,0,0,0,0,0,0,0,0,0,7,0,1,0,1,0,0,0,0,79,39,0,0,0,28,1,2,0,0,0,0,0,0,0,0,0,0,0,0,1,0,1,0,0,2,1,0,1,0,0,1,0,0,0,2,5,0,0,0,0,0,0
23,Lake Tanganyika,840,27795.9,28920.7,28320.3,9.452,Linear interpolation,COUN,3872,0,0,0,0,0,0,0,0,0,2,0,0,0,0,1,0,0,6,0,1,0,0,0,0,0,5,7,0,11,0,3,1,0,0,0,2,0,0,0,0,2,0,0,0,1,1,0,3,0,0,0,0,56,0,0,0,1,0,0,0,0,40,0,1,0,0,0,0,0,0,0,0,1,0,0,0,0,0,0,25,0,0,2,1,0,0,1,0,1,0,0,0,0,0,0,2,0,1,0,1,3,0,1,0,2,0,0,0,0,98,38,0,0,0,13,0,0,0,0,0,0,0,0,0,1,0,0,1,0,1,0,1,0,0,1,0,0,1,0,0,0,0,0,0,0,6,0,0,0,0,1,0
23,Lake Tanganyika,860,27945.8,29125.4,28509.3,9.452,Linear interpolation,COUN,3873,0,0,2,0,0,0,0,0,0,1,0,0,0,0,1,0,0,10,1,0,0,2,0,0,1,3,7,0,6,0,5,1,1,0,0,0,0,0,3,0,1,0,0,1,0,0,0,2,0,0,0,0,61,0,0,0,1,0,0,0,0,31,0,1,0,0,0,0,0,0,0,0,0,0,0,0,1,1,0,25,1,0,0,0,0,0,0,0,0,0,2,1,1,0,0,0,0,0,0,0,2,0,1,1,3,0,0,0,0,57,40,0,0,0,6,1,4,0,0,0,0,0,0,0,0,0,0,0,0,0,0,1,0,0,1,0,0,2,0,0,1,0,0,0,1,5,2,0,0,0,1,0
23,Lake Tanganyika,879,28054,29357,28688.9,9.452,Linear interpolation,COUN,3874,1,0,0,1,0,0,0,0,0,2,0,0,0,0,1,3,1,6,0,3,0,1,0,0,0,2,14,1,9,0,5,0,0,0,0,0,0,0,0,0,0,0,0,0,0,0,0,0,0,0,0,0,55,0,0,0,1,1,0,0,0,40,0,0,0,0,0,0,0,0,0,0,1,0,0,0,0,0,0,28,0,0,0,0,0,0,0,0,0,0,1,0,0,1,0,0,0,0,0,0,1,0,3,0,2,0,1,0,0,71,41,0,0,0,12,0,4,0,0,1,0,0,0,0,0,3,0,1,0,0,0,2,0,0,0,0,0,1,0,0,1,0,0,0,0,10,2,0,0,0,1,0
23,Lake Tanganyika,901,28159.9,29662,28896.8,9.452,Linear interpolation,COUN,3875,0,0,1,0,0,0,0,0,0,0,0,0,0,0,0,4,0,12,0,4,0,2,0,1,0,2,14,1,7,0,9,1,1,0,1,0,0,0,0,0,0,0,0,1,0,0,0,0,0,0,0,0,66,0,0,0,1,1,0,0,0,40,0,0,0,0,0,0,0,0,0,0,0,0,0,0,2,0,0,40,0,1,0,0,0,0,0,0,1,0,0,1,0,0,0,0,0,0,0,0,5,0,0,0,3,0,0,0,0,46,36,0,0,0,16,0,2,0,0,0,0,0,0,0,0,2,0,0,0,0,0,3,0,0,3,0,0,3,0,0,0,0,0,0,0,8,4,0,0,0,0,0
23,Lake Tanganyika,920,28227.7,29943.4,29076.4,9.452,Linear interpolation,COUN,3876,0,0,0,0,0,0,0,0,0,1,0,0,0,0,0,1,0,6,0,1,1,0,0,0,0,2,6,0,2,0,6,1,0,0,0,0,0,0,0,0,0,0,0,0,0,0,0,2,1,0,0,0,62,0,0,0,0,0,0,0,0,43,0,0,0,0,0,0,0,0,0,0,1,0,0,0,1,0,0,22,0,0,1,0,0,0,0,0,0,2,2,0,0,0,0,0,0,0,0,2,5,0,2,0,2,0,0,1,0,77,45,0,0,0,9,0,1,0,0,0,0,1,0,0,0,0,0,0,0,0,0,0,0,0,1,1,0,0,0,0,0,0,0,0,0,13,0,0,0,1,1,0
23,Lake Tanganyika,940,28290.1,30257.6,29265.5,9.452,Linear interpolation,COUN,3877,0,0,0,0,0,0,0,0,0,1,0,0,0,0,0,5,0,3,1,2,0,0,0,0,1,2,9,0,6,0,8,1,2,0,0,0,0,0,0,0,0,0,0,0,1,0,0,2,0,0,0,0,55,0,0,0,2,1,0,0,0,36,0,0,1,0,0,0,0,1,0,0,1,0,0,0,0,0,0,34,0,0,0,2,0,0,0,0,2,0,0,0,0,2,0,0,0,0,0,0,3,0,0,0,1,0,0,0,0,72,58,0,0,0,9,0,3,0,0,0,0,0,0,0,0,0,0,1,0,1,0,4,0,0,0,0,0,1,0,0,0,0,0,0,1,6,0,0,0,0,1,0
23,Lake Tanganyika,960,28346.5,30591.2,29454.5,9.452,Linear interpolation,COUN,3878,0,0,0,1,0,0,0,0,0,0,0,0,0,0,2,0,0,1,0,1,0,0,0,0,1,3,13,1,8,1,10,0,0,0,0,0,0,0,0,0,0,0,0,0,0,0,0,2,0,0,0,0,53,0,0,0,4,0,0,0,0,63,0,1,0,0,0,0,0,0,0,0,0,0,0,0,1,0,0,25,0,0,1,0,0,0,0,0,0,0,0,0,0,0,0,0,0,0,1,0,6,0,1,0,3,0,0,0,0,55,50,0,0,0,14,0,5,0,0,0,0,0,0,0,0,0,0,1,0,0,0,3,0,0,2,1,0,1,0,0,0,2,0,0,3,11,0,0,1,0,2,0
23,Lake Tanganyika,979,28400.1,30915.5,29634.1,9.452,Linear interpolation,COUN,3879,0,0,0,0,1,0,0,0,0,0,0,0,0,0,0,1,0,1,0,1,1,1,0,0,0,0,9,0,2,0,1,0,1,0,0,0,0,0,0,0,0,0,0,1,0,0,0,6,0,0,0,0,102,0,0,0,0,0,1,0,0,30,3,1,0,0,0,0,0,0,0,0,0,0,0,0,0,0,0,30,0,1,0,1,0,0,0,0,1,0,0,0,0,1,0,0,0,1,0,0,3,0,1,0,3,0,0,1,0,69,52,0,0,0,1,0,1,0,0,0,0,0,0,0,0,0,0,0,0,3,0,0,0,0,0,0,0,0,0,0,0,0,0,0,1,0,0,0,0,0,0,0
23,Lake Tanganyika,1000,28446.7,31293.4,29832.6,9.452,Linear interpolation,COUN,3880,1,0,0,0,0,0,1,0,0,0,0,0,0,0,0,2,0,1,0,0,0,1,0,0,0,0,10,1,5,0,3,0,1,0,0,0,0,0,1,0,0,0,0,0,0,1,0,2,0,0,0,0,96,0,1,0,0,1,0,0,0,29,0,1,0,0,0,0,0,0,0,0,1,0,0,0,1,1,0,34,0,0,0,5,1,0,0,0,0,0,1,0,1,1,0,0,0,1,0,0,5,0,1,0,5,0,0,0,0,107,44,0,0,0,6,0,1,0,0,0,0,0,0,0,0,0,0,0,0,0,0,0,0,0,0,0,0,1,0,0,0,0,0,0,0,4,0,3,0,0,0,1
