site_id,site_name,Sample depth,CLAM_min95,CLAM_max95,CLAM_best,CLAM_acc_rate,CLAM_age_model_type,count_type,sample_id,Abies,Acer,Aesculus,Alisma,Alnus,Amaranthaceae/Chenopodiaceae,Anemone,Apiaceae,Araliaceae,Artemisia,Asteraceae (Liguliflorae),Asteraceae (Tubuliflorae),Betula,Brassicaceae,Buxus,Carpinus tschonoskii,Carpinus/Ostrya,Caryophyllaceae,Castanea/Castanopsis,Celastraceae,Celtis/Aphananthe,Cercidiphyllum,Cornus,Corylus,Cryptomeria,Cupressaceae type,Cyperaceae,Elaeagnaceae,Equisetum,Ericaceae,Eriocaulon,Fagus crenata,Fagus japonica,Fraxinus,Gentiana,Haloragis/Myriophyllum,Hemiptelea,Ilex,Impatiens,Indeterminable,Isoetes,Juglans/Pterocarya,Lamiaceae,Larix,Ligustrum,Liliaceae,Lonicera,Lycopodium clavatum type,Lycopodium inundatum type,Lycopodium serratum type,Lysichiton,Lythrum,Menyanthes,Myrica,Nuphar,Nymphoides,Nymphoides indica,Osmundaceae,Parthenocissus,Phellodendron,Picea,Pinus,Pinus (Diploxylon),Pinus (Haploxylon),Poaceae,Polygonum persicaria type,Polygonum reynoutria type,Polypodiales,Potamogeton,Pteridium,Pteridophyta,Quercus subg. Cyclobalanopsis,Quercus subg. Lepidobalanus,Ranunculus,Rhamnaceae,Rhus,Rosaceae,Rutaceae,Sagittaria,Salix,Sanguisorba,Sciadopitys,Sparganium/Trapa,Sparganium/Typha,Sphagnum,Styracaceae,Symplocos,Thalictrum,Tilia,Tsuga,Ulmus/Zelkova,Viburnum,Vitis
26,Lake Biwa (BIW95-4),417,10118.8,10294.1,10208,50.681,Smooth spline (default smoothing 0.3),COUN,4163,0.5,3,4,0,9,0,0,0,1,4,0,0,3,0,0,0,26,0,14,0,3,0,0,0,80,16,16,0,0,0,0,5,4,14,0,0,0,0,1,40,0,3,0,0,0,0,0,0,0,0,0,0,0,0,0,0,0,2,0,0,0,5.5,2,0.5,13,0,0,11,0,0,0,0,70,0,0,0,0,0,0,1,0,4,0,8,3,0,0,2,0,2,4,0,0
26,Lake Biwa (BIW95-4),428,10497.5,10981.6,10758.3,49.259,Smooth spline (default smoothing 0.3),COUN,4164,1,6,7,0,15,2,0,2,0,4,0,1,2,0,0,2,20,0,25,0,4,1,0,0,113,16,16,0,0,0,0,10,2,6,0,1,0,0,0,74,0,3,0,0,0,0,0,0,0,0,0,0,0,0,0,0,0,0,0,0,0,7,0,0,15,0,0,17,0,0,0,0,123,0,0,1,0,0,0,0,0,1,0,8,2,1,0,2,0,1.5,4,0,0
26,Lake Biwa (BIW95-4),436,10771,11468.5,11148.9,48.246,Smooth spline (default smoothing 0.3),COUN,4165,1,2,5,0,11,0,0,0,0,13,0,0,1,0,0,0,27,0,14,0,0,3,0,0,55,12,25,0,0,0,0,9,2,9,0,1,0,0,0,43,0,5,0,0,0,0,0,0,0,0,1,0,0,0,0,0,0,1,0,0,0.5,6,1,0,11,0,0,8,0,0,1,1,91,0,0,1,0,0,0,2,0,2,0,9,8,0,0,0,0,2,4,0,0
26,Lake Biwa (BIW95-4),448,11182.7,12169.7,11719.6,46.758,Smooth spline (default smoothing 0.3),COUN,4166,1.5,1,4,0,27,1,0,0,1,19,0,1,8,0,0,0,15,0,8,0,2,0,0,2,54,9,32,0,0,1,0,13,2,12,0,0,0,0,0,96,0,5,0,0,0,0,0,1,0,1,1,0,0,0,0,0,0,3,0,0,0,6,2.5,2,24,1,0,22,0,1,4,0,127,1,0,0,2,0,0,4,0,0,0,10,3,0,0,5,1,0.5,4,0,0
26,Lake Biwa (BIW95-4),458,11527.2,12724.1,12181.7,45.549,Smooth spline (default smoothing 0.3),COUN,4167,0,1,3,0,19,0,0,2,0,20,0,1,7,0,0,0,35,0,4,0,0,1,1,0,16,13,31,0,0,1,0,9,3,11,0,0,1,0,0,39,0,16,0,0,0,0,0,0,0,0,0,0,0,0,0,0,0,5,0,0,0,3,0,1,28,0,0,13,0,0,0,0,102,0,0,0,1,0,0,0,0,0,0,10,5,0,0,1,0,1.5,2,0,0
26,Lake Biwa (BIW95-4),468,11877.2,13250.1,12631.8,44.366,Smooth spline (default smoothing 0.3),COUN,4168,0.5,2,5,0,38,1,2,3,0,22,0,5,18,0,0,3,30,0,5,0,0,4,0,2,70,9,72,0,0,0,0,12,2,9,0,0,0,0,0,118,0,2,0,0,0,0,0,0,0,1,8,0,0,6,0,0,0,6,0,0,0.5,11,0,4,60,1,0,36,0,1,1,0,137,0,0,1,1,0,0,4,1,1,0,12,33,0,0,6,0,5.5,5,0,0
26,Lake Biwa (BIW95-4),478,12229.4,13752.9,13070.3,43.211,Smooth spline (default smoothing 0.3),COUN,4169,1,0,0,0,17,0,0,0,0,32,0,0,9,0,0,0,22,0,0,0,2,2,0,2,22,52,35,0,1,0,1,11,1,11,0,1,0,0,0,50,0,7,0,0,0,0,0,1,0,0,1,0,0,1,0,0,0,0,0,0,0,5,1,2,21,0,0,14,0,0,1,0,93,0,0,0,0,0,0,2,0,1,0,4,7,0,0,0,1,1,4,0,0
26,Lake Biwa (BIW95-4),488,12583.5,14232.5,13497.3,42.083,Smooth spline (default smoothing 0.3),COUN,4170,2.5,1,4,0,17,0,0,2,0,19,1,2,13,0,0,0,7,0,0,0,0,1,0,1,26,18,37,0,0,0,0,3,0,11,0,0,0,0,0,95,0,4,0,0,1,0,0,0,0,2,3,0,0,0,0,0,0,3,0,0,2,7.5,1,8.5,19,1,1,29,1,0,0,0,66,0,0,0,0,0,0,7,0,3,0,5,8,0,0,2,1,17.5,8,0,0
26,Lake Biwa (BIW95-4),498,12933.8,14687.6,13913.1,40.981,Smooth spline (default smoothing 0.3),COUN,4171,4,4,2,0,24,1,0,1,0,15,0,0,16,0,0,0,14,0,0,0,0,1,0,2,7,8,27,0,0,1,0,4,0,6,0,0,0,0,0,33,0,3,0,0,0,0,0,1,0,1,1,0,0,1,0,0,0,2,0,0,4.5,14,0,23.5,30,0,0,16,0,0,1,0,49,0,0,0,0,0,0,5,0,2,0,7,11,0,0,5,1,30,8,0,0
26,Lake Biwa (BIW95-4),508,13292.5,15126.3,14318.1,39.907,Smooth spline (default smoothing 0.3),COUN,4172,10.5,2,2,0,23,2,0,4,0,10,0,4,34,0,0,0,9,0,0,0,0,0,0,1,34,7,55,0,0,0,0,4,0,14,0,0,0,0,0,67,0,0,0,0,0,0,1,1,0,1,3,0,0,2,0,0,0,5,0,0,2,14,0,32.5,57,0,0,31,1,0,0,0,45,0,1,0,2,0,0,5,1,3,0,1,16,0,0,2,2,24.5,8,0,0
26,Lake Biwa (BIW95-4),518,13647.4,15539,14712.4,38.859,Smooth spline (default smoothing 0.3),COUN,4173,4.5,1,0,0,26,2,1,1,1,22,1,1,13,0,0,0,9,0,0,0,0,0,0,0,0,23,27,0,0,0,0,4,0,13,0,0,0,0,0,28,0,3,1,3,0,0,0,1,0,0,2,0,0,1,0,0,0,1,0,0,5,23.5,0,57.5,23,0,0,15,0,0,0,0,38,0,0,0,1,0,0,8,2,1,0,0,9,0,0,2,1,33.5,13,0,0
26,Lake Biwa (BIW95-4),528,14000.9,15936,15096.4,37.837,Smooth spline (default smoothing 0.3),COUN,4174,16.5,2,1,0,22,2,0,2,0,20,0,2,19,0,0,0,7,0,0,0,0,0,0,0,6,7,30,0,0,0,0,2,0,3,0,0,0,0,0,35,0,2,0,0,1,0,0,0,0,1,0,0,0,0,0,0,0,3,0,0,9,15.5,1,59,17,0,0,31,0,0,1,0,23,0,0,0,1,0,0,9,0,0,0,0,8,0,0,1,1,31.5,6,0,0
26,Lake Biwa (BIW95-4),538,14355.4,16309.4,15470.3,36.842,Smooth spline (default smoothing 0.3),COUN,4175,17,2,0,0,19,1,1,2,2,25,0,2,20,0,0,0,9,0,0,0,0,0,0,1,6,8,46,0,0,0,0,0,0,8,0,0,0,0,0,32,0,0,0,0,0,0,0,3,0,1,1,1,0,1,1,0,0,1,0,0,11,12,1,53,21,0,0,22,0,0,0,0,28,0,0,0,1,0,0,5,1,2,0,0,10,0,0,2,1,27,5,0,0
26,Lake Biwa (BIW95-4),548,14713.1,16667.4,15834.3,35.874,Smooth spline (default smoothing 0.3),COUN,4176,18,3,0,0,34,1,0,2,0,29,0,3,51,0,0,0,8,0,0,0,1,0,0,0,9,11,90,0,0,3,0,6,0,8,0,1,0,1,0,82,0,0,0,0,0,0,0,2,0,1,4,0,0,2,0,0,0,4,0,1,21,33,0,75,44,0,0,53,0,0,0,0,33,2,0,0,1,0,0,21,2,3,0,0,27,0,1,9,2,32.5,9,0,0
26,Lake Biwa (BIW95-4),557,15034.7,16978,16153.8,35.025,Smooth spline (default smoothing 0.3),COUN,4177,14.5,1,0,0,22,0,0,1,0,14,1,4,24,0,0,0,10,0,0,0,0,0,0,0,1,7,50,0,0,3,0,0,1,3,0,0,0,0,0,36,0,1,0,2,0,0,0,1,0,2,1,0,1,1,0,0,0,3,0,0,12,20,0,58,37,0,0,26,0,0,0,0,33,0,0,1,1,0,0,8,0,1,0,0,29,0,0,3,0,30.5,11,0,0
26,Lake Biwa (BIW95-4),568,15428.4,17337.3,16534,34.016,Smooth spline (default smoothing 0.3),COUN,4178,14,3,0,0,40,0,1,3,0,21,0,7,30,0,0,0,4,0,0,0,0,0,0,1,6,2,85,0,0,6,0,4,0,3,0,0,0,0,0,50,0,1,0,0,0,0,0,4,0,2,0,0,0,4,0,0,0,5,0,0,17,20.5,0,48.5,28,0,0,35,0,0,0,0,24,0,0,0,1,0,0,5,0,0,0,1,66,0,0,5,3,19.5,5,1,0
26,Lake Biwa (BIW95-4),577,15741.3,17619.4,16836.9,33.214,Smooth spline (default smoothing 0.3),COUN,4179,6.5,2,0,1,29,3,1,5,0,28,0,4,40,0,0,0,7,0,0,0,0,0,0,0,3,6,84,0,1,4,0,0,0,2,0,1,0,0,0,31,0,3,0,1,0,0,0,0,0,2,0,0,0,5,0,0,0,1,0,0,13,30,0,57.5,51,0,0,25,0,0,0,0,16,1,0,0,3,0,0,11,5,1,0,1,47,0,0,8,1,22.5,7,0,0
26,Lake Biwa (BIW95-4),588,16127.2,17947.8,17197.4,32.262,Smooth spline (default smoothing 0.3),COUN,4180,15.5,1,0,0,40,0,1,4,0,35,1,3,49,0,0,0,3,0,0,0,0,0,0,2,7,4,62,0,0,2,0,1,0,8,0,0,0,1,0,75,1,0,0,0,0,0,0,1,0,1,4,0,0,1,0,0,0,3,0,0,8,32.5,0,71,42,1,0,41,0,0,0,0,28,0,0,0,1,0,0,16,1,1,0,0,12,0,0,8,0,22.5,6,0,0
26,Lake Biwa (BIW95-4),598,16475.4,18236,17516.3,31.424,Smooth spline (default smoothing 0.3),COUN,4181,4.5,0,0,0,10,0,0,1,0,13,0,1,27,0,0,0,11,0,0,0,0,0,0,0,1,7,29,0,0,0,0,4,2,6,0,0,0,0,0,27,0,2,0,1,0,0,0,1,0,1,1,0,0,2,0,0,0,2,0,0,18.5,17,0,39,22,0,0,28,0,0,1,0,16,0,0,0,0,0,0,5,0,3,0,1,15,0,0,9,1,28.5,8,0,0
26,Lake Biwa (BIW95-4),608,16811.8,18508,17826.8,30.612,Smooth spline (default smoothing 0.3),COUN,4182,15.5,0,2,0,33,2,0,1,0,28,1,9,31,0,0,0,13,0,1,0,0,1,0,2,18,18,65,0,0,1,0,3,0,6,0,0,0,0,0,81,0,1,0,0,0,0,0,2,0,1,1,0,0,1,0,0,0,2,0,0,9,26,0,51.5,32,1,0,41,2,0,0,0,35,0,0,0,1,0,1,12,1,3,0,0,20,0,0,6,1,35,8,0,0
26,Lake Biwa (BIW95-4),618,17148.9,18763.3,18129.4,29.826,Smooth spline (default smoothing 0.3),COUN,4183,7,0,0,1,22,2,0,0,0,15,1,3,12,0,0,1,9,0,0,0,0,0,0,0,3,42,34,0,1,1,0,2,0,3,0,0,0,0,0,34,0,1,0,1,0,0,0,2,0,0,1,0,0,1,0,0,0,0,0,0,13.5,19,0,49.5,24,0,0,27,0,0,0,0,21,1,0,0,0,0,0,6,0,8,0,1,7,0,1,6,0,31.5,10,0,0
26,Lake Biwa (BIW95-4),628,17477.6,19016.3,18424.2,29.065,Smooth spline (default smoothing 0.3),COUN,4184,17,1,0,0,22,3,0,3,2,22,0,1,16,1,0,1,2,0,2,0,1,0,0,1,11,21,53,0,0,2,0,2,0,2,0,0,0,0,0,38,0,0,0,0,0,0,0,2,0,1,0,1,0,2,0,0,0,0,0,0,20,38,0,76,25,0,0,26,0,0,0,0,24,0,0,0,1,0,0,9,1,1,0,2,12,0,0,12,0,43.5,7,0,0
26,Lake Biwa (BIW95-4),638,17802.4,19258.9,18711.5,28.33,Smooth spline (default smoothing 0.3),COUN,4185,7,0,0,0,19,1,1,1,1,16,0,1,17,0,0,0,9,0,0,0,0,0,0,0,4,23,37,0,0,2,0,0,1,4,0,0,0,0,0,34,0,1,0,1,0,0,0,0,0,0,4,0,0,0,0,0,0,0,0,0,12,14.5,0,47,15,0,0,21,0,0,0,0,20,0,0,0,0,0,0,5,1,2,0,0,4,0,0,4,0,25.5,8,0,0
26,Lake Biwa (BIW95-4),648,18123.4,19492.2,18991.6,27.62,Smooth spline (default smoothing 0.3),COUN,4186,17,2,1,0,35,0,0,1,0,14,0,4,19,0,0,0,4,0,1,0,0,0,0,1,16,18,51,0,0,0,0,3,0,3,0,1,0,0,0,99,0,0,0,0,1,0,0,1,0,2,3,0,0,0,0,0,0,1,0,0,30,43,0,66,28,0,0,33,0,0,1,0,20,0,0,0,0,0,0,7,2,5,0,0,21,0,0,6,1,62,6,0,0
26,Lake Biwa (BIW95-4),658,18446.3,19725.9,19264.7,26.936,Smooth spline (default smoothing 0.3),COUN,4187,5,1,0,0,9,2,0,2,0,16,0,2,19,0,0,1,8,0,1,0,0,0,0,1,5,26,34,0,1,0,0,1,0,5,0,0,0,0,0,42,0,1,0,0,0,0,0,1,0,0,1,0,0,2,0,0,0,1,0,0,11.5,24,0,43,11,0,2,19,0,0,1,0,14,0,0,0,0,0,0,7,0,1,0,0,10,0,0,5,0,42,5,0,0
26,Lake Biwa (BIW95-4),667,18731.9,19926.7,19504.7,26.342,Smooth spline (default smoothing 0.3),COUN,4188,12.5,0,0,0,18,0,0,0,1,14,0,1,9,0,0,0,4,0,0,0,0,0,0,0,16,12,34,0,0,0,0,3,1,3,0,0,0,0,0,35,0,0,0,0,1,0,0,1,0,1,2,0,0,0,0,0,0,0,0,0,16.5,26,0,58.5,26,0,1,35,0,0,1,0,18,1,0,0,3,0,0,7,0,1,0,0,8,0,0,4,0,47.5,10,0,0
26,Lake Biwa (BIW95-4),677,19043,20157.1,19765.3,25.706,Smooth spline (default smoothing 0.3),COUN,4189,7.5,2,0,0,18,0,0,0,0,12,0,0,19,1,0,0,11,0,0,0,0,0,0,0,11,19,34,0,1,1,0,1,1,3,0,0,0,0,0,28,0,1,0,2,0,0,0,1,0,0,1,0,0,2,0,0,0,0,0,0,16.5,22.5,0,60.5,19,0,0,18,0,0,0,0,11,0,0,0,0,0,0,8,0,0,0,0,9,0,0,0,0,27.5,7,0,0
26,Lake Biwa (BIW95-4),688,19383.5,20410.7,20044.7,25.035,Smooth spline (default smoothing 0.3),COUN,4190,26.5,2,0,0,32,2,0,0,0,30,1,2,28,0,0,0,12,0,0,0,0,1,0,1,20,55,64,0,0,1,1,1,0,4,0,1,0,0,0,85,0,0,0,0,0,0,0,3,0,4,1,0,1,3,0,0,0,0,0,0,29.5,57,0,70,29,0,0,43,0,0,1,0,19,1,0,0,0,0,0,14,0,7,0,0,26,0,0,8,0,66.5,15,0,0
26,Lake Biwa (BIW95-4),698,19686,20642.4,20292.4,24.451,Smooth spline (default smoothing 0.3),COUN,4191,7,2,1,0,19,0,0,0,0,21,0,3,25,0,1,0,6,0,0,0,0,0,0,0,8,24,47,0,0,1,0,1,0,4,0,0,0,0,0,29,0,0,0,0,0,0,0,1,0,1,5,0,0,1,0,0,0,1,0,0,14,24.5,0,48,25,0,0,27,0,0,1,0,13,0,0,0,1,0,0,9,0,2,0,0,19,0,0,7,0,44,4,0,0
26,Lake Biwa (BIW95-4),707,19945.6,20863.8,20510.4,23.947,Smooth spline (default smoothing 0.3),COUN,4192,14.5,0,0,0,9,0,0,2,0,8,0,0,14,0,0,0,6,0,0,0,0,0,0,0,23,17,34,0,0,1,0,0,0,1,0,0,0,0,1,45,0,0,0,0,0,0,0,1,0,1,4,0,0,1,0,0,0,0,0,0,17.5,23.5,0,51.5,25,0,0,17,0,0,0,0,12,0,0,0,0,0,0,4,1,1,0,0,14,0,0,2,1,44.5,8,0,1
26,Lake Biwa (BIW95-4),717,20231.1,21109.7,20747.4,23.411,Smooth spline (default smoothing 0.3),COUN,4193,3.5,0,0,0,18,0,1,1,0,11,0,1,11,0,0,0,6,0,0,0,0,0,0,0,7,28,29,0,0,1,0,2,1,1,0,0,0,0,0,27,0,0,0,0,0,0,0,2,0,0,1,0,0,1,0,0,0,0,0,0,22.5,24,0,43,10,0,0,17,0,0,0,0,7,0,0,0,0,0,0,5,0,4,0,1,17,0,0,3,0,38,3,0,0
26,Lake Biwa (BIW95-4),728,20533.2,21379.1,21002.1,22.849,Smooth spline (default smoothing 0.3),COUN,4194,13.5,1,0,0,11,1,0,0,0,10,1,1,10,0,0,0,4,0,1,0,0,0,0,1,11,11,30,0,0,2,1,2,0,0,0,0,0,2,0,43,0,2,0,0,0,0,0,3,0,1,3,0,0,0,0,0,0,1,0,0,25,33.5,0,62.5,10,1,0,15,0,0,2,0,8,0,0,0,0,0,0,10,0,3,0,0,7,0,0,3,1,37,8,0,0
26,Lake Biwa (BIW95-4),738,20797.8,21629.4,21228.4,22.365,Smooth spline (default smoothing 0.3),COUN,4195,8,1,1,0,17,0,0,0,0,12,0,0,12,0,0,0,5,0,0,0,0,0,0,0,8,21,30,0,0,0,0,1,0,2,0,0,2,0,0,19,0,0,0,2,1,0,0,2,0,1,2,0,0,0,0,0,0,0,0,0,26,16,0,72,15,0,0,22,0,0,0,0,1,0,0,0,1,0,0,4,0,3,0,1,8,0,0,2,0,51,1,0,0
26,Lake Biwa (BIW95-4),747,21017,21853.4,21428,21.95,Smooth spline (default smoothing 0.3),COUN,4196,12.5,0,0,0,13,1,0,1,0,13,0,1,18,1,0,0,3,0,0,0,0,0,0,0,27,14,47,0,0,1,0,0,0,0,0,0,0,0,0,30,0,0,0,0,0,0,0,1,0,3,0,0,0,1,0,0,0,0,0,0,17,29.5,0,81.5,25,0,0,26,0,0,0,0,9,0,0,0,0,0,0,10,1,2,0,0,17,0,0,2,0,62.5,3,0,0
26,Lake Biwa (BIW95-4),757,21253.9,22087.5,21645.5,21.512,Smooth spline (default smoothing 0.3),COUN,4197,14,0,0,0,10,0,0,1,0,9,0,1,8,0,0,1,0,0,0,0,0,0,0,0,4,24,23,0,0,0,0,2,0,2,0,0,0,0,0,11,0,1,0,1,0,0,0,3,0,0,0,0,0,0,0,0,0,0,0,0,18.5,17.5,1,56.5,14,0,0,15,0,0,0,0,12,1,0,0,0,0,0,8,0,1,0,0,6,0,0,2,0,42.5,7,0,0
26,Lake Biwa (BIW95-4),769,21521.9,22375.5,21900.9,21.018,Smooth spline (default smoothing 0.3),COUN,4198,18,0,0,0,21,1,1,3,0,12,2,0,22,1,0,0,3,0,0,0,0,0,0,0,7,12,50,0,0,0,0,2,0,0,0,1,0,0,0,54,0,0,0,0,0,0,0,2,0,0,3,1,0,2,0,0,0,0,0,0,14,26.5,0,36,23,1,0,39,1,0,1,0,12,0,0,0,0,0,0,12,0,2,0,0,17,0,0,3,0,42,8,0,0
26,Lake Biwa (BIW95-4),778,21703.9,22589.7,22088.7,20.671,Smooth spline (default smoothing 0.3),COUN,4199,13.5,2,0,0,22,0,0,4,0,13,0,2,21,0,0,0,2,1,0,0,0,0,0,0,9,17,48,0,0,0,0,1,0,0,0,0,0,1,0,24,0,0,0,0,0,0,0,4,0,2,5,0,0,1,0,0,0,0,0,0,14,17.5,0,50.5,13,0,0,20,0,0,1,0,5,0,0,0,0,0,0,6,1,4,0,0,16,0,0,3,0,45,4,0,0
26,Lake Biwa (BIW95-4),787,21875.4,22797,22273.4,20.343,Smooth spline (default smoothing 0.3),COUN,4200,15.5,1,0,0,15,1,1,3,0,27,2,1,18,0,0,0,3,0,0,0,0,0,0,1,21,16,35,0,0,0,0,1,0,2,0,0,0,0,0,44,0,0,0,0,0,0,0,0,0,1,2,0,0,0,1,0,0,0,0,0,16.5,21.5,0,44,13,0,0,33,0,0,1,0,8,1,0,0,0,0,0,5,0,0,0,0,14,0,0,3,0,43,6,0,0
26,Lake Biwa (BIW95-4),798,22072.5,23043.4,22495.3,19.969,Smooth spline (default smoothing 0.3),COUN,4201,17.5,1,0,0,13,0,0,0,0,9,0,1,22,0,0,0,5,0,0,0,0,0,0,0,7,19,41,0,0,0,0,4,0,2,0,0,0,0,0,24,0,2,0,0,0,0,0,0,0,0,1,0,0,1,0,0,0,0,0,0,26,14.5,0,44.5,19,0,0,20,0,0,1,0,12,0,0,0,0,0,0,4,0,1,0,0,11,0,0,3,0,36.5,1,0,0
26,Lake Biwa (BIW95-4),808,22242.5,23261.1,22693.5,19.654,Smooth spline (default smoothing 0.3),COUN,4202,14.5,0,0,0,25,0,1,1,0,19,1,5,17,0,0,0,5,0,0,0,0,1,0,0,13,22,48,0,0,1,0,3,0,2,0,0,1,0,0,75,0,2,0,1,1,0,0,4,0,0,2,0,0,1,0,0,0,0,0,0,39.5,32.5,0,83,15,0,0,34,0,0,0,0,13,0,0,0,0,0,0,6,0,4,0,0,13,0,0,6,0,68.5,4,0,0
26,Lake Biwa (BIW95-4),818,22411.3,23472.4,22888.7,19.363,Smooth spline (default smoothing 0.3),COUN,4203,19.5,0,0,0,17,1,0,0,0,20,2,0,24,0,0,0,6,0,0,0,0,0,0,0,9,35,47,0,0,0,0,2,0,2,0,0,0,1,0,23,0,0,1,0,1,0,0,4,0,3,1,0,0,0,0,0,0,0,0,0,38,20.5,0,87.5,19,1,0,30,0,0,1,0,11,0,0,0,0,0,0,5,0,0,0,0,10,0,0,2,1,55.5,4,0,0
26,Lake Biwa (BIW95-4),828,22574.6,23681.3,23081.1,19.096,Smooth spline (default smoothing 0.3),COUN,4204,21.5,0,0,0,10,4,1,1,0,12,0,0,26,0,0,0,0,0,0,0,0,1,0,0,5,9,37,0,0,0,0,2,0,1,0,0,0,0,0,30,0,0,0,0,0,0,0,1,0,0,0,0,0,0,0,0,0,0,0,0,43,20.5,0,61,16,0,0,34,0,0,1,0,8,0,0,0,0,0,0,4,1,2,0,0,11,0,0,1,0,48.5,3,0,0
26,Lake Biwa (BIW95-4),838,22738.2,23889.3,23271,18.853,Smooth spline (default smoothing 0.3),COUN,4205,9.5,0,0,0,22,3,0,1,0,15,1,1,24,0,0,1,7,0,0,0,0,0,0,0,1,14,45,0,0,0,0,1,0,3,0,0,0,0,0,30,0,0,0,0,0,0,0,2,0,1,1,0,0,2,0,0,0,1,0,0,41,16.5,0,54.5,24,0,0,24,0,0,1,0,5,0,0,0,0,0,0,6,0,2,0,0,8,0,0,5,1,36.5,3,0,0
26,Lake Biwa (BIW95-4),848,22897.8,24094.5,23458.5,18.633,Smooth spline (default smoothing 0.3),COUN,4206,30.5,0,0,0,27,3,0,1,0,20,0,1,32,0,0,0,7,0,0,0,0,0,0,0,4,16,43,0,0,0,0,0,0,0,1,1,0,0,0,53,0,0,0,0,0,0,0,2,0,2,0,0,0,0,0,0,0,0,0,0,57,19.5,0,26.5,18,0,0,24,0,0,1,0,3,0,0,0,0,0,0,8,2,1,0,1,5,0,0,3,0,72.5,2,0,0
26,Lake Biwa (BIW95-4),858,23057.4,24292.5,23643.9,18.437,Smooth spline (default smoothing 0.3),COUN,4207,21,1,0,0,20,0,0,1,0,13,0,2,24,0,0,0,7,0,0,0,0,0,0,0,4,9,40,0,0,1,0,0,1,1,0,0,1,0,0,21,0,0,0,0,0,0,0,1,0,5,1,0,0,1,0,0,0,0,0,0,47,21,1,40,8,0,0,23,0,0,1,0,10,0,0,0,0,0,0,9,0,3,0,0,4,0,0,2,0,42.5,5,0,0
26,Lake Biwa (BIW95-4),867,23201.4,24464.2,23809.2,18.28,Smooth spline (default smoothing 0.3),COUN,4208,18,0,0,0,15,1,0,0,0,12,0,0,21,0,0,1,2,0,0,0,0,0,0,0,4,9,36,0,0,0,0,1,2,0,0,0,0,0,0,20,0,1,0,0,0,0,0,1,0,1,0,0,0,0,0,0,0,1,0,0,44,24.5,0,47.5,19,0,0,19,0,0,1,0,6,0,0,0,0,0,0,8,1,0,0,1,7,0,0,2,0,46,3,0,0
26,Lake Biwa (BIW95-4),877,23361.8,24656.9,23991.3,18.128,Smooth spline (default smoothing 0.3),COUN,4209,17.5,0,0,0,24,2,1,1,1,19,1,1,30,0,0,0,6,0,0,0,0,1,0,0,5,9,46,0,0,0,0,0,0,2,0,0,0,0,0,33,0,0,0,0,1,0,0,1,0,0,0,0,0,0,0,0,0,0,0,0,29,16,0,29,11,0,0,33,0,0,1,0,9,2,0,0,1,0,0,12,0,2,0,2,9,0,0,5,0,38.5,7,0,0
26,Lake Biwa (BIW95-4),888,23536.6,24861.9,24190,17.988,Smooth spline (default smoothing 0.3),COUN,4210,14,1,0,0,23,4,0,2,0,18,0,2,17,0,0,1,2,0,0,0,0,0,0,1,21,10,52,0,0,0,0,2,1,2,0,0,0,0,0,86,0,2,0,0,1,0,0,3,0,1,0,0,0,1,0,0,0,1,0,0,48.5,35.5,0,76,23,0,0,22,0,0,4,0,17,1,0,2,0,0,0,9,0,0,0,3,14,0,0,4,0,40,4,0,0
26,Lake Biwa (BIW95-4),897,23682.9,25027,24351.5,17.894,Smooth spline (default smoothing 0.3),COUN,4211,2,0,0,0,9,0,0,1,0,9,0,2,11,0,0,0,6,0,0,0,0,0,0,1,6,21,29,0,0,0,0,2,1,3,0,0,1,0,0,24,0,0,1,0,0,0,0,1,0,0,0,0,0,0,0,0,0,0,0,0,30,20.5,1,49,18,0,0,23,0,0,0,0,10,0,0,0,1,0,0,4,0,1,0,0,3,0,0,1,0,32.5,5,0,0
26,Lake Biwa (BIW95-4),907,23848.7,25205.3,24530.1,17.811,Smooth spline (default smoothing 0.3),COUN,4212,12,0,0,0,15,1,1,0,0,11,0,3,11,0,0,0,0,0,0,0,0,0,0,0,8,4,43,0,0,0,0,3,0,0,0,0,0,0,0,51,0,0,0,0,1,0,0,0,0,0,1,0,0,2,0,0,0,0,0,0,29,26.5,0,68,27,1,1,33,0,0,0,0,9,1,0,0,1,0,0,10,0,2,0,6,9,0,0,6,1,54,5,0,0
26,Lake Biwa (BIW95-4),919,24051.5,25418.9,24743.4,17.742,Smooth spline (default smoothing 0.3),COUN,4213,7.5,0,0,0,12,0,0,3,1,15,0,1,15,0,0,0,7,0,0,0,0,1,0,0,5,11,35,0,0,0,0,0,0,1,0,0,1,0,0,19,0,0,0,0,0,0,0,1,0,1,2,0,0,1,0,0,0,0,0,0,30,18,0,49.5,26,0,0,23,0,0,0,0,8,0,0,0,1,0,0,4,0,2,0,4,5,0,0,2,1,45,4,0,0
26,Lake Biwa (BIW95-4),927,24187.2,25559,24885.2,17.715,Smooth spline (default smoothing 0.3),COUN,4214,16,1,0,0,29,4,2,3,0,21,0,5,30,0,0,0,11,0,0,0,0,0,0,2,7,8,60,0,0,0,0,3,0,1,0,0,0,0,0,67,0,2,0,0,1,0,0,1,0,1,0,0,0,2,0,0,0,0,0,1,57,37.5,0,55.5,36,0,0,41,0,0,0,0,20,2,0,0,0,0,0,14,0,3,0,7,16,0,0,7,0,65.5,7,0,0
26,Lake Biwa (BIW95-4),938,24378.2,25747.9,25080,17.701,Smooth spline (default smoothing 0.3),COUN,4215,8,3,0,1,17,1,0,2,0,20,0,2,18,0,0,0,10,0,0,0,0,0,0,1,1,6,33,0,0,0,0,1,0,0,0,0,0,0,0,29,0,0,1,0,1,0,0,1,0,2,1,0,0,1,0,0,0,0,0,0,39.5,22.5,0,48.5,21,0,0,52,0,0,1,0,7,1,0,0,0,0,0,13,0,0,0,1,8,0,0,5,0,44.5,2,0,0
26,Lake Biwa (BIW95-4),947,24534.6,25896.4,25239.3,17.71,Smooth spline (default smoothing 0.3),COUN,4216,14,0,0,0,34,2,1,1,0,10,0,8,30,0,0,0,2,0,0,0,0,0,0,2,8,2,39,0,0,0,0,1,1,2,0,0,0,0,0,46,0,0,0,0,0,0,0,2,0,0,2,0,0,2,0,0,0,0,0,0,31,22,0,46,28,0,0,32,0,0,2,0,4,1,0,0,0,0,0,13,0,2,0,5,7,0,0,6,0,50,6,0,0
26,Lake Biwa (BIW95-4),958,24731.7,26082.5,25434.3,17.745,Smooth spline (default smoothing 0.3),COUN,4217,10.5,1,0,0,17,0,1,1,1,22,0,1,36,0,0,0,13,0,0,0,0,0,0,0,3,13,33,0,0,0,0,2,0,0,0,0,0,0,0,31,0,1,0,0,0,0,0,0,0,2,2,0,0,0,0,0,0,0,0,0,20,12,0,37.5,26,0,0,34,0,0,3,0,19,0,0,0,0,0,0,7,0,0,0,2,5,0,0,3,1,35.5,4,0,0
26,Lake Biwa (BIW95-4),968,24907.8,26255.5,25611.9,17.801,Smooth spline (default smoothing 0.3),COUN,4218,10,2,0,0,39,0,1,4,0,13,1,2,21,0,0,0,5,0,0,0,0,0,0,1,12,11,57,0,0,0,0,2,1,0,0,0,0,0,0,89,0,0,0,0,0,0,0,3,0,0,4,0,1,0,0,0,0,1,0,0,18,28,0,59.5,22,0,0,30,0,0,0,0,16,0,0,0,0,0,0,7,0,0,0,4,11,0,0,4,0,48.5,5,0,0
26,Lake Biwa (BIW95-4),978,25084.9,26425.7,25790.3,17.88,Smooth spline (default smoothing 0.3),COUN,4219,13,1,0,0,11,0,0,1,1,15,0,1,12,0,0,0,8,0,0,0,0,1,0,0,9,33,32,0,0,0,0,2,0,4,0,0,0,0,0,33,0,1,0,0,0,0,0,0,0,0,0,0,0,0,0,0,0,0,0,0,17,13.5,0,49,20,0,0,20,0,0,1,0,24,0,0,0,0,0,0,3,0,0,0,6,1,0,0,2,0,19.5,4,0,0
26,Lake Biwa (BIW95-4),989,25289.6,26610.3,25987.5,17.992,Smooth spline (default smoothing 0.3),COUN,4220,12,0,0,0,21,2,2,1,0,28,0,1,18,0,0,0,1,0,0,0,0,0,0,1,25,18,45,0,0,0,0,1,1,2,0,0,0,0,0,53,0,0,0,0,1,0,0,1,0,1,1,0,0,0,0,0,0,0,0,0,18,16,0,34,29,0,0,21,0,0,0,0,24,0,0,0,2,0,0,5,1,6,0,9,6,0,0,4,0,39.5,7,0,0
26,Lake Biwa (BIW95-4),998,25462.2,26765,26149.9,18.103,Smooth spline (default smoothing 0.3),COUN,4221,8.5,0,0,0,13,0,0,1,0,12,0,0,11,0,0,0,9,0,0,0,0,1,0,0,8,48,35,0,0,0,0,0,0,3,0,0,0,0,0,37,0,0,0,0,0,0,0,0,0,1,1,0,0,0,0,0,0,0,0,0,13,11.5,0,31,32,1,1,26,0,0,1,0,21,0,0,0,0,0,0,11,0,2,0,3,2,0,0,6,0,32.5,3,0,0
26,Lake Biwa (BIW95-4),1008,25655.4,26943.5,26331.5,18.248,Smooth spline (default smoothing 0.3),COUN,4222,13,3,0,0,36,2,0,4,0,14,0,0,14,0,0,0,5,0,0,1,0,0,1,1,12,35,47,0,0,0,0,4,0,4,0,0,0,0,0,84,0,0,0,0,1,0,0,0,0,1,3,0,0,0,0,0,0,0,0,0,8.5,17,0,46.5,51,0,0,40,0,0,0,0,27,0,0,0,1,0,0,7,1,1,0,11,6,0,0,11,0,45,10,0,0
26,Lake Biwa (BIW95-4),1018,25854.1,27126,26514.7,18.415,Smooth spline (default smoothing 0.3),COUN,4223,16.5,2,0,0,22,0,1,1,0,21,0,0,19,0,0,0,3,0,0,0,0,0,0,0,11,32,44,0,0,0,0,1,0,1,0,0,0,0,0,43,0,0,0,0,0,0,0,0,0,0,1,0,0,0,1,0,0,0,0,0,9.5,27.5,0,58,32,0,1,19,0,0,0,0,27,1,0,0,0,0,0,7,0,0,0,7,4,0,0,5,0,39.5,3,0,0
26,Lake Biwa (BIW95-4),1028,26055.1,27314,26699.7,18.604,Smooth spline (default smoothing 0.3),COUN,4224,10,1,1,0,42,0,0,5,0,22,0,2,23,0,0,1,9,0,0,0,0,0,0,0,19,49,69,0,0,0,0,3,1,9,0,0,0,0,0,99,0,1,0,0,0,0,0,0,0,2,2,0,0,1,0,0,1,0,0,0,15.5,23.5,0,34.5,38,1,0,25,0,0,0,0,35,0,0,0,1,0,0,9,1,3,0,13,8,0,0,5,0,52,7,0,0
26,Lake Biwa (BIW95-4),1037,26234.8,27497.8,26867.9,18.793,Smooth spline (default smoothing 0.3),COUN,4225,7.5,2,2,0,14,1,0,0,0,6,0,2,9,0,0,0,3,0,0,0,0,1,0,3,9,44,27,0,0,0,0,0,1,6,0,0,0,0,0,35,0,0,0,0,0,0,0,0,0,1,1,0,0,0,0,0,0,0,0,0,9,8,0,30.5,26,0,0,12,0,0,0,0,21,0,0,0,1,0,0,9,1,0,0,9,1,0,0,3,0,35,12,0,0
26,Lake Biwa (BIW95-4),1048,26460.6,27731.4,27075.9,19.047,Smooth spline (default smoothing 0.3),COUN,4226,17.5,0,0,0,39,2,1,1,0,14,1,1,23,0,0,0,9,0,0,0,0,1,0,0,15,13,57,0,0,0,0,4,0,5,0,0,0,1,0,90,0,0,0,0,0,0,0,0,0,3,2,0,0,0,0,0,0,0,0,0,11.5,34,0,77.5,42,0,0,30,0,0,4,0,32,0,0,0,0,0,0,14,0,3,0,6,2,0,0,4,0,42.5,6,0,0
26,Lake Biwa (BIW95-4),1057,26648.1,27931.4,27248.2,19.275,Smooth spline (default smoothing 0.3),COUN,4227,8,0,0,0,28,1,0,2,0,11,0,2,24,0,0,0,8,0,0,0,0,0,0,0,7,15,33,0,1,0,0,0,0,4,0,0,1,0,0,42,0,0,0,0,0,0,0,0,0,0,1,0,1,1,0,0,0,0,0,0,7.5,18,0,53,21,1,0,18,0,0,0,0,36,0,0,0,1,0,0,10,0,1,0,3,3,0,0,6,0,22.5,7,0,0
26,Lake Biwa (BIW95-4),1068,26879.6,28183.6,27461.7,19.577,Smooth spline (default smoothing 0.3),COUN,4228,10,3,6,0,35,1,1,4,0,42,0,3,11,0,0,0,20,0,0,0,0,0,0,0,35,61,58,0,0,0,0,6,0,10,0,1,0,0,0,115,0,1,0,0,1,0,0,1,0,2,2,0,1,1,0,0,0,2,0,0,6.5,22,0,50.5,56,0,0,28,0,0,1,0,51,1,0,0,3,0,0,14,2,4,0,13,4,0,0,14,0,21.5,7,0,1
26,Lake Biwa (BIW95-4),1078,27095.3,28416.4,27658.8,19.874,Smooth spline (default smoothing 0.3),COUN,4229,14,0,2,0,19,0,0,0,0,19,0,0,16,0,0,0,6,0,0,0,0,0,0,0,11,47,39,0,0,0,0,1,0,5,0,0,0,0,0,36,0,1,0,0,0,0,0,1,0,1,0,0,0,0,0,0,0,0,0,0,6.5,21,0,44.5,27,0,0,18,0,0,0,0,19,0,0,0,2,0,0,4,1,0,0,5,4,0,0,3,0,10.5,10,0,0
26,Lake Biwa (BIW95-4),1088,27308.7,28660.3,27858.9,20.192,Smooth spline (default smoothing 0.3),COUN,4230,13.5,2,0,0,38,2,4,7,0,23,0,3,19,1,0,0,14,0,0,0,0,2,0,0,0,10,71,0,0,0,0,2,0,5,0,0,0,0,0,105,0,0,0,0,1,0,0,0,0,2,0,0,0,2,1,0,0,2,0,0,15.5,64,0,83,37,0,0,32,0,0,1,0,32,0,0,0,1,0,0,13,1,3,0,6,5,0,0,5,1,30.5,13,0,0
26,Lake Biwa (BIW95-4),1098,27531.5,28904.7,28062.4,20.532,Smooth spline (default smoothing 0.3),COUN,4231,15,2,0,0,37,0,1,1,1,15,0,3,17,0,0,0,8,0,0,0,0,0,0,0,3,8,37,0,0,0,0,1,0,4,0,1,0,0,0,34,0,0,0,0,0,0,0,0,0,0,0,0,0,1,0,0,0,0,0,0,8,21,1,74.5,22,0,0,16,0,0,1,0,19,0,0,0,0,0,0,12,1,2,0,5,0,0,0,2,1,19,5,0,0
26,Lake Biwa (BIW95-4),1108,27756.5,29155.4,28269.3,20.893,Smooth spline (default smoothing 0.3),COUN,4232,8,3,0,0,42,0,0,0,0,23,0,2,8,0,0,0,10,0,1,0,0,0,0,1,0,8,71,0,0,0,0,1,0,1,0,1,0,0,0,119,0,0,0,0,0,0,0,0,0,1,0,0,0,0,0,0,0,0,0,0,10.5,94,0,85,29,0,0,38,0,0,0,0,20,0,0,0,0,0,1,31,1,2,0,11,4,0,1,10,1,39,4,0,0
26,Lake Biwa (BIW95-4),1118,27984.4,29412.7,28479.9,21.275,Smooth spline (default smoothing 0.3),COUN,4233,5.5,1,0,0,37,3,1,5,0,24,0,10,8,1,0,0,15,0,0,0,0,0,0,0,4,3,58,0,0,0,0,1,0,1,0,0,0,0,0,75,0,1,1,0,0,0,0,0,0,4,1,0,0,0,0,0,0,0,0,0,9.5,37.5,1,40,23,0,0,38,0,0,0,0,22,0,0,0,0,0,0,22,0,1,0,3,2,0,0,6,0,25,6,0,0
26,Lake Biwa (BIW95-4),1138,28438.2,29924.8,28913.1,22.101,Smooth spline (default smoothing 0.3),COUN,4234,13,0,0,0,43,1,2,2,0,39,0,1,21,0,0,0,29,0,0,0,0,0,0,0,0,6,46,0,0,0,0,1,1,2,0,1,0,0,0,76,0,0,0,0,1,0,0,1,0,2,2,0,0,1,0,0,0,0,1,0,9,30.5,0,35.5,19,0,0,44,0,0,1,0,13,0,0,0,2,0,0,24,0,3,0,4,2,0,0,12,0,22.5,2,0,0
26,Lake Biwa (BIW95-4),1148,28663,30184.6,29136.1,22.546,Smooth spline (default smoothing 0.3),COUN,4235,1.5,5,0,0,49,1,0,3,0,49,0,11,15,0,0,0,22,0,0,0,0,0,0,0,3,5,79,0,0,2,0,0,0,0,0,0,1,0,0,106,0,0,1,0,0,0,0,1,0,1,2,0,0,0,0,0,0,0,0,0,5,26.5,0,42,30,0,0,63,0,0,2,0,13,0,0,0,1,0,0,38,0,2,0,9,2,0,0,17,1,28,4,0,0
26,Lake Biwa (BIW95-4),1168,29111.9,30696.8,29595.9,23.497,Smooth spline (default smoothing 0.3),COUN,4236,4.5,1,1,0,27,3,0,4,1,31,2,2,10,1,0,0,14,0,0,0,0,0,0,0,3,11,74,0,0,0,0,1,1,3,0,0,0,0,0,81,0,1,0,0,0,0,0,0,0,2,2,0,0,1,0,0,0,0,0,0,7,40.5,0,38,31,0,0,34,0,0,0,0,19,0,0,0,0,0,0,13,1,3,1,2,2,0,0,11,0,55.5,11,0,0
26,Lake Biwa (BIW95-4),1178,29334.2,30958.2,29833.2,24.003,Smooth spline (default smoothing 0.3),COUN,4237,4,1,0,0,41,0,0,3,1,31,0,4,21,0,0,0,12,0,0,0,0,0,0,1,13,5,72,0,0,1,0,3,0,5,0,0,0,0,0,73,0,0,0,0,1,0,0,0,0,4,2,0,0,0,0,0,0,1,0,0,2,25,0,24.5,38,0,0,51,0,0,1,0,18,1,0,0,1,0,0,17,2,4,0,1,4,0,0,10,3,40.5,7,0,0
26,Lake Biwa (BIW95-4),1187,29530.9,31192.3,30051.1,24.476,Smooth spline (default smoothing 0.3),COUN,4238,8,1,1,0,59,1,1,4,0,39,2,1,9,0,0,0,18,0,0,0,0,0,0,2,9,27,89,0,0,0,0,1,1,11,1,1,0,0,0,151,0,2,0,0,0,0,0,2,0,3,5,0,1,1,1,0,0,0,0,0,2,60.5,0,47,45,0,0,56,0,0,1,0,39,1,1,0,2,0,0,23,0,4,0,3,8,0,0,12,2,53,7,0,0
26,Lake Biwa (BIW95-4),1198,29770.3,31476.8,30323.3,25.077,Smooth spline (default smoothing 0.3),COUN,4239,5.5,3,0,0,35,2,0,2,0,34,0,2,15,0,0,0,7,1,0,0,0,0,0,0,25,12,77,0,0,0,0,1,0,12,0,0,1,0,0,63,0,0,0,0,0,0,0,0,0,1,5,0,1,0,1,0,0,1,0,0,2,26.5,0,39.5,57,0,0,35,0,0,1,0,36,0,0,0,0,0,0,16,0,4,0,8,6,0,0,13,1,19,6,0,0
26,Lake Biwa (BIW95-4),1208,29993.7,31744.6,30576.6,25.644,Smooth spline (default smoothing 0.3),COUN,4240,14,0,0,0,36,1,0,1,0,23,0,4,12,1,0,0,8,0,1,0,1,0,0,3,43,50,78,0,0,0,0,6,0,5,0,0,0,0,0,126,0,0,1,0,0,0,0,0,0,0,4,0,1,2,0,0,0,2,0,0,7,12,0,40,42,1,0,18,0,0,3,0,37,1,0,0,1,0,1,10,0,7,0,6,4,0,0,12,2,47.5,7,0,0
26,Lake Biwa (BIW95-4),1217,30197.2,31981.4,30809.5,26.172,Smooth spline (default smoothing 0.3),COUN,4241,2.5,2,0,0,13,0,0,0,0,20,1,0,7,0,0,0,6,0,0,0,0,0,0,1,73,39,27,0,0,1,0,1,0,4,0,0,0,0,0,23,0,0,0,0,0,0,0,1,0,0,0,0,1,0,0,0,0,0,0,0,2,8,0,23,18,0,0,13,0,0,0,0,24,0,0,0,0,0,0,4,0,3,0,6,5,0,0,1,0,17,5,0,0
26,Lake Biwa (BIW95-4),1228,30454.4,32269.8,31100.7,26.839,Smooth spline (default smoothing 0.3),COUN,4242,7,2,2,0,24,0,1,2,0,15,0,1,8,0,0,0,17,0,0,0,0,0,0,1,46,49,56,0,0,0,0,3,0,2,1,1,0,0,0,90,0,0,0,0,1,0,0,0,0,0,2,0,0,0,0,0,0,1,0,0,1,21,0,31.5,41,0,0,30,0,0,0,0,37,0,0,0,2,0,1,14,1,6,0,8,3,0,0,6,3,53.5,6,0,0
26,Lake Biwa (BIW95-4),1238,30699.1,32526.4,31371.9,27.466,Smooth spline (default smoothing 0.3),COUN,4243,8.5,1,0,0,15,0,0,1,0,17,0,2,3,0,0,0,11,0,0,0,0,0,0,0,57,29,39,0,0,0,0,3,0,8,0,0,0,0,0,30,0,1,0,0,1,1,0,0,0,1,4,0,0,1,0,0,0,0,0,0,2.5,14,0,24,26,0,0,11,0,0,0,0,30,0,1,0,1,0,0,5,2,3,0,5,5,0,0,4,0,22,3,0,0
26,Lake Biwa (BIW95-4),1248,30951.9,32777,31649.5,28.114,Smooth spline (default smoothing 0.3),COUN,4244,6,0,4,0,37,0,0,2,0,26,0,4,11,1,0,0,8,0,0,0,0,0,0,4,18,27,73,0,0,0,0,2,0,11,0,0,0,0,0,105,0,0,1,0,0,0,1,0,0,2,5,0,3,1,0,0,0,0,0,0,6,17.5,0,26.5,68,0,0,38,0,0,0,0,29,0,0,0,2,0,0,11,1,4,0,3,7,0,0,6,1,27.5,6,0,0
26,Lake Biwa (BIW95-4),1256,31159.4,32985.7,31876.2,28.646,Smooth spline (default smoothing 0.3),COUN,4245,1.5,2,3,0,23,1,0,2,0,24,1,2,3,0,0,0,11,0,0,0,0,0,0,0,45,14,52,0,0,1,0,1,0,5,0,0,0,1,0,47,0,0,0,0,0,0,0,0,1,0,5,0,1,0,0,0,0,0,0,0,1,16,0,12,24,0,0,23,0,0,2,0,47,0,0,0,0,0,0,6,0,8,0,5,2,0,0,1,0,19,7,0,0
26,Lake Biwa (BIW95-4),1268,31481.7,33295.6,32224.5,29.467,Smooth spline (default smoothing 0.3),COUN,4246,4.5,2,0,0,33,0,0,2,0,23,0,2,4,0,0,0,12,0,1,0,0,0,0,0,38,37,42,0,0,0,0,4,0,4,0,2,0,0,0,73,0,1,0,0,0,0,0,1,0,0,3,0,1,0,0,0,0,1,0,0,1,18,0,31,48,0,0,24,0,0,0,0,28,1,0,0,1,0,0,13,2,9,0,4,4,0,0,3,1,25,3,0,0
26,Lake Biwa (BIW95-4),1278,31764.9,33565.5,32522.3,30.174,Smooth spline (default smoothing 0.3),COUN,4247,3.5,1,1,0,25,1,0,1,1,18,0,1,3,0,0,0,12,0,0,0,0,0,0,0,71,17,38,0,0,0,0,1,0,3,0,1,0,0,0,47,0,0,0,0,1,0,0,0,0,0,4,0,0,0,0,0,0,0,0,0,1,20,0,15.5,35,0,0,24,0,0,0,0,37,0,0,1,1,0,0,6,1,9,0,6,4,0,0,5,0,26.5,5,0,0
26,Lake Biwa (BIW95-4),1288,32056.4,33838,32827.3,30.899,Smooth spline (default smoothing 0.3),COUN,4248,4,5,2,0,20,2,1,1,1,25,0,3,5,1,0,0,8,0,0,0,0,1,0,0,73,26,49,0,0,0,0,6,5,4,0,0,0,1,0,92,0,4,0,0,0,0,0,0,0,1,1,0,0,1,1,0,0,1,0,0,3,8,0,12.5,31,0,0,19,0,0,3,0,31,0,0,0,2,0,0,11,1,10,0,2,3,0,0,5,1,19.5,4,0,1
26,Lake Biwa (BIW95-4),1298,32344.6,34134,33139.6,31.645,Smooth spline (default smoothing 0.3),COUN,4249,1,1,0,0,14,0,0,1,0,10,0,1,5,0,0,0,5,0,0,0,0,0,0,0,138,25,21,1,0,0,0,4,1,0,0,0,0,0,0,47,0,0,0,0,1,0,0,0,0,0,3,0,0,0,0,0,0,0,0,0,3,6,0,3,15,0,0,10,0,0,1,0,28,0,0,0,2,0,0,1,1,7,0,5,1,0,0,0,0,9,3,0,0
26,Lake Biwa (BIW95-4),1308,32653.7,34446.5,33459.5,32.409,Smooth spline (default smoothing 0.3),COUN,4250,5.5,3,6,0,34,0,0,3,0,21,0,1,5,0,0,0,13,0,0,0,0,1,0,0,144,122,45,0,0,0,0,2,1,17,0,1,0,0,0,116,0,0,0,0,0,0,0,0,0,1,1,0,1,0,0,0,0,1,0,0,1,11,0,11,26,0,0,17,0,0,0,0,56,0,0,0,0,0,0,9,0,7,0,11,3,0,0,5,1,20,11,0,0
26,Lake Biwa (BIW95-4),1318,32975.2,34785,33787.1,33.193,Smooth spline (default smoothing 0.3),COUN,4251,0,1,3,0,16,0,0,2,0,16,0,2,2,0,0,0,4,0,1,0,0,0,0,0,90,12,29,0,0,0,0,3,1,6,0,1,0,0,0,51,0,1,0,0,1,0,0,0,0,0,0,0,0,0,0,0,0,0,0,0,1,14.5,0,18,17,0,0,18,0,0,1,0,30,0,0,0,0,0,0,4,0,6,0,2,2,0,0,4,1,23,2,0,0
26,Lake Biwa (BIW95-4),1327,33261.4,35107.2,34088.7,33.914,Smooth spline (default smoothing 0.3),COUN,4252,5.5,2,7,0,44,1,0,3,2,16,0,1,5,0,0,0,15,0,0,0,0,0,0,2,58,37,50,0,0,0,0,11,1,8,0,0,0,0,0,110,0,0,0,0,2,0,0,0,0,1,1,0,0,0,0,0,0,1,0,0,3,25,0,14.5,34,0,0,22,0,0,1,0,54,0,0,0,2,0,0,11,1,5,0,7,3,0,0,3,1,13.5,10,1,0
26,Lake Biwa (BIW95-4),1338,33609.9,35549.9,34466.2,34.817,Smooth spline (default smoothing 0.3),COUN,4253,0.5,2,1,0,15,0,0,0,0,10,0,1,2,0,0,0,15,0,0,0,0,0,0,0,164,30,28,0,0,0,0,8,0,10,0,0,0,0,0,37,0,1,0,0,0,0,0,0,0,0,0,0,0,0,0,0,0,0,0,0,4,6.5,0,6,15,0,0,21,0,0,1,0,30,0,0,0,1,0,0,7,0,4,0,6,2,0,0,0,1,14,9,0,0
26,Lake Biwa (BIW95-4),1348,33924.7,35993.9,34818.2,35.658,Smooth spline (default smoothing 0.3),COUN,4254,2,2,0,0,40,0,0,0,0,19,0,2,11,0,0,0,17,0,1,0,0,1,0,0,96,41,52,0,0,0,0,3,1,11,0,1,0,0,0,92,0,1,0,0,0,0,0,2,0,0,2,0,1,1,0,0,0,0,0,0,1,16,1,29,38,0,0,28,0,0,0,0,51,0,0,0,1,0,0,12,0,6,0,9,6,0,0,3,0,22.5,8,0,0
26,Lake Biwa (BIW95-4),1358,34236,36455.4,35178.6,36.517,Smooth spline (default smoothing 0.3),COUN,4255,1,1,0,0,28,1,0,1,0,12,1,3,9,0,0,0,12,0,1,0,0,0,0,0,77,15,53,0,0,0,0,2,1,9,0,0,0,0,0,53,0,0,0,0,0,0,0,0,0,0,3,0,0,0,0,1,0,0,0,0,0,10,0,17.5,41,1,0,21,0,0,0,0,44,0,0,0,0,0,0,4,1,4,0,10,2,0,0,4,1,18,10,0,0
26,Lake Biwa (BIW95-4),1368,34520.3,36948.7,35547.7,37.395,Smooth spline (default smoothing 0.3),COUN,4256,3,2,2,0,29,1,0,1,0,20,0,5,9,0,0,0,8,0,0,0,0,2,0,0,78,17,54,0,0,0,0,10,1,8,0,0,0,0,0,87,0,0,1,0,0,0,0,0,0,0,1,0,0,2,0,0,0,0,0,0,2.5,7.5,0,15,59,0,0,24,0,0,1,0,30,0,1,0,0,0,1,9,1,3,0,2,11,0,0,5,0,16,1,0,0
26,Lake Biwa (BIW95-4),1378,34783.1,37468.9,35925.7,38.292,Smooth spline (default smoothing 0.3),COUN,4257,1,2,3,0,18,0,0,1,0,13,0,1,6,0,0,0,10,0,1,0,0,0,0,1,100,18,35,0,0,0,0,7,0,10,0,0,0,0,0,50,0,0,0,0,0,0,0,0,0,0,2,0,0,1,1,0,0,0,0,0,1,14.5,1,20.5,33,0,0,12,0,0,0,0,50,0,0,0,1,0,0,2,0,1,0,6,3,0,0,0,0,6,9,0,0
26,Lake Biwa (BIW95-4),1390,35055.2,38161.4,36391.2,39.393,Smooth spline (default smoothing 0.3),COUN,4258,1,1,3,0,28,0,0,2,0,19,0,0,8,0,1,1,13,0,1,1,0,0,0,1,128,72,49,0,0,0,0,5,3,21,0,3,0,1,0,83,0,1,0,1,0,0,0,0,0,0,0,0,0,0,0,0,0,0,0,0,0,7,1,5,41,0,0,12,0,0,0,0,45,0,0,0,2,0,0,3,0,3,0,8,8,0,0,2,0,9.5,2,0,0
26,Lake Biwa (BIW95-4),1398,35207.3,38639.8,36709,40.141,Smooth spline (default smoothing 0.3),COUN,4259,4,1,1,0,18,1,0,1,0,10,0,0,1,0,0,1,9,0,0,0,0,1,0,0,158,21,17,0,0,1,0,7,0,8,0,0,1,0,0,29,0,0,0,0,1,0,0,0,0,0,1,0,1,0,0,0,0,1,0,0,0,5.5,1,8.5,28,0,0,11,0,0,1,0,23,0,0,0,1,0,0,5,1,5,0,7,0,0,0,2,0,7.5,7,0,0
26,Lake Biwa (BIW95-4),1409,-9999,-9999,-9999,-9999,-9999,COUN,4260,4,3,8,0,38,0,0,1,0,20,1,0,6,0,0,0,17,0,0,0,0,0,0,1,185,50,42,0,0,0,0,17,4,31,0,1,1,0,1,120,0,2,0,0,2,0,0,0,0,0,5,0,2,0,0,0,0,0,0,1,5.5,7,0,20.5,49,0,0,24,2,0,0,0,66,0,0,0,5,0,0,5,0,3,0,9,0,0,0,2,0,16,18,0,0
26,Lake Biwa (BIW95-4),1418,-9999,-9999,-9999,-9999,-9999,COUN,4261,3.5,4,0,0,31,1,0,2,0,12,0,2,8,0,0,0,3,0,1,0,0,0,0,3,63,14,37,0,0,0,0,4,0,7,0,0,0,0,0,42,0,4,0,0,0,0,1,0,0,0,0,0,3,0,0,0,0,3,0,0,4,11,1,23.5,29,0,0,24,0,0,0,0,42,0,0,0,0,0,0,10,1,1,0,11,2,0,0,2,0,18,10,0,0
26,Lake Biwa (BIW95-4),1428,-9999,-9999,-9999,-9999,-9999,COUN,4262,3,0,1,0,37,1,0,0,1,9,0,0,8,0,0,0,15,0,0,0,0,1,0,2,52,32,44,0,0,0,0,7,0,16,0,2,0,0,0,61,0,5,0,0,0,0,0,0,0,1,2,0,1,2,0,0,0,0,0,1,2,13,0,18.5,31,0,0,14,0,0,0,0,51,0,0,0,1,0,1,11,1,3,0,3,1,0,1,0,0,15.5,11,0,0
26,Lake Biwa (BIW95-4),1438,-9999,-9999,-9999,-9999,-9999,COUN,4263,4,3,3,0,33,1,0,1,0,15,0,1,10,0,0,0,6,0,0,0,0,0,0,1,52,11,48,0,0,0,0,14,2,11,0,1,2,0,0,56,0,0,0,0,1,0,0,0,0,0,2,0,0,1,0,0,0,1,0,0,1.5,10,0,13,56,0,0,32,0,0,0,0,40,0,0,0,0,0,0,11,0,4,0,8,6,0,0,0,0,11,13,0,0
26,Lake Biwa (BIW95-4),1448,-9999,-9999,-9999,-9999,-9999,COUN,4264,2.5,0,2,0,24,1,0,1,0,12,1,3,2,0,0,2,4,0,0,1,1,1,0,0,96,18,24,0,0,0,0,5,0,8,0,2,0,0,0,119,0,2,0,0,0,0,0,0,0,0,0,0,1,1,0,0,0,0,0,0,5,13.5,0,12,22,0,0,16,0,0,0,0,43,0,0,1,1,0,0,9,1,3,0,2,0,0,0,2,0,18,4,0,0
26,Lake Biwa (BIW95-4),1458,-9999,-9999,-9999,-9999,-9999,COUN,4265,2.5,1,1,0,23,1,0,1,0,12,0,0,3,0,0,0,10,0,0,0,0,0,0,0,112,12,15,0,0,0,0,9,1,7,0,1,0,0,0,54,0,0,0,0,0,0,0,0,0,1,0,0,0,0,0,1,0,0,0,1,0,6.5,0,15,26,0,0,13,0,0,0,0,31,0,0,1,1,0,0,3,0,8,0,6,2,0,0,1,0,9.5,5,0,0
26,Lake Biwa (BIW95-4),1467,-9999,-9999,-9999,-9999,-9999,COUN,4266,1,2,2,0,18,0,0,2,0,11,0,1,2,0,0,0,8,0,0,0,0,0,0,1,53,52,12,0,0,0,0,7,3,8,0,4,1,0,0,35,0,0,0,0,2,0,0,0,0,0,0,0,1,0,0,0,0,0,0,0,1,2.5,0,11,20,1,0,8,0,0,0,0,34,0,0,0,0,0,0,2,0,2,0,5,0,0,0,0,0,4,5,0,0
26,Lake Biwa (BIW95-4),1478,-9999,-9999,-9999,-9999,-9999,COUN,4267,1,1,1,0,10,0,0,0,1,11,0,0,3,0,0,0,3,0,0,0,0,0,0,1,178,24,21,0,0,0,0,2,0,5,0,0,0,0,0,52,0,0,0,0,1,0,0,0,0,0,0,0,0,1,0,0,0,0,0,1,4,2.5,0,3,10,0,0,5,0,0,0,0,31,0,0,0,2,0,0,2,0,0,0,7,0,0,0,0,2,5,5,0,0
26,Lake Biwa (BIW95-4),1488,-9999,-9999,-9999,-9999,-9999,COUN,4268,1,0,5,0,38,0,0,3,0,12,2,0,6,1,1,0,7,0,0,1,0,1,0,5,126,71,47,0,0,0,0,6,3,14,0,2,3,0,0,98,0,4,0,0,1,0,0,0,0,0,0,0,0,1,0,0,0,0,0,0,7,2.5,0,7.5,17,0,0,15,0,0,0,0,59,0,0,0,2,0,0,4,0,3,0,8,0,0,0,1,0,4.5,12,0,0
26,Lake Biwa (BIW95-4),1499,-9999,-9999,-9999,-9999,-9999,COUN,4269,0,2,1,0,39,0,0,3,1,10,1,2,5,0,0,1,4,0,0,0,0,0,0,1,107,25,49,0,0,0,0,4,0,16,0,0,0,1,0,64,0,1,0,0,0,0,1,0,0,2,0,0,0,0,0,1,0,1,0,0,3,2.5,0,2,15,0,0,22,0,0,1,0,41,1,0,0,0,0,0,2,1,5,0,10,2,0,0,4,1,8,4,0,0
26,Lake Biwa (BIW95-4),1508,-9999,-9999,-9999,-9999,-9999,COUN,4270,3.5,1,7,0,69,0,0,2,0,22,1,2,9,0,0,0,11,0,1,0,0,0,0,3,37,83,51,0,0,0,0,13,0,37,0,1,2,0,0,114,1,3,0,0,1,0,0,0,0,0,0,0,0,0,0,0,0,3,0,0,8.5,5.5,0,14.5,31,0,0,34,0,0,0,0,60,2,0,0,2,0,0,8,0,6,0,9,1,0,0,4,0,19.5,12,0,0
26,Lake Biwa (BIW95-4),1518,-9999,-9999,-9999,-9999,-9999,COUN,4271,6,3,1,0,40,0,0,1,1,17,1,4,11,1,0,0,6,0,0,0,0,0,1,4,60,26,54,0,0,1,0,6,3,17,0,2,0,0,0,80,0,4,0,0,2,0,0,0,0,1,0,0,0,0,0,0,0,1,0,0,5.5,5,0,27,18,0,0,19,0,0,1,0,36,1,0,0,0,0,0,2,0,5,0,14,1,0,0,6,0,28.5,10,0,0
26,Lake Biwa (BIW95-4),1528,-9999,-9999,-9999,-9999,-9999,COUN,4272,5.5,2,0,0,38,0,3,2,0,14,1,3,11,0,0,0,3,0,0,0,0,0,0,0,51,20,54,0,0,0,0,9,1,9,0,1,1,0,0,103,0,6,0,0,1,0,0,0,0,0,0,0,1,0,0,0,0,1,0,0,17.5,10.5,0,21.5,20,1,0,27,0,0,3,0,30,0,1,0,0,0,0,5,2,3,0,2,1,0,0,4,1,18.5,4,0,0
26,Lake Biwa (BIW95-4),1538,-9999,-9999,-9999,-9999,-9999,COUN,4273,4.5,1,2,0,39,0,0,0,0,13,3,1,17,0,0,0,8,0,1,0,0,0,0,0,17,20,55,0,0,0,0,8,1,8,0,0,1,0,0,76,0,4,0,0,1,0,0,0,0,0,0,0,0,0,0,1,0,3,0,0,11,10,0,19,12,1,0,25,0,0,0,0,32,0,0,0,1,0,0,8,1,1,0,3,0,0,0,6,0,32,6,0,1
26,Lake Biwa (BIW95-4),1548,-9999,-9999,-9999,-9999,-9999,COUN,4274,3,1,0,0,32,1,0,2,0,17,1,2,5,0,0,1,1,0,0,0,0,0,0,4,28,23,53,0,0,0,0,3,1,12,0,1,0,0,0,92,0,4,0,0,0,0,0,0,0,4,0,0,0,0,0,0,0,2,0,0,21,7.5,0,23,16,0,0,22,0,0,0,0,37,0,0,0,1,0,1,5,0,5,0,10,0,0,0,6,0,19,8,0,0
