site_id,site_name,Sample depth,CLAM_min95,CLAM_max95,CLAM_best,CLAM_acc_rate,CLAM_age_model_type,count_type,sample_id,Abies,Acer,Alisma type,Alnus,Ambrosia type,Anogramma leptophylla,Anthemis type,Apiaceae,Arceuthobium,Artemisia,Asphodelus,Aster type,Betula,Boraginaceae,Botrychium type,Brassicaceae,Bupleurum type,Buxus,Calluna,Campanulaceae,Cannabis/Humulus,Carpinus,Caryophyllaceae,Castanea,Cedrus,Centaurea cyanus type,Centaurea nigra type,Centaurea scabiosa type,Centaurium,Cereal type,Chenopodiaceae,Cirsium type,Cistus,Convolvulus,Coriaria myrtifolia,Cornus,Corrigiola litoralis,Corylus,Crassulaceae,Cryptogramma,Cupressaceae,Cyperaceae,Daphne,Echinops,Ephedra distachya type,Ephedra fragilis type,Epilobium,Ericaceae,Erodium,Euonymus,Euphorbia,Fabaceae,Fagus,Filipendula,Fraxinus excelsior type,Fraxinus ornus type,Galium type,Gentianaceae,Geranium,Halimium/Tuberaria,Hedera helix,Helianthemum,Herniaria type,Hippophae,Huperzia selago,Ilex,Isoetes,Jasione type,Juglans,Knautia type,Lamiaceae,Lemna,Liliaceae,Linum,Littorella uniflora,Lycopodium clavatum type,Lygeum spartum,Lythrum,Melampyrum,Mentha type,Menyanthes trifoliata,Mercurialis type,Myrica,Myriophyllum alterniflorum,Myriophyllum verticillatum,Nuphar,Nymphaea alba type,Olea,Ophioglossum lusitanicum,Osmunda,Papaveraceae,Pedicularis,Phillyrea,Picea,Pilularia globulifera,Pinus,Pistacia,Plantago,Plantago lanceolata type,Platanus,Plumbaginaceae,Poaceae,Polygonum aviculare type,Polygonum persicaria type,Polypodiales,Polypodium vulgare type,Populus,Potamogeton,Primulaceae,Pteridium,Pterocarya,Quercus (deciduous),Quercus (evergreen),Quercus suber type,Ranunculaceae,Resedaceae,Rhamnus type,Rhus type,Rosaceae,Rumex,Salix,Sambucus,Sanguisorba minor,Sanguisorba officinalis,Saxifragaceae,Scabiosa,Scrophulariaceae,Sedum type,Selaginella denticulata,Selaginella selaginoides,Serratula type,Solanaceae,Sparganium/Typha,Spartium,Spergularia type,Sphagnum,Tamarix,Taraxacum,Taxus,Thalictrum,Tilia,Ulex type,Ulmus,Urtica,Valerianaceae,Veronica type,Viburnum,Vicia type,Viscum,Vitis
31,MD04-2845,1005,31949.2,32454.6,32171.6,37.065,Smooth spline (smoothing 0.6),COUN,22947,2,0,0,0,0,0,4,0,0,10,0,4,2,0,2,0,0,0,6,1,0,0,3,0,0,0,0,0,0,0,1,0,0,0,0,0,0,0,0,0,1,27,0,0,4,0,0,2,0,0,0,1,0,0,0,0,0,0,0,0,0,1,0,0,0,0,1,0,0,0,0,0,0,0,0,0,0,0,0,0,0,0,1,0,0,0,0,0,0,0,0,0,0,0,0,137,0,1,0,0,2,14,0,0,9,0,0,0,0,0,0,0,0,0,0,0,0,0,1,0,0,0,0,0,0,0,0,0,0,0,0,0,0,0,0,4,0,11,0,0,0,0,0,1,0,0,0,0,0,0
31,MD04-2845,1015,32321.7,32801.5,32546.7,37.975,Smooth spline (smoothing 0.6),COUN,22949,1,0,0,2,0,0,1,0,0,9,0,3,0,0,0,0,0,0,8,0,0,0,4,0,1,0,0,0,0,0,0,0,0,0,0,0,0,0,0,0,0,26,0,0,3,1,0,5,0,0,0,0,0,0,0,0,0,0,0,0,0,1,0,0,0,0,1,0,0,0,0,0,0,0,0,0,0,0,0,0,0,0,0,0,0,0,0,1,0,0,0,0,0,1,0,407,0,1,0,0,1,11,0,0,13,0,0,0,0,0,0,2,0,0,0,0,0,0,0,0,0,0,0,0,0,1,0,0,0,0,0,0,0,0,0,5,0,17,0,1,0,0,0,0,0,0,0,0,0,0
31,MD04-2845,1025,32705.4,33155.7,32928.9,38.437,Smooth spline (smoothing 0.6),COUN,22951,1,0,0,0,0,0,4,1,0,8,0,3,4,0,2,0,0,0,2,0,0,0,2,0,1,0,0,0,0,0,0,0,0,0,0,0,0,0,0,0,2,25,0,0,2,0,0,9,0,0,0,0,0,0,0,0,0,0,0,0,0,7,0,1,0,0,0,0,0,0,0,0,0,0,0,0,0,0,0,0,0,0,1,0,0,0,0,0,0,0,0,0,0,0,0,344,0,0,0,0,0,16,0,0,5,0,0,0,0,0,0,3,1,0,0,0,0,0,0,0,0,0,0,0,0,0,0,0,0,0,0,0,0,0,0,1,0,8,0,0,0,0,0,0,0,0,0,0,0,0
31,MD04-2845,1035,33094,33519.2,33313.8,38.531,Smooth spline (smoothing 0.6),COUN,22953,1,0,0,1,0,0,3,0,0,7,0,2,2,0,3,0,0,0,3,0,0,0,3,0,1,0,0,0,0,0,0,0,0,0,0,0,0,0,0,0,5,28,0,0,2,0,0,1,0,0,0,0,0,0,0,0,0,0,0,0,0,3,0,0,0,0,1,0,0,0,0,0,0,0,0,0,0,0,0,0,0,0,0,0,0,0,0,0,0,0,0,0,0,5,0,369,0,3,0,0,0,9,0,0,13,0,0,0,0,0,0,5,0,0,0,0,0,0,0,0,0,0,0,0,0,0,0,0,0,0,0,0,0,0,0,5,0,16,0,0,0,0,0,0,0,0,0,0,0,0
31,MD04-2845,1045,33484,33895.6,33699.7,38.68,Smooth spline (smoothing 0.6),COUN,22955,0,0,0,0,0,0,5,0,0,16,0,5,2,0,0,0,0,0,5,0,0,0,2,0,0,0,0,0,0,0,2,0,0,0,0,0,0,0,0,0,0,23,0,0,1,2,0,1,0,0,0,0,0,0,0,0,0,0,0,0,0,1,0,0,0,0,0,0,0,0,0,0,0,0,0,0,0,0,0,0,0,0,0,0,0,0,0,0,0,0,0,0,0,2,0,134,0,0,0,0,1,25,0,0,3,1,0,0,0,0,0,0,0,0,0,0,0,0,0,0,0,0,0,0,0,0,0,0,0,0,0,0,0,0,0,5,0,10,0,0,0,0,0,0,0,0,0,0,0,0
31,MD04-2845,1050,33677.5,34089.5,33893.3,38.792,Smooth spline (smoothing 0.6),COUN,22956,1,0,0,2,0,0,4,0,0,12,0,3,6,0,2,1,0,0,8,0,0,0,1,0,0,0,0,0,0,0,3,0,0,0,0,0,0,0,0,0,2,27,0,0,0,0,0,3,0,0,0,0,0,0,1,0,0,0,0,0,0,2,0,0,0,0,0,0,0,0,0,0,0,0,0,0,0,0,0,0,0,0,0,0,0,0,0,0,0,0,0,0,0,0,0,164,0,3,0,0,0,12,0,0,3,0,0,0,0,0,0,2,1,0,0,0,0,0,0,0,1,0,0,0,0,0,0,0,0,0,0,0,0,0,0,3,0,5,0,0,0,0,0,0,0,0,0,0,0,0
31,MD04-2845,1055,33870.9,34288.5,34087.5,38.894,Smooth spline (smoothing 0.6),COUN,22957,0,0,0,1,0,0,1,0,0,15,0,2,2,0,1,0,0,0,10,0,0,0,2,0,0,0,0,0,0,0,2,0,0,0,0,0,0,0,0,0,1,25,0,0,0,0,0,5,0,0,0,0,0,0,0,0,0,0,0,0,0,3,0,0,0,0,0,0,0,0,0,0,0,0,0,0,0,0,0,0,0,0,1,0,0,0,0,1,0,0,0,0,0,0,0,146,0,2,0,0,1,14,0,0,7,1,0,0,0,0,0,4,0,0,0,0,0,0,0,0,0,0,0,0,0,0,1,0,0,0,0,0,0,0,0,4,0,11,0,0,0,0,0,0,0,0,0,0,0,0
31,MD04-2845,1065,34248.5,34695.8,34477.1,39.054,Smooth spline (smoothing 0.6),COUN,22959,4,0,0,2,0,0,1,0,0,4,0,4,2,0,3,0,0,0,3,1,0,1,5,0,0,0,0,0,0,0,3,0,0,0,0,0,0,0,0,0,1,40,0,0,5,0,0,3,0,0,0,0,0,0,0,0,0,0,0,0,0,0,0,0,0,1,0,0,0,0,0,0,0,0,0,0,0,0,0,0,0,0,0,0,0,0,0,0,0,0,0,0,0,0,0,520,0,1,0,0,1,16,1,0,24,0,0,0,0,0,0,1,0,0,2,0,0,0,0,0,0,0,0,0,0,0,0,0,0,0,0,0,1,0,0,9,0,7,0,0,0,0,0,0,0,0,0,0,0,0
31,MD04-2845,1075,34613.5,35109.9,34868.3,39.175,Smooth spline (smoothing 0.6),COUN,22961,2,0,0,0,0,0,2,0,0,5,0,2,1,0,8,0,0,0,7,0,0,0,2,0,2,0,1,0,0,0,4,0,0,0,0,0,0,0,0,0,0,28,0,0,1,0,0,0,0,0,0,0,0,0,0,0,0,0,0,0,0,1,0,0,0,0,2,0,0,0,0,0,0,0,0,0,0,0,0,1,0,0,2,0,0,0,0,0,0,0,0,0,0,2,0,1840,1,1,0,0,0,12,0,0,27,0,0,0,0,0,0,5,0,0,0,0,0,0,0,0,0,0,0,0,0,0,0,0,0,0,0,0,1,0,0,11,0,16,0,0,0,0,2,0,0,0,0,0,0,0
31,MD04-2845,1085,34965.5,35532.1,35260.4,39.243,Smooth spline (smoothing 0.6),COUN,22963,0,0,0,0,0,0,4,0,0,7,0,2,10,0,0,0,0,0,5,0,0,0,1,0,0,0,0,0,0,0,2,0,0,0,0,0,0,0,0,0,1,23,0,0,2,0,0,3,0,0,0,0,0,0,0,0,0,1,0,0,0,1,0,3,0,0,1,0,0,0,0,0,0,0,0,0,0,0,0,0,0,0,0,0,0,0,0,0,0,0,0,0,0,1,0,450,0,2,0,0,0,16,0,0,4,0,0,0,0,0,0,4,1,0,0,0,0,0,0,0,0,0,0,0,0,1,0,0,0,1,0,0,0,0,0,4,0,9,0,1,0,0,0,0,0,0,0,0,0,0
31,MD04-2845,1095,35309.4,35954.9,35652.7,39.204,Smooth spline (smoothing 0.6),COUN,22965,2,0,0,0,0,0,1,0,0,7,0,0,1,0,4,2,0,0,4,0,0,0,4,0,0,0,0,0,0,0,1,0,0,0,0,0,0,0,0,0,4,37,0,0,0,1,0,1,0,0,0,0,0,0,0,0,0,0,0,0,0,0,0,0,0,0,0,0,0,0,1,0,0,0,0,0,0,0,0,0,0,0,0,0,0,0,0,0,0,0,0,0,0,2,0,147,0,1,0,0,1,21,0,0,21,1,0,0,0,0,0,1,0,0,1,0,0,0,0,0,0,0,0,0,0,1,0,0,0,0,0,0,0,0,0,9,0,10,0,0,0,0,1,0,0,0,0,0,0,0
31,MD04-2845,1100,35485.3,36165,35848.6,39.14,Smooth spline (smoothing 0.6),COUN,22966,0,0,0,2,0,0,0,0,0,12,1,6,3,0,6,0,0,0,2,0,0,0,4,0,1,0,0,0,0,0,4,0,0,0,0,0,0,0,0,0,2,14,0,0,6,0,0,4,0,0,0,0,0,0,0,0,0,0,0,0,0,2,0,0,0,0,2,0,0,0,0,0,0,0,0,0,0,0,0,0,0,0,0,1,0,0,0,0,0,0,0,0,0,2,0,183,0,1,0,0,1,19,0,0,22,1,0,0,0,0,0,0,0,0,0,0,0,0,1,0,0,0,0,0,0,0,0,0,0,0,0,0,0,0,0,0,0,13,0,0,0,0,0,0,0,0,0,0,0,0
31,MD04-2845,1110,35824.7,36587.9,36239.2,38.918,Smooth spline (smoothing 0.6),COUN,22968,3,0,0,0,0,0,0,0,0,3,0,4,2,0,4,0,0,0,4,0,0,1,3,0,0,0,0,0,0,0,1,0,0,0,0,0,0,2,0,0,1,29,0,0,5,1,0,6,0,0,0,1,0,0,0,0,0,0,0,0,0,0,0,0,0,0,0,0,0,0,0,0,0,0,0,0,0,0,0,0,0,0,0,0,0,0,0,0,0,0,0,0,0,3,0,528,0,1,0,0,6,14,1,0,10,0,0,0,0,0,0,1,0,0,0,0,0,0,0,0,0,0,0,0,0,0,0,0,0,0,0,0,0,0,0,0,0,8,0,0,0,0,0,0,0,0,0,0,0,0
31,MD04-2845,1120,36164.2,37006.1,36626.9,38.572,Smooth spline (smoothing 0.6),COUN,22970,4,0,0,0,0,0,2,0,0,1,0,3,0,0,2,0,0,0,2,0,0,0,4,0,3,0,1,0,0,0,1,0,0,0,0,0,0,1,0,0,3,31,0,0,1,0,0,10,0,0,0,0,0,0,1,0,0,1,0,0,0,1,0,0,0,0,1,0,0,0,0,0,0,0,0,0,0,0,0,0,0,0,0,0,0,0,0,1,0,0,0,0,0,1,0,871,0,0,0,0,1,14,0,0,17,0,0,0,0,0,0,0,1,0,0,0,0,0,0,0,0,0,0,0,0,0,0,0,0,0,0,0,0,0,0,0,0,13,0,0,0,0,0,1,0,0,0,0,0,0
31,MD04-2845,1130,36503.9,37422.7,37010.6,38.102,Smooth spline (smoothing 0.6),COUN,22972,1,0,0,1,0,0,0,0,0,9,1,4,4,0,2,0,0,0,5,2,0,0,4,0,1,0,0,0,0,0,4,0,0,0,0,0,0,2,0,0,0,15,0,0,0,0,0,7,0,0,2,0,0,0,0,0,0,0,0,0,0,0,0,0,0,0,2,0,0,0,0,0,0,0,0,0,0,0,0,0,0,0,0,0,0,0,0,0,0,0,0,0,0,0,0,335,0,1,0,0,1,18,0,0,8,1,0,0,0,0,0,6,0,0,0,0,0,0,0,0,0,0,0,0,0,0,0,0,0,0,0,0,0,0,0,0,0,12,0,0,0,0,0,0,0,0,0,0,0,0
31,MD04-2845,1140,36847.2,37830.6,37389,37.509,Smooth spline (smoothing 0.6),COUN,22974,0,0,0,3,0,0,1,0,0,5,0,3,0,0,3,1,0,0,14,1,0,0,2,0,1,0,2,0,0,0,2,0,0,0,0,0,0,0,0,0,1,27,0,0,1,0,0,1,0,0,0,0,0,0,0,0,1,0,0,0,0,1,0,0,0,0,4,0,0,0,1,0,0,0,0,0,0,0,0,0,0,0,0,0,0,0,0,0,0,0,0,0,0,1,0,210,0,2,0,0,0,21,1,0,5,0,0,0,0,0,0,0,0,0,0,0,0,0,0,0,0,0,0,0,0,0,0,0,0,0,0,0,0,0,0,0,0,8,0,0,0,0,0,0,0,0,0,0,0,0
31,MD04-2845,1150,37190.2,38238.7,37761.6,37.006,Smooth spline (smoothing 0.6),COUN,22976,2,0,0,0,0,0,1,0,0,9,0,4,1,0,5,0,0,0,4,0,0,0,4,0,2,0,0,0,0,0,2,0,0,0,0,0,0,1,0,0,3,17,0,0,3,1,0,3,0,0,0,0,0,0,0,0,0,0,0,0,0,1,0,0,0,0,1,0,0,0,0,0,0,0,0,0,0,0,0,0,0,0,1,0,1,0,0,0,0,0,0,0,0,4,0,312,0,4,0,0,2,8,1,0,28,1,0,0,0,0,0,1,0,0,1,0,0,0,0,0,3,0,0,0,0,0,0,0,0,0,0,0,0,0,0,2,0,14,0,1,0,0,2,0,0,0,0,0,0,0
31,MD04-2845,1160,37539,38640.3,38130.4,36.771,Smooth spline (smoothing 0.6),COUN,22978,1,0,0,3,0,0,3,0,0,19,0,2,1,0,1,2,0,0,5,0,0,1,1,0,1,0,0,0,0,0,1,0,0,0,0,0,0,0,0,0,2,24,0,0,6,0,0,0,0,0,0,0,0,0,0,0,0,0,0,0,0,2,0,2,0,0,0,0,0,0,1,0,0,0,0,0,0,0,0,0,0,0,1,0,0,0,0,0,0,0,0,0,0,0,0,206,0,0,0,0,1,19,0,0,30,0,1,0,0,0,0,1,0,0,0,0,1,0,0,0,1,0,0,0,0,0,0,0,0,0,0,0,0,0,0,3,0,2,0,0,0,0,0,0,0,0,0,0,0,0
31,MD04-2845,1170,37892.1,39043.9,38498,36.803,Smooth spline (smoothing 0.6),COUN,22980,0,0,0,0,0,0,0,0,0,19,0,0,1,0,0,1,0,0,7,0,0,0,3,0,0,0,1,0,0,0,2,0,0,0,0,0,0,0,0,0,2,15,0,0,6,0,0,4,0,0,0,0,0,0,0,0,0,0,0,0,0,2,0,0,0,0,0,0,0,0,0,0,0,0,0,0,0,0,0,0,0,0,0,0,0,0,0,0,0,0,0,0,0,3,0,116,0,2,0,0,1,23,0,0,14,0,0,0,0,0,0,1,0,0,0,0,0,0,1,0,0,0,0,0,0,0,0,0,0,0,0,0,0,0,0,0,0,10,0,0,0,0,0,0,0,0,0,0,0,0
31,MD04-2845,1180,38250.7,39447.2,38867.2,37.102,Smooth spline (smoothing 0.6),COUN,22982,0,0,0,1,0,0,3,0,0,20,0,6,0,0,1,0,0,0,12,0,0,0,0,1,0,0,0,0,0,0,3,0,0,0,0,0,0,0,0,0,0,13,0,0,0,0,0,8,0,0,0,0,1,0,0,0,0,0,0,0,0,0,0,0,0,0,0,0,0,0,0,0,0,0,0,0,0,0,0,0,0,0,2,0,0,0,0,0,0,0,0,0,0,1,0,88,0,0,0,0,1,18,0,0,13,0,0,0,0,0,0,0,0,0,1,0,0,0,0,0,0,0,0,0,0,0,0,0,0,0,0,0,0,0,0,0,0,10,0,0,0,0,0,0,0,0,0,0,0,0
31,MD04-2845,1190,38622.5,39861.6,39240.6,37.669,Smooth spline (smoothing 0.6),COUN,22984,0,0,0,0,0,0,2,0,0,19,0,2,2,0,0,0,0,0,39,1,0,0,2,0,0,1,0,0,0,0,3,0,0,0,0,0,0,1,0,0,1,6,0,0,0,0,0,1,0,0,0,0,0,0,1,0,0,0,0,0,0,0,0,0,0,0,0,0,0,0,0,0,0,0,0,0,0,0,0,0,0,0,0,0,0,0,0,0,0,0,0,0,0,0,0,29,0,2,0,0,0,14,0,0,15,0,0,0,0,0,0,2,0,0,0,0,0,0,0,0,0,0,0,0,0,0,0,0,0,0,0,0,1,0,0,1,0,2,0,1,0,0,0,0,0,0,0,0,0,0
31,MD04-2845,1199,38967.7,40232.8,39582.4,38.408,Smooth spline (smoothing 0.6),COUN,22986,0,0,0,1,0,0,0,0,0,17,0,2,1,0,0,0,0,0,27,0,0,0,2,0,0,0,0,0,0,0,3,0,0,0,0,0,0,0,0,0,0,8,0,0,0,0,0,2,0,0,0,0,0,0,0,0,0,0,0,0,0,0,0,0,0,0,0,0,0,0,0,0,0,0,0,0,0,0,0,0,0,0,0,0,0,0,0,0,0,0,0,0,0,0,0,37,0,0,0,0,1,31,0,0,12,0,0,0,0,0,0,0,0,0,2,0,0,0,0,0,1,0,0,0,0,1,0,0,0,0,0,0,0,0,0,7,0,2,0,2,0,0,0,0,0,0,0,0,0,0
31,MD04-2845,1210,39399,40697.2,40010.6,39.606,Smooth spline (smoothing 0.6),COUN,22989,0,0,0,0,0,0,0,0,0,6,0,1,0,0,2,0,0,0,15,0,0,0,5,0,1,0,0,0,0,0,2,0,0,0,0,0,0,1,0,0,0,28,0,0,6,0,0,3,0,0,0,0,0,0,0,0,0,0,0,0,0,1,0,0,0,0,0,0,0,0,0,0,1,0,0,0,0,0,0,0,0,0,0,0,0,0,0,0,0,0,0,0,0,1,0,130,0,0,0,0,0,20,0,0,21,1,0,0,0,0,0,0,0,0,0,0,0,0,0,0,0,0,0,0,0,0,0,0,0,0,0,0,0,0,0,15,0,11,0,0,0,0,0,0,0,0,0,0,0,0
31,MD04-2845,1220,39803.8,41125.7,40412.6,40.975,Smooth spline (smoothing 0.6),COUN,22991,0,0,0,1,0,0,0,0,0,11,1,1,0,0,0,0,0,0,24,0,0,0,2,0,0,0,0,0,0,0,2,0,0,0,0,0,0,0,0,0,0,29,0,0,0,1,0,5,0,0,0,0,0,0,0,0,0,0,0,0,0,0,0,0,0,0,1,0,0,0,0,0,1,0,0,0,0,0,0,0,0,0,0,0,0,0,0,0,0,0,0,0,0,2,0,90,0,1,0,0,1,11,0,0,7,0,0,0,0,0,0,0,0,0,0,0,0,0,0,0,1,0,0,0,0,0,0,0,0,0,0,0,0,0,0,3,0,8,0,0,0,0,0,0,0,0,0,0,0,0
31,MD04-2845,1230,40223.5,41572.6,40829.4,42.611,Smooth spline (smoothing 0.6),COUN,22993,0,0,0,0,0,0,1,0,0,6,0,1,1,0,0,0,0,0,7,0,0,0,0,0,2,0,0,0,0,0,2,0,0,0,0,0,0,0,0,0,0,29,0,0,7,1,0,7,0,0,0,0,0,0,0,0,0,0,0,0,0,1,0,0,0,0,1,0,0,0,0,0,0,0,0,0,0,0,0,0,0,0,0,0,0,0,0,0,0,0,0,0,0,0,0,247,0,1,0,0,2,16,0,0,7,0,0,0,0,0,0,0,0,0,0,0,0,0,0,0,0,0,0,0,0,0,0,0,0,0,0,0,0,0,0,6,0,16,0,0,0,0,1,0,0,0,0,0,0,0
31,MD04-2845,1240,40663.7,42027.3,41263.9,44.515,Smooth spline (smoothing 0.6),COUN,22995,1,0,0,0,0,0,0,0,0,5,0,1,1,0,2,0,0,0,17,0,0,0,2,0,1,0,0,0,0,0,0,0,0,0,0,0,0,0,0,0,0,28,0,0,0,0,0,11,0,0,0,0,0,0,0,0,0,0,0,0,0,2,0,1,0,0,0,0,0,0,0,0,0,0,0,0,0,0,0,0,0,0,0,0,0,0,0,0,0,0,0,0,0,0,0,434,0,2,0,0,1,13,0,0,3,0,0,0,0,0,0,2,0,0,0,0,0,0,0,0,0,0,0,0,0,1,0,0,0,0,0,0,0,0,0,0,0,11,0,0,0,0,0,0,0,0,0,0,0,0
31,MD04-2845,1250,41119,42495.5,41718.6,46.687,Smooth spline (smoothing 0.6),COUN,22997,2,0,0,1,1,0,1,0,0,5,0,3,1,0,4,0,0,0,15,0,0,0,2,0,1,0,1,0,0,0,2,0,0,0,0,0,0,0,0,0,0,10,0,0,0,0,0,6,0,0,0,0,0,0,0,0,0,0,0,0,0,2,0,0,0,0,0,0,0,0,0,0,0,0,0,0,0,0,0,0,0,0,1,0,0,0,0,1,0,0,0,0,0,2,0,404,0,3,0,0,4,7,0,0,10,1,0,0,0,0,0,5,1,0,1,0,1,0,0,0,0,0,0,0,0,0,0,0,0,0,0,0,0,0,0,3,0,13,0,2,0,0,0,0,0,0,0,0,0,1
31,MD04-2845,1260,41594.8,42984.3,42196.2,49.125,Smooth spline (smoothing 0.6),COUN,22999,0,0,0,1,0,0,0,0,0,9,0,3,0,0,0,0,0,0,15,0,0,0,4,0,2,0,3,0,0,0,1,0,0,0,0,0,0,0,0,0,2,13,0,0,0,0,0,8,0,0,0,0,0,0,0,0,0,0,0,0,0,1,0,0,0,0,0,0,0,0,0,0,0,0,0,0,0,0,0,0,0,0,0,0,0,0,0,0,0,0,0,0,0,1,0,366,0,1,0,0,4,12,1,0,8,1,0,0,0,0,0,3,0,0,0,0,0,0,0,1,0,0,0,0,0,0,0,0,0,0,0,0,0,0,0,1,0,18,0,0,0,0,0,0,0,0,0,0,0,0
31,MD04-2845,1280,42603.6,44004.1,43226.3,54.072,Smooth spline (smoothing 0.6),COUN,23003,0,0,0,2,0,0,0,0,0,21,0,3,4,0,0,0,0,0,13,0,0,0,4,0,2,0,0,0,0,0,2,0,0,0,0,0,0,0,0,0,0,8,0,0,1,0,0,10,0,0,0,0,0,0,0,0,0,0,0,0,0,3,0,3,0,0,2,0,0,0,0,0,1,0,0,0,0,0,0,0,0,0,0,0,0,0,0,0,0,0,0,0,0,1,0,439,0,7,0,0,0,4,1,0,6,0,0,0,0,0,0,4,0,0,0,0,0,0,0,0,0,0,0,0,0,2,0,0,0,0,0,0,0,0,0,0,0,4,0,1,0,0,0,0,2,0,0,0,0,0
31,MD04-2845,1290,43146.3,44545.9,43777.6,56.424,Smooth spline (smoothing 0.6),COUN,23005,0,0,0,0,0,0,1,0,0,14,0,3,1,0,1,0,0,0,17,0,0,1,1,0,0,0,0,0,0,0,0,0,0,0,0,0,0,0,0,1,0,10,0,0,1,0,0,10,0,0,0,0,0,0,0,0,0,0,0,0,0,2,0,1,0,0,0,0,0,0,0,0,0,0,0,0,0,0,0,0,0,0,0,0,0,0,0,0,0,0,0,0,0,2,0,432,0,4,0,0,1,8,0,0,4,0,0,0,0,0,0,6,2,0,1,0,0,0,0,1,0,0,0,0,0,0,0,0,0,0,0,0,0,0,0,2,0,12,0,0,0,1,0,0,0,0,0,0,0,0
31,MD04-2845,1300,43707.6,45103.6,44351.8,58.585,Smooth spline (smoothing 0.6),COUN,23007,0,0,0,0,0,0,2,0,0,3,0,3,1,0,2,0,0,0,5,0,0,0,1,0,1,0,0,0,0,0,2,0,0,0,0,0,0,0,0,1,0,11,0,0,1,0,0,5,0,0,0,0,0,0,0,0,0,0,0,0,0,3,0,1,0,0,0,0,0,0,0,0,0,0,0,0,0,0,0,0,0,0,0,0,0,0,0,0,0,0,0,0,0,2,0,419,0,1,0,0,1,8,0,0,3,0,0,0,0,0,0,2,2,0,0,0,0,0,0,0,0,0,0,0,0,0,0,0,0,0,0,0,0,0,0,11,0,8,0,1,0,0,0,0,0,0,0,0,0,0
31,MD04-2845,1310,44288.8,45686,44946.4,60.467,Smooth spline (smoothing 0.6),COUN,23009,0,0,0,0,0,0,1,0,0,18,0,1,6,0,1,0,0,0,14,0,0,1,3,0,0,0,0,0,0,0,2,0,0,0,0,0,0,0,0,2,0,17,0,0,2,0,0,4,0,0,0,0,0,0,0,0,0,0,0,0,0,1,0,0,0,0,0,0,0,0,0,0,0,0,0,0,0,0,0,0,0,0,1,0,0,0,0,0,0,0,0,0,0,1,0,676,0,2,0,0,4,12,0,0,6,0,0,0,0,0,0,3,2,0,0,0,0,0,0,0,0,0,0,0,0,0,0,0,0,0,0,0,0,0,0,0,0,9,0,0,0,0,0,0,0,0,0,0,0,0
31,MD04-2845,1320,44882.2,46284.8,45558.5,62.069,Smooth spline (smoothing 0.6),COUN,23011,0,0,0,1,0,0,1,0,0,8,0,1,12,0,0,0,0,0,5,0,0,0,2,0,0,0,1,0,0,0,2,0,0,0,0,0,0,0,0,0,0,35,0,0,2,0,0,2,0,0,0,0,0,0,0,0,0,0,0,0,0,1,0,0,0,0,0,0,0,0,0,0,0,0,0,0,0,0,0,0,0,0,1,0,0,0,0,0,0,0,0,0,0,0,0,358,0,0,0,0,0,14,1,0,5,0,0,0,0,0,0,1,0,0,1,0,0,0,0,0,0,0,1,0,0,1,0,0,0,0,0,0,0,0,0,5,0,6,0,1,0,0,0,0,0,0,0,0,0,0
31,MD04-2845,1330,45497.7,46906.6,46185.4,63.392,Smooth spline (smoothing 0.6),COUN,23013,1,0,0,1,0,0,0,0,0,3,0,0,17,0,1,0,0,0,10,0,0,0,1,0,0,0,0,0,0,0,0,0,0,0,0,0,0,0,0,0,0,30,0,0,0,0,0,6,0,0,0,0,0,0,0,0,0,0,0,0,0,1,0,3,0,0,0,0,0,0,0,0,0,0,0,0,0,0,0,0,0,0,0,0,0,0,0,0,0,0,0,0,0,0,0,787,0,0,0,0,0,10,0,0,9,0,0,0,0,0,0,5,1,0,0,0,0,0,0,0,0,0,0,0,0,0,0,0,0,0,0,0,0,0,0,4,0,9,1,1,0,0,1,0,0,0,0,0,0,0
31,MD04-2845,1340,46115.3,47545.6,46824.2,64.451,Smooth spline (smoothing 0.6),COUN,23015,0,0,0,1,0,0,2,0,0,0,0,1,1,0,0,0,0,0,10,0,0,0,2,0,0,0,0,0,0,0,1,0,0,0,0,0,0,0,0,0,1,26,0,0,0,0,0,17,0,0,0,0,0,0,0,0,0,0,0,0,0,0,0,1,0,0,0,0,0,0,0,0,0,0,0,0,0,0,0,0,0,0,0,0,0,0,0,0,0,0,0,0,0,1,0,482,0,1,0,0,1,16,0,0,6,0,0,0,0,0,0,3,1,0,0,0,0,0,0,0,0,0,0,0,0,0,0,0,0,0,0,0,0,0,0,1,0,13,0,1,0,0,0,0,0,0,0,0,0,0
31,MD04-2845,1350,46726.2,48201.6,47472.8,65.333,Smooth spline (smoothing 0.6),COUN,23017,4,0,0,2,0,0,2,0,0,6,0,0,2,0,5,0,0,0,8,0,0,2,4,0,0,1,0,0,0,0,0,0,0,0,0,0,0,2,0,0,0,26,0,0,3,0,0,2,0,0,0,0,0,0,0,0,0,0,0,0,0,0,0,0,0,0,1,0,0,0,0,0,0,0,0,0,0,0,0,0,0,1,0,0,0,0,0,0,0,0,0,0,0,2,0,442,0,3,0,0,9,6,0,0,14,1,0,0,0,0,0,2,0,0,0,0,0,0,0,0,0,0,0,0,0,0,0,0,0,0,0,0,0,0,0,16,0,13,0,0,0,0,0,0,0,0,0,0,0,0
31,MD04-2845,1360,47350,48869.6,48129.5,66.047,Smooth spline (smoothing 0.6),COUN,23019,1,0,0,0,0,0,2,0,0,7,0,2,2,0,0,0,0,0,5,0,0,0,0,0,0,0,0,0,0,0,2,0,0,0,0,0,0,0,0,0,1,29,0,0,1,0,0,3,0,0,0,0,0,0,0,0,0,0,0,0,0,0,0,0,0,0,2,0,0,0,0,0,0,0,0,0,0,0,0,0,0,0,0,0,0,0,0,0,0,0,0,0,0,2,0,133,0,1,0,0,1,20,0,0,10,0,0,0,0,0,0,1,0,0,1,0,0,0,0,0,0,0,0,0,0,0,0,0,0,0,0,0,0,0,0,10,0,18,0,1,0,0,0,0,0,0,0,0,0,0
31,MD04-2845,1370,47974.5,49543,48792.6,66.595,Smooth spline (smoothing 0.6),COUN,23021,0,0,0,0,0,0,0,0,0,14,0,1,3,0,0,0,0,0,20,0,0,0,8,0,0,0,0,0,0,0,4,0,0,0,0,0,0,0,0,0,0,11,0,0,0,1,0,3,0,0,0,0,0,0,0,0,0,0,0,0,0,1,0,0,0,0,0,0,0,0,0,0,0,0,0,0,0,0,0,0,0,0,1,0,0,0,0,0,0,0,0,0,0,3,0,53,0,3,0,0,1,12,2,0,0,1,0,0,0,0,0,2,0,0,0,0,0,0,0,0,0,0,0,0,0,0,0,0,0,0,0,0,0,0,0,0,0,7,0,0,0,0,0,0,0,0,0,0,0,0
31,MD04-2845,1380,48604.1,50230.5,49460.4,66.976,Smooth spline (smoothing 0.6),COUN,23023,0,0,0,0,0,0,0,1,0,14,0,2,2,0,0,0,0,0,33,0,0,0,2,0,0,0,0,0,0,0,1,0,0,0,0,0,0,0,0,1,0,8,0,0,0,2,0,2,0,0,0,0,0,0,0,0,0,0,0,0,0,2,0,0,0,0,1,0,0,0,0,0,0,0,0,0,0,0,0,0,0,0,3,0,0,0,0,0,0,0,0,0,0,1,0,116,0,3,0,0,1,16,1,0,6,0,0,0,0,0,0,0,0,0,0,0,0,0,0,0,0,0,0,0,0,0,0,0,0,0,0,0,0,0,0,0,0,5,0,1,0,0,0,0,0,0,0,0,0,0
31,MD04-2845,1390,49215.4,50923.7,50131.3,67.189,Smooth spline (smoothing 0.6),COUN,23025,1,0,0,2,0,0,0,0,0,0,0,0,2,0,0,0,0,0,9,0,0,0,2,0,0,0,0,0,0,0,0,0,0,0,0,0,0,0,0,0,0,27,0,0,0,0,0,10,0,0,0,0,0,0,0,0,0,1,0,0,0,0,0,1,0,0,0,0,0,0,0,0,0,0,0,0,0,0,0,0,0,0,0,0,0,0,0,0,0,0,0,0,0,2,0,347,0,1,0,0,1,10,0,0,6,0,0,0,0,0,0,2,1,0,0,0,0,0,0,0,0,0,0,0,0,0,0,0,0,0,0,0,0,0,0,3,0,4,0,0,0,0,0,0,0,0,0,0,0,0
31,MD04-2845,1400,49839.8,51627.3,50803.5,67.236,Smooth spline (smoothing 0.6),COUN,23027,0,0,0,1,0,0,1,0,0,1,0,1,0,0,1,1,0,0,11,0,0,0,1,0,0,0,0,0,0,0,1,0,0,0,0,0,0,0,0,0,1,38,0,0,0,1,0,11,0,0,1,0,0,0,0,0,0,0,0,0,0,0,0,0,0,0,1,0,0,0,0,0,1,0,0,0,0,0,0,0,0,0,0,0,0,0,0,0,0,0,0,0,0,4,0,502,0,2,0,0,1,10,0,0,10,0,0,0,0,0,0,1,0,0,0,0,0,0,0,0,0,0,0,0,0,0,0,0,0,0,0,0,0,0,0,12,0,12,0,1,0,0,0,0,0,0,0,0,0,0
31,MD04-2845,1410,50451.5,52329.7,51475.5,67.116,Smooth spline (smoothing 0.6),COUN,23029,0,0,0,0,0,0,3,0,0,1,0,2,2,0,0,0,0,0,6,0,0,0,2,0,0,0,0,0,0,0,1,0,0,0,0,0,0,0,0,0,1,35,0,0,0,0,0,11,0,0,0,0,0,0,0,0,0,0,0,0,0,2,0,1,0,1,2,0,0,0,0,0,0,0,0,0,0,0,0,0,0,0,0,0,0,0,0,0,0,0,0,0,0,1,0,381,0,3,0,0,1,19,0,0,3,0,0,0,0,0,0,3,0,0,0,0,0,0,0,0,0,0,0,0,0,1,0,0,0,0,0,0,2,0,0,2,0,3,0,2,0,0,0,0,0,0,0,0,0,0
31,MD04-2845,1420,51054.3,53029,52145.5,66.828,Smooth spline (smoothing 0.6),COUN,23031,2,0,0,0,0,0,0,0,0,12,0,0,5,0,2,0,0,0,6,0,0,0,0,0,0,0,0,0,0,0,4,0,0,0,0,0,0,0,0,0,1,39,0,0,1,1,0,7,0,0,0,0,0,0,0,0,0,0,0,0,0,0,0,0,0,0,0,0,0,0,0,0,0,0,0,0,0,0,0,0,0,0,0,0,0,0,0,0,0,0,0,0,0,0,0,483,0,3,0,0,0,10,0,0,4,0,0,0,0,0,0,1,1,0,0,0,0,0,0,0,0,0,0,0,0,0,0,0,0,0,0,0,0,0,0,4,0,7,0,0,0,0,1,0,0,0,0,0,0,0
31,MD04-2845,1430,51657.7,53729.8,52811.8,66.374,Smooth spline (smoothing 0.6),COUN,23033,0,0,0,0,0,0,2,0,0,8,0,1,21,0,0,0,0,0,3,0,0,0,0,0,1,0,0,0,0,0,2,0,0,0,0,0,0,0,0,0,2,25,0,0,0,0,0,6,0,0,0,0,0,0,0,0,0,0,0,0,0,3,0,0,0,0,0,0,0,0,0,0,0,0,0,0,0,0,0,0,0,0,0,0,0,0,0,0,0,0,0,0,0,0,0,538,0,2,0,0,0,16,0,0,7,1,0,0,0,0,0,2,0,0,0,0,0,0,0,0,0,0,0,0,0,0,0,0,0,0,0,0,0,0,0,6,0,6,0,0,0,0,0,0,0,0,0,0,0,0
31,MD04-2845,1440,52239,54410.9,53472.9,65.753,Smooth spline (smoothing 0.6),COUN,23035,0,0,0,0,0,0,2,0,0,5,0,1,44,0,0,0,0,0,4,0,0,0,0,0,0,0,0,0,0,0,0,0,0,0,0,0,0,1,0,0,1,16,0,0,0,1,0,5,0,0,0,0,0,0,0,0,0,0,0,0,0,0,0,0,0,0,0,0,0,0,0,0,0,0,0,0,0,0,0,0,0,1,0,0,0,0,0,0,0,0,0,0,0,0,0,792,0,1,0,0,0,13,0,0,9,0,0,0,0,0,0,7,1,0,0,0,0,0,1,0,0,0,0,0,0,1,0,0,0,0,0,0,0,0,0,1,0,2,0,0,0,0,0,0,0,0,0,0,0,0
31,MD04-2845,1450,52825,55094.9,54127,64.965,Smooth spline (smoothing 0.6),COUN,23037,0,0,0,0,0,0,3,0,0,7,0,1,21,0,2,0,0,0,4,0,0,1,0,0,0,0,0,0,0,0,1,0,0,0,0,0,0,1,0,2,1,32,0,0,1,1,0,4,0,0,0,0,0,0,0,0,0,0,0,0,0,1,0,1,0,0,0,0,0,0,0,0,0,0,0,0,0,0,0,0,0,0,0,0,0,0,0,0,0,0,0,0,0,0,0,650,0,1,0,0,0,11,0,0,9,0,0,1,0,0,0,7,4,0,0,0,0,0,0,0,0,0,0,0,0,0,0,0,0,0,0,0,0,0,0,3,0,5,0,0,0,0,0,0,0,0,0,0,0,0
31,MD04-2845,1460,53394.8,55772.9,54772.5,64.014,Smooth spline (smoothing 0.6),COUN,23039,2,0,0,0,0,0,0,0,0,2,0,2,2,0,0,0,0,0,2,0,0,2,0,0,0,0,0,0,0,0,2,0,0,0,0,0,0,0,0,0,3,36,0,0,1,2,0,5,0,0,0,0,0,0,0,0,0,0,0,0,0,1,0,0,0,0,0,0,0,0,0,0,0,0,0,0,0,0,0,0,0,0,0,0,0,0,0,0,0,0,0,0,0,4,0,412,0,1,0,0,1,18,0,0,20,0,0,0,0,0,0,1,1,0,0,0,0,0,0,0,0,0,0,0,0,0,0,0,0,0,0,0,0,0,0,9,0,12,0,1,0,0,0,0,0,0,0,0,0,0
31,MD04-2845,1470,53960.3,56445.6,55407.8,62.905,Smooth spline (smoothing 0.6),COUN,23041,3,0,0,0,0,0,3,0,0,6,0,5,1,0,0,0,0,0,4,0,0,0,2,0,1,0,0,0,0,0,2,0,0,0,0,0,0,3,0,0,2,32,0,0,0,0,0,3,0,0,0,0,0,0,0,0,0,0,0,0,0,2,0,0,0,0,2,0,0,0,0,0,0,0,0,0,0,0,0,0,0,0,0,0,0,0,0,0,0,0,0,0,0,0,0,250,0,2,0,0,0,19,0,0,11,0,0,0,0,0,0,1,1,0,0,0,0,0,0,0,1,0,0,0,0,0,0,0,0,0,0,0,0,0,0,7,0,6,0,0,0,0,1,0,0,0,0,0,0,0
31,MD04-2845,1480,54520.6,57104.5,56031.3,61.636,Smooth spline (smoothing 0.6),COUN,23043,1,0,0,0,0,0,0,0,0,1,0,1,2,0,1,0,1,0,4,0,0,1,0,0,0,0,0,0,0,0,1,0,0,0,0,0,0,0,0,0,1,33,0,0,3,0,0,2,0,0,0,0,0,0,0,0,0,0,0,0,0,1,0,1,0,0,0,0,0,0,0,0,0,0,0,0,0,0,0,0,0,1,0,0,0,0,0,0,0,0,0,0,0,3,0,1198,0,1,1,0,10,4,0,0,26,1,0,0,0,0,0,1,0,0,0,0,0,0,0,0,0,0,0,0,0,0,0,0,0,0,0,0,1,0,0,12,0,25,0,0,0,0,1,0,0,0,0,0,0,0
31,MD04-2845,1485,54798.2,57423.9,56338.1,60.941,Smooth spline (smoothing 0.6),COUN,23044,2,0,0,1,0,0,3,0,0,3,0,0,11,0,1,1,0,0,5,0,0,1,1,0,0,0,0,0,0,0,2,0,0,0,0,0,0,0,0,0,4,25,0,0,1,1,0,7,0,0,0,0,0,0,0,0,0,0,0,0,0,1,0,0,0,0,1,0,0,0,0,0,0,0,0,0,0,0,0,0,0,0,0,0,0,0,0,0,0,0,0,0,0,0,0,480,0,4,0,0,0,10,0,0,14,0,0,0,0,0,0,9,1,0,1,0,0,0,1,0,0,0,0,0,0,0,0,0,0,0,0,0,0,0,0,5,0,5,0,0,0,0,0,0,0,0,0,0,0,0
31,MD04-2845,1490,55072.4,57741.5,56641.4,60.207,Smooth spline (smoothing 0.6),COUN,23045,1,0,0,0,0,0,0,0,0,3,1,1,7,0,1,1,0,0,4,0,0,1,1,0,0,0,0,0,0,0,1,0,0,0,0,0,0,0,0,0,0,32,0,0,1,0,0,6,0,0,2,0,0,0,0,0,0,0,0,0,0,5,0,1,0,0,0,0,0,0,0,0,0,0,0,0,0,0,0,0,0,0,0,0,0,0,0,0,0,0,0,0,0,0,0,645,0,1,0,0,0,13,0,0,4,0,0,0,0,0,0,5,2,0,1,0,0,0,0,0,0,0,0,0,0,1,0,0,0,0,0,0,0,0,0,5,0,14,0,0,0,0,0,0,0,0,0,0,0,0
31,MD04-2845,1495,55346.2,58067.2,56940.9,59.434,Smooth spline (smoothing 0.6),COUN,23046,0,0,0,1,0,0,0,0,0,4,1,0,8,0,0,0,0,0,3,0,0,0,0,0,0,0,0,0,0,0,1,0,0,0,0,0,0,2,0,0,6,27,0,0,2,0,0,8,0,0,0,1,0,0,1,0,0,0,0,0,0,1,0,1,0,0,0,0,0,0,0,0,0,0,0,0,0,0,0,0,0,0,0,0,0,0,0,1,0,0,0,0,0,1,0,670,0,0,0,0,1,10,0,0,8,0,0,0,0,0,0,11,0,0,0,0,0,0,2,0,0,0,0,0,0,0,0,0,0,0,0,0,0,0,0,5,0,7,0,0,0,0,0,0,1,0,0,0,0,0
31,MD04-2845,1500,55614.2,58395,57236.4,58.62,Smooth spline (smoothing 0.6),COUN,23047,0,1,0,0,0,0,1,0,0,9,0,2,21,0,0,1,0,0,2,0,0,0,0,0,1,0,0,0,0,0,1,0,0,0,0,0,0,0,0,0,4,22,0,0,3,0,0,8,0,0,0,0,0,0,0,0,0,0,0,0,0,1,0,0,0,0,1,0,0,0,0,0,0,0,0,0,0,0,0,0,0,0,0,0,0,0,0,0,0,0,0,0,0,1,0,288,0,2,0,0,0,13,0,0,3,0,0,0,0,0,0,2,3,0,0,0,0,0,0,0,0,0,0,0,0,0,0,0,0,0,0,0,0,0,0,3,0,7,0,0,0,0,0,0,0,0,0,0,0,0
31,MD04-2845,1505,55875.2,58719.7,57527.8,57.767,Smooth spline (smoothing 0.6),COUN,23048,0,0,0,0,0,0,1,0,0,4,0,0,5,0,0,1,0,0,7,0,0,0,1,0,0,0,1,0,0,0,1,0,0,0,0,0,0,0,0,0,5,30,0,0,3,2,0,4,0,0,0,0,0,0,0,0,0,0,0,0,0,1,0,0,0,0,1,0,0,0,0,0,0,0,0,0,0,0,0,0,0,0,0,0,0,0,0,0,0,0,0,0,0,0,0,476,0,6,0,0,1,12,0,0,8,0,0,0,0,0,0,4,3,0,0,0,0,0,0,0,0,0,0,0,0,0,0,0,0,0,0,0,1,0,0,4,0,8,0,0,0,0,0,0,0,0,0,0,0,0
31,MD04-2845,1510,56144.2,59038.8,57814.9,56.874,Smooth spline (smoothing 0.6),COUN,23049,0,0,0,1,0,0,1,0,0,8,0,1,4,0,1,0,0,0,7,0,0,0,1,0,0,0,0,0,0,0,0,0,0,0,0,0,0,0,0,0,4,36,0,0,3,0,0,3,0,0,0,0,0,0,0,0,1,0,0,0,0,1,0,0,0,0,0,0,0,0,0,0,0,0,0,0,0,0,0,0,0,1,0,0,0,0,0,0,0,0,0,0,0,1,0,523,0,1,0,0,9,2,0,0,13,1,0,0,0,0,0,2,0,0,0,0,0,0,0,1,0,0,0,0,0,0,0,0,0,0,0,0,0,0,0,9,0,13,0,0,0,0,0,0,0,0,0,0,0,0
31,MD04-2845,1550,58218.5,61586.9,59976.9,51.823,Smooth spline (smoothing 0.6),COUN,23057,1,0,0,0,0,0,0,0,0,24,0,1,2,0,1,0,0,0,4,0,0,0,1,0,0,0,0,0,0,0,2,0,0,0,0,0,0,2,0,0,2,21,0,0,4,1,0,2,0,0,0,0,0,0,0,0,0,0,0,0,0,5,0,0,0,1,1,0,0,0,0,0,0,0,0,0,0,0,0,0,0,0,1,0,0,0,0,0,0,0,0,0,0,3,0,255,0,2,0,0,0,11,0,0,11,0,0,0,0,0,0,3,0,0,0,0,0,0,0,0,0,0,0,0,0,0,0,0,0,1,0,0,0,0,0,14,0,8,0,0,0,0,0,0,0,0,0,0,0,0
31,MD04-2845,1560,58732.9,62216.6,60492.3,51.237,Smooth spline (smoothing 0.6),COUN,23059,0,0,0,1,0,0,2,0,0,14,0,1,2,0,2,0,0,0,14,0,0,1,2,0,1,0,0,0,0,0,4,0,0,0,0,1,0,1,0,0,1,19,0,0,4,0,0,3,0,0,0,0,0,0,0,0,0,0,0,0,0,2,0,0,0,0,0,0,0,0,0,0,0,0,0,0,0,0,0,0,0,0,0,0,0,0,0,0,0,0,0,0,0,1,0,184,0,7,0,0,0,10,0,0,18,0,0,0,0,0,0,6,1,0,0,0,0,0,0,0,0,0,0,0,0,0,0,0,0,0,0,0,0,0,0,8,0,10,0,0,0,0,0,0,0,0,0,0,0,0
31,MD04-2845,1570,59249.8,62826.8,61003,50.922,Smooth spline (smoothing 0.6),COUN,23061,0,0,0,1,0,0,1,0,0,20,0,3,2,0,0,0,0,0,2,0,0,0,3,0,0,0,0,0,0,0,3,0,0,0,0,0,0,1,0,0,2,32,0,0,0,1,0,1,0,0,0,0,0,0,0,0,0,0,0,0,0,1,0,0,0,0,1,0,0,0,0,0,0,0,0,0,0,0,0,0,0,0,1,0,0,0,0,0,0,0,0,0,0,2,0,249,0,1,0,0,0,11,1,0,24,0,0,0,0,0,0,1,0,0,0,0,0,0,1,1,1,0,0,1,0,0,0,0,0,0,0,0,0,0,0,25,0,8,0,0,0,0,0,0,0,0,0,0,0,0
31,MD04-2845,1580,59774.9,63442.6,61511.8,50.878,Smooth spline (smoothing 0.6),COUN,23063,0,0,0,0,0,0,1,0,0,22,0,1,3,0,0,0,0,0,6,0,0,0,2,0,0,0,0,0,0,0,2,0,0,0,0,0,0,0,0,1,1,12,0,0,0,3,0,0,0,0,0,0,0,0,0,0,0,0,0,0,0,4,0,4,0,0,0,0,0,0,0,0,0,0,0,0,0,0,0,0,0,0,0,0,0,0,0,0,0,0,0,0,0,1,0,245,0,2,0,0,1,24,0,0,30,1,0,0,0,0,0,1,0,0,0,0,0,0,0,0,0,0,0,0,0,0,0,0,0,0,0,0,0,0,0,1,0,10,0,0,0,0,0,0,0,0,0,0,0,0
31,MD04-2845,1590,60320.1,64054.4,62021.4,51.105,Smooth spline (smoothing 0.6),COUN,23065,4,0,0,2,0,0,0,1,0,18,0,1,1,0,0,0,0,0,4,0,0,0,1,0,1,0,0,0,0,0,4,0,0,0,0,0,0,0,0,0,0,5,0,0,1,1,0,3,0,0,1,0,0,0,0,0,0,0,0,0,0,1,0,0,1,0,0,0,0,0,0,0,0,0,0,0,0,0,0,0,0,0,0,0,0,0,0,0,0,0,0,0,0,11,0,353,0,0,0,0,0,3,0,0,12,1,0,0,0,0,0,1,0,0,0,0,0,0,0,0,0,0,0,0,0,0,0,0,0,0,0,0,0,0,0,27,0,5,0,1,0,0,0,0,0,0,0,0,0,0
31,MD04-2845,1600,60849.4,64670.1,62534.5,51.603,Smooth spline (smoothing 0.6),COUN,23067,0,0,0,1,0,0,0,1,0,39,0,0,0,0,0,1,0,0,1,0,0,4,0,0,0,0,0,0,0,0,5,0,0,0,0,0,0,2,0,0,0,2,0,0,3,3,0,3,0,0,0,0,0,0,1,0,0,0,0,0,0,4,0,0,0,0,1,0,0,0,0,0,0,0,0,0,0,0,0,0,0,0,0,0,0,0,1,0,0,0,0,0,0,11,0,252,0,4,0,0,0,5,1,0,10,2,0,0,0,0,0,3,0,0,0,0,0,0,0,1,0,0,0,0,0,0,0,0,0,0,0,0,0,0,0,39,0,4,0,1,1,0,0,0,0,0,0,0,0,0
31,MD04-2845,1610,61397.7,65275.8,63053.7,52.372,Smooth spline (smoothing 0.6),COUN,23069,5,0,0,0,0,0,1,0,0,31,0,1,0,0,2,1,0,0,8,0,0,3,3,0,0,0,0,0,0,0,2,0,0,0,0,0,0,0,0,0,0,2,0,0,6,1,0,2,0,0,0,0,1,0,0,0,0,0,0,0,0,1,0,0,0,0,0,0,0,0,0,0,0,0,0,0,0,0,0,0,0,0,0,0,0,0,0,0,0,1,0,0,0,8,0,280,0,2,0,0,1,8,0,0,13,0,0,0,0,0,0,3,0,0,0,0,0,0,0,0,0,0,0,0,0,0,0,0,0,0,0,0,0,0,0,41,0,10,0,0,3,0,0,0,0,0,0,0,0,1
31,MD04-2845,1620,61954.4,65888.8,63581.9,53.411,Smooth spline (smoothing 0.6),COUN,23071,1,0,0,0,0,0,0,0,0,18,0,1,0,0,0,0,0,0,10,0,0,1,6,0,0,0,0,0,0,0,0,0,0,0,0,0,0,0,0,0,2,19,0,0,2,2,0,2,0,0,0,0,0,0,0,0,0,0,1,0,0,0,0,0,0,0,0,0,0,0,0,0,0,0,0,0,0,0,0,0,0,0,0,0,0,0,0,0,0,0,0,0,0,9,0,259,0,1,0,0,0,11,0,0,36,0,0,0,0,0,0,2,0,0,0,0,0,0,0,0,0,0,0,0,0,0,0,0,0,0,0,0,0,0,0,36,0,12,0,0,0,1,0,0,0,0,0,0,0,0
31,MD04-2845,1630,62534.2,66499.5,64121.7,54.721,Smooth spline (smoothing 0.6),COUN,23073,1,0,0,0,0,0,0,0,0,29,0,2,0,0,0,0,0,0,10,0,0,0,7,0,0,0,1,0,0,0,3,0,0,0,0,0,0,2,0,0,1,4,0,0,1,1,0,4,0,0,0,0,0,0,0,0,0,0,0,0,0,4,0,0,0,0,0,0,0,0,0,0,0,0,0,0,0,0,0,0,0,0,0,0,0,0,0,0,0,0,0,0,0,9,0,195,0,2,0,0,1,6,0,0,7,1,0,0,0,0,0,4,0,0,0,0,0,0,1,0,1,0,0,0,0,0,0,0,0,0,1,0,0,0,0,33,0,7,0,0,1,0,0,0,0,0,0,0,0,0
31,MD04-2845,1640,63124.9,67102.6,64675.8,56.302,Smooth spline (smoothing 0.6),,23075,2,0,0,2,0,0,1,0,0,16,0,2,1,0,0,0,0,0,1,0,0,1,3,0,0,0,0,0,0,0,4,0,0,0,0,0,0,0,0,0,1,18,0,0,3,2,0,4,1,0,0,0,0,0,2,0,0,0,0,0,0,1,0,0,0,0,0,0,0,0,0,0,0,0,0,0,0,0,0,0,0,0,0,0,0,0,0,0,0,0,0,0,0,4,0,266,0,0,0,0,2,14,0,0,30,2,0,0,0,0,0,4,0,0,0,0,0,0,1,0,0,0,0,0,0,0,0,0,0,0,0,0,0,0,0,22,0,16,0,0,0,0,0,0,0,0,0,0,0,0
31,MD04-2845,1650,63707.2,67716.7,65246.9,58.155,Smooth spline (smoothing 0.6),COUN,23077,0,0,0,2,0,0,1,0,0,12,0,1,0,0,0,1,0,0,9,0,0,1,4,0,1,0,0,0,0,0,7,0,0,0,0,0,0,2,0,0,0,24,0,0,1,1,0,0,0,0,0,0,0,0,0,0,0,0,0,0,0,0,0,0,0,0,2,0,0,0,0,0,0,0,0,0,0,0,0,0,0,0,0,0,0,0,0,0,0,0,0,0,0,9,0,784,0,0,0,0,0,13,0,0,37,0,0,0,0,0,0,4,0,0,0,0,0,0,1,0,0,0,0,0,0,0,0,0,0,0,0,0,1,0,0,26,0,17,0,1,0,0,0,0,0,0,0,0,0,0
31,MD04-2845,1670,64874,68966.7,66451.1,62.671,Smooth spline (smoothing 0.6),COUN,23081,2,0,0,0,0,0,1,0,0,2,1,0,0,0,0,0,0,0,12,0,0,1,1,0,0,0,0,0,0,0,1,0,0,0,0,0,0,0,0,0,3,17,0,0,2,0,0,9,0,0,0,0,0,0,0,0,0,0,0,0,1,1,0,0,0,0,0,0,0,0,0,0,0,0,0,0,0,0,0,0,0,0,0,0,0,0,0,0,0,0,0,0,0,5,0,531,0,1,0,0,5,12,0,0,22,0,0,0,0,0,0,5,1,0,0,0,0,0,0,0,0,0,0,0,0,0,0,0,0,0,0,0,0,0,0,1,0,17,0,0,0,0,0,0,0,0,0,0,0,0
31,MD04-2845,1680,65448.3,69596.3,67089.5,65.26,Smooth spline (smoothing 0.6),COUN,23083,0,0,0,0,0,0,2,0,0,5,1,3,0,0,1,0,0,0,17,0,0,3,4,0,2,0,1,0,0,0,0,0,0,0,0,0,0,0,0,0,1,10,0,0,3,1,0,12,0,0,0,0,0,0,0,0,0,0,0,0,0,2,0,0,0,0,0,0,0,0,0,0,0,0,0,0,0,0,0,0,0,0,0,0,0,0,0,1,0,0,0,0,0,8,0,1305,0,0,0,0,3,2,0,0,9,1,0,0,0,0,0,5,0,0,0,0,0,0,0,1,0,0,0,0,0,0,0,0,0,0,0,0,0,0,0,17,0,12,0,1,0,0,1,0,0,0,0,0,0,0
31,MD04-2845,1710,67043.4,71553.6,69147.2,71.792,Smooth spline (smoothing 0.6),COUN,23089,13,1,0,1,0,0,0,0,0,2,0,0,2,0,0,0,0,0,10,0,0,2,2,0,0,0,0,0,0,0,1,0,0,0,0,0,0,2,0,0,0,25,0,0,1,1,0,4,0,0,0,0,0,0,0,0,0,0,0,0,0,1,0,0,0,0,0,0,0,0,0,0,0,0,0,0,0,0,0,0,0,0,0,0,0,0,0,0,0,0,0,0,0,18,0,310,0,0,0,0,0,5,0,0,27,0,0,0,0,0,0,3,0,0,0,0,0,0,0,0,0,0,0,0,0,0,1,0,0,0,0,0,0,0,0,47,0,7,0,0,0,0,0,0,0,0,0,0,0,0
31,MD04-2845,1715,67314.4,71885,69508,72.678,Smooth spline (smoothing 0.6),COUN,23091,5,0,0,1,0,0,0,1,0,4,0,0,0,0,7,0,0,0,7,0,0,0,0,0,1,0,0,0,0,0,0,0,0,0,0,0,0,0,0,0,0,5,0,0,3,1,0,1,0,0,0,0,0,0,0,0,0,1,0,0,0,0,0,0,0,0,0,0,0,0,0,0,0,0,0,0,0,0,0,0,0,0,1,0,0,0,0,0,0,0,0,0,1,12,0,388,0,3,0,0,0,1,0,0,17,0,0,0,0,0,0,2,0,0,0,0,0,0,0,0,0,0,0,0,0,0,0,0,0,0,0,0,0,0,0,40,0,3,0,0,1,0,0,0,0,0,0,0,0,1
31,MD04-2845,1735,68396.1,73256.7,70991.3,75.647,Smooth spline (smoothing 0.6),COUN,23095,1,0,0,0,0,0,0,0,0,15,0,1,0,0,8,0,0,0,22,0,0,3,4,0,2,0,0,0,0,0,3,1,0,0,0,0,0,1,0,0,3,5,0,0,4,0,0,6,0,0,0,1,0,0,0,0,0,0,0,0,0,0,0,1,3,0,0,0,0,0,0,0,0,0,0,0,0,0,0,0,0,0,0,0,0,0,0,0,0,0,0,0,0,4,0,587,0,3,0,0,2,9,1,0,15,2,0,0,0,0,0,2,0,0,0,0,0,0,0,0,0,0,0,0,0,0,0,0,0,0,0,0,1,0,0,22,0,8,0,0,1,0,2,0,0,0,0,0,0,0
31,MD04-2845,1755,69534.8,74648.6,72525.2,77.691,Smooth spline (smoothing 0.6),COUN,23099,1,0,0,0,0,0,1,0,0,3,0,0,1,0,9,0,0,0,19,0,0,0,0,0,0,0,0,0,0,0,1,0,0,0,0,0,0,2,0,0,1,31,0,0,0,0,0,10,0,0,1,0,0,0,0,0,0,0,0,0,0,1,0,1,0,0,0,0,0,0,0,0,0,0,0,0,0,0,0,0,0,0,0,0,0,0,0,0,0,0,0,0,0,1,0,829,0,1,0,0,1,7,0,0,16,1,0,0,0,0,0,1,0,0,1,0,0,0,0,0,0,0,0,0,0,0,0,0,0,1,0,0,1,0,0,18,0,15,0,0,0,0,0,0,0,0,0,0,0,0
31,MD04-2845,1765,70064.3,75386,73305.3,78.367,Smooth spline (smoothing 0.6),,23101,23,0,0,0,0,0,0,0,0,0,0,0,0,0,4,0,0,0,11,0,0,2,0,0,1,0,0,0,0,0,1,0,0,0,0,0,0,0,0,0,0,19,0,0,0,0,0,8,0,0,0,0,0,0,0,0,0,0,0,0,0,0,0,2,0,0,0,0,0,0,0,0,0,0,0,0,0,0,0,0,0,0,0,0,0,0,0,0,0,0,0,0,0,4,0,2396,0,0,0,0,1,6,0,0,17,2,0,0,0,0,0,2,0,0,0,0,0,0,0,0,0,0,0,0,0,0,0,0,0,0,0,0,0,0,0,26,0,22,0,0,0,0,0,0,0,0,0,0,0,0
31,MD04-2845,1775,70621.1,76117.4,74091.2,78.811,Smooth spline (smoothing 0.6),COUN,23103,1,0,0,0,0,0,0,0,0,1,0,1,0,0,6,0,0,0,24,0,0,2,3,0,0,0,0,0,0,0,0,0,0,0,0,0,0,0,0,0,0,29,0,0,0,0,0,10,0,0,0,0,0,0,0,0,0,0,0,0,0,0,0,0,1,0,0,0,0,0,0,0,0,0,0,0,0,0,0,0,0,0,0,0,0,0,0,0,0,0,0,0,0,2,0,1872,0,2,0,0,1,3,0,0,8,0,0,0,0,0,0,2,0,0,0,0,0,0,0,0,0,0,0,0,0,1,0,0,0,0,0,0,0,0,0,11,0,19,0,0,0,0,0,0,0,0,0,0,0,0
31,MD04-2845,1780,70899.4,76493.7,74485.5,78.947,Smooth spline (smoothing 0.6),COUN,23104,0,0,0,1,0,0,0,0,0,5,0,2,16,0,1,0,0,0,8,0,0,1,0,0,0,0,0,0,0,0,3,0,0,0,0,0,0,2,0,1,1,12,0,0,1,0,0,21,0,0,0,0,0,0,0,0,0,0,0,0,0,1,0,0,0,0,0,0,0,0,0,0,0,0,0,0,0,0,0,0,0,0,0,0,0,0,0,0,0,0,0,0,0,1,0,3002,0,0,0,0,0,17,0,0,19,0,0,0,0,0,0,5,0,0,0,0,0,0,0,0,0,0,0,0,0,0,0,0,0,0,0,0,0,0,0,3,0,2,0,0,0,0,1,0,0,0,0,0,0,0
31,MD04-2845,1785,71161.6,76857.8,74880.4,79.025,Smooth spline (smoothing 0.6),COUN,23105,1,0,0,0,0,0,1,0,0,0,0,1,6,0,1,0,0,0,26,0,0,0,0,0,0,0,1,0,0,0,0,0,0,0,0,0,0,0,0,0,1,20,0,0,0,1,0,19,0,0,0,0,0,0,0,0,0,0,0,0,0,0,0,3,0,0,0,0,0,0,0,0,0,0,0,0,0,0,0,0,0,0,0,0,0,0,0,0,0,0,0,0,0,0,0,3051,0,1,0,0,0,7,0,0,6,0,0,0,0,0,0,8,0,0,0,0,0,0,0,0,0,0,1,0,0,0,0,0,0,0,0,0,0,0,0,10,0,8,0,0,0,0,1,0,0,0,0,0,0,0
31,MD04-2845,1790,71444.6,77227.8,75275.6,-9999,Smooth spline (smoothing 0.6),,23106,0,0,0,0,0,0,0,0,0,8,0,1,2,0,0,0,0,0,7,0,0,1,0,0,0,0,0,0,0,0,2,0,0,0,0,0,0,2,0,0,0,11,0,0,2,0,0,26,0,0,1,0,0,0,1,0,0,0,0,0,0,1,0,2,0,0,0,0,0,0,0,0,0,0,0,0,0,0,0,0,0,0,0,0,0,0,0,0,0,0,0,0,0,2,0,602,0,0,0,0,0,18,0,0,23,0,0,0,0,0,0,4,2,0,0,0,0,0,0,0,0,0,0,0,0,0,0,0,0,0,0,0,0,0,0,2,0,6,0,0,0,0,1,0,0,0,0,0,0,0
31,MD04-2845,1795,-9999,-9999,-9999,-9999,-9999,COUN,23107,2,0,0,2,0,0,1,0,0,3,0,0,0,0,10,0,0,0,21,0,0,1,0,0,1,0,1,0,0,0,0,0,0,0,0,0,0,1,0,0,0,25,0,0,2,0,0,7,0,0,0,0,0,0,0,0,0,0,0,0,0,0,0,0,0,0,2,0,0,0,0,0,0,0,0,4,0,0,0,0,0,0,0,0,0,0,0,0,0,0,0,0,0,2,0,1683,0,1,0,0,1,16,0,0,55,2,0,0,0,0,0,1,0,0,0,0,0,0,0,0,0,0,0,0,0,0,0,0,0,1,0,0,0,0,0,118,0,13,0,0,0,0,0,0,0,0,0,0,0,0
31,MD04-2845,1800,-9999,-9999,-9999,-9999,-9999,COUN,23108,1,0,0,1,0,0,1,0,0,1,0,2,4,0,7,0,0,0,17,0,0,1,2,0,0,0,0,0,0,0,0,0,0,0,0,0,0,0,0,0,1,3,0,0,2,1,0,12,0,0,0,0,0,0,0,0,0,0,0,0,0,1,0,1,0,0,0,0,0,0,0,0,0,0,0,0,0,0,0,0,0,0,0,0,0,0,0,0,0,0,0,0,0,16,0,3190,0,1,0,0,0,7,0,0,84,0,0,0,0,0,0,1,0,0,0,0,0,0,0,0,0,0,0,0,0,0,0,0,0,0,0,0,1,0,0,37,0,24,0,0,0,0,0,0,0,0,0,0,0,0
31,MD04-2845,1805,-9999,-9999,-9999,-9999,-9999,COUN,23109,8,0,0,0,0,0,2,0,0,6,1,1,3,0,5,0,0,0,24,0,0,1,0,0,0,0,0,0,0,0,0,0,0,0,0,0,0,1,0,0,0,9,0,0,1,1,0,8,0,0,0,0,5,0,0,0,0,0,0,0,0,0,0,0,0,0,0,0,0,0,0,0,0,0,0,2,0,0,0,0,0,0,0,0,0,0,0,0,0,0,0,0,0,12,0,3190,0,1,0,0,1,13,0,0,14,0,0,0,0,0,0,2,0,0,0,0,0,0,0,0,0,0,0,0,0,1,0,0,0,0,0,0,0,0,0,23,0,6,0,0,0,0,0,0,0,0,0,0,0,0
31,MD04-2845,1810,-9999,-9999,-9999,-9999,-9999,COUN,23110,3,0,0,1,0,0,0,0,0,3,0,0,18,0,0,1,0,0,8,0,0,1,0,0,0,0,0,0,0,0,0,0,0,0,0,0,0,7,0,0,1,4,0,0,0,0,0,17,0,0,0,0,1,0,0,0,0,0,0,0,0,0,0,0,0,0,0,0,0,0,0,0,0,0,0,0,0,0,0,0,0,0,0,0,0,0,0,0,0,0,0,0,0,11,0,2723,0,0,0,0,0,7,0,0,9,1,0,0,0,0,0,15,0,0,0,0,0,0,0,0,0,0,0,0,0,0,0,0,0,0,0,0,0,0,0,8,0,4,0,0,0,0,1,0,0,0,0,0,0,0
31,MD04-2845,1815,-9999,-9999,-9999,-9999,-9999,,23111,1,0,0,3,0,0,0,0,0,1,0,0,9,0,0,0,0,0,6,0,0,1,0,0,0,0,0,0,0,0,0,0,0,0,0,0,0,8,0,0,0,10,0,0,0,0,0,32,0,0,0,0,0,0,0,0,0,0,0,0,0,0,0,0,0,0,1,0,0,0,0,0,0,0,0,5,0,0,0,0,0,0,0,0,0,0,0,0,0,0,0,0,0,1,0,2931,0,1,0,0,0,7,0,0,17,0,0,0,0,0,0,15,1,0,0,0,0,0,0,0,0,0,1,0,0,0,0,0,0,0,0,0,0,0,0,4,0,3,0,0,0,0,0,0,0,0,0,0,0,0
31,MD04-2845,1820,-9999,-9999,-9999,-9999,-9999,COUN,23112,4,0,0,0,0,0,0,0,0,4,0,1,16,0,2,0,0,0,8,0,0,2,1,0,0,0,0,0,0,0,0,0,0,0,0,0,0,5,0,0,2,6,0,0,1,0,0,12,0,0,0,0,3,0,1,0,0,0,0,0,0,0,0,1,0,0,3,0,0,0,0,0,0,0,0,0,0,0,0,0,0,0,0,0,0,0,0,0,0,0,0,0,0,4,0,1795,0,0,0,0,0,12,0,0,30,0,0,0,0,0,0,15,0,0,0,0,0,0,0,0,0,0,0,0,0,0,0,0,0,0,0,0,0,0,0,8,0,3,0,0,0,0,0,0,0,0,0,0,0,0
31,MD04-2845,1830,-9999,-9999,-9999,-9999,-9999,COUN,23114,53,0,0,0,0,0,0,0,0,0,0,2,0,0,0,0,0,0,2,0,0,3,1,0,0,0,0,0,0,0,1,0,0,0,0,0,0,0,0,0,0,7,0,0,0,0,0,5,0,0,0,0,0,0,0,0,0,0,0,0,0,1,0,0,0,0,2,0,0,0,0,0,0,0,0,0,0,0,0,0,0,0,0,0,0,0,0,0,0,0,0,0,0,10,0,3675,0,0,0,0,0,4,0,0,29,0,0,0,0,0,0,4,1,0,0,0,0,0,1,0,0,0,0,0,0,0,0,0,0,0,0,0,0,0,0,12,0,7,0,0,0,0,0,0,0,0,0,0,0,0
31,MD04-2845,1835,-9999,-9999,-9999,-9999,-9999,COUN,23115,32,0,0,0,0,0,0,0,0,1,0,0,4,0,0,0,0,1,2,0,0,2,0,0,1,0,0,0,0,0,0,0,0,0,0,0,0,0,0,0,0,5,0,0,0,0,0,7,0,0,0,0,9,0,0,0,0,0,0,0,0,1,0,0,0,0,0,0,0,0,0,0,0,0,0,0,0,0,0,0,0,0,0,0,0,0,0,0,0,0,0,0,0,17,0,1843,0,3,0,0,0,4,0,0,9,0,0,0,0,0,0,9,1,0,0,0,0,0,0,0,0,0,0,0,0,0,0,0,0,0,0,0,0,0,0,7,0,1,0,0,0,0,0,0,0,0,0,0,0,0
31,MD04-2845,1840,-9999,-9999,-9999,-9999,-9999,,23116,31,0,0,0,0,0,0,0,0,3,0,0,17,0,1,0,0,0,1,0,0,6,0,0,0,0,0,0,0,0,1,0,0,0,0,0,0,3,0,0,0,5,0,0,0,0,0,15,0,0,0,0,2,0,0,0,0,0,0,0,0,0,0,0,0,0,1,0,0,0,0,0,0,0,0,0,0,0,0,0,0,0,0,0,0,0,0,0,0,0,0,0,0,6,0,1440,0,0,0,0,0,6,0,0,8,1,0,0,0,0,0,2,0,0,0,0,0,0,0,0,0,0,0,0,0,0,0,0,0,0,0,0,0,0,0,6,0,2,0,0,0,0,0,0,0,0,0,0,0,0
31,MD04-2845,1845,-9999,-9999,-9999,-9999,-9999,COUN,23117,13,0,0,2,0,0,0,0,0,0,0,0,4,0,0,0,0,0,3,0,0,12,0,0,0,0,0,0,0,0,0,0,0,0,0,0,0,1,0,0,1,5,0,0,1,0,0,10,0,0,0,0,6,0,1,0,0,0,0,0,0,0,0,0,0,0,0,0,0,0,0,0,0,0,0,0,0,0,0,0,0,0,0,0,0,0,0,0,0,0,0,0,0,16,0,1341,0,0,0,0,0,3,0,0,5,0,0,0,0,0,0,19,4,0,0,0,0,0,0,0,0,0,0,0,0,0,0,0,0,0,0,0,0,0,0,2,0,1,0,0,0,0,1,0,0,0,0,0,0,0
31,MD04-2845,1850,-9999,-9999,-9999,-9999,-9999,COUN,23118,6,0,0,2,0,0,1,0,0,0,0,0,3,0,0,0,0,0,1,0,0,45,0,0,0,0,0,0,0,0,0,0,0,0,0,0,0,4,0,0,0,2,0,0,0,0,0,4,0,0,0,0,11,0,0,0,0,0,0,0,0,0,0,0,0,1,0,0,0,0,0,0,0,0,0,0,0,0,0,0,0,0,0,0,0,0,0,0,0,0,0,0,0,5,0,526,0,1,0,0,1,3,0,0,1,0,0,0,0,0,0,12,1,0,0,0,0,0,0,0,0,0,0,0,0,0,0,0,0,0,0,0,0,0,0,1,0,3,0,0,0,0,1,0,0,0,0,0,0,0
31,MD04-2845,1855,-9999,-9999,-9999,-9999,-9999,COUN,23119,12,0,0,1,0,0,0,0,0,1,0,0,1,0,1,0,0,0,2,0,0,28,0,0,0,0,0,0,0,0,1,0,0,0,0,0,0,0,0,0,3,2,0,0,1,0,0,10,0,0,0,0,7,0,0,0,0,0,0,0,0,0,0,0,0,0,2,0,0,0,0,0,0,0,0,0,0,0,0,0,0,0,0,0,0,0,0,0,0,0,0,0,0,11,0,832,0,0,0,0,0,2,0,0,5,0,0,0,0,0,0,20,1,0,0,0,0,0,0,0,0,0,0,0,0,0,0,0,0,0,0,0,0,0,0,0,0,1,0,0,0,0,1,0,0,0,0,0,0,0
31,MD04-2845,1860,-9999,-9999,-9999,-9999,-9999,COUN,23120,10,0,0,2,0,0,0,0,0,1,0,0,7,0,0,0,0,0,3,0,0,52,0,0,0,0,0,0,0,0,0,0,0,0,0,0,0,5,0,0,1,0,0,0,0,0,0,11,0,0,0,0,18,0,1,0,0,0,0,0,0,1,0,0,0,0,0,0,0,0,0,0,0,0,0,0,0,0,0,0,0,0,0,0,0,0,0,0,0,0,0,0,0,6,0,628,0,0,0,0,0,2,0,0,7,0,0,0,0,0,0,27,1,0,0,0,0,0,0,0,0,0,0,0,0,0,0,0,0,0,0,0,0,0,0,0,0,1,1,0,0,0,1,0,0,0,0,0,0,0
31,MD04-2845,1865,-9999,-9999,-9999,-9999,-9999,,23121,3,0,0,1,0,0,0,0,0,1,0,0,10,0,0,0,0,0,1,0,0,28,0,0,0,0,0,0,0,0,1,0,0,0,0,0,0,21,0,0,0,0,0,0,1,0,0,7,0,0,0,0,10,0,2,0,0,0,0,0,0,0,0,0,0,0,0,0,0,0,0,0,0,0,0,0,0,0,0,0,0,0,0,0,0,0,0,0,0,0,0,0,0,5,0,467,0,0,0,0,0,6,0,0,3,0,0,0,0,0,0,28,1,0,0,0,0,0,0,0,0,0,0,0,0,0,0,0,0,0,0,0,0,0,0,1,0,1,0,0,0,0,1,0,0,0,0,0,0,0
31,MD04-2845,1870,-9999,-9999,-9999,-9999,-9999,COUN,23122,4,0,0,0,0,0,0,0,0,4,0,1,10,0,1,0,0,0,2,0,0,30,0,0,0,0,1,0,0,0,0,0,0,0,0,0,0,9,0,0,0,2,0,0,0,0,0,7,0,0,0,0,8,0,0,0,0,0,0,0,0,0,0,0,0,0,0,0,0,0,0,0,0,0,0,0,0,0,0,0,0,0,0,0,0,0,0,0,0,0,0,0,0,4,0,586,0,0,0,0,0,2,0,0,9,0,0,0,0,0,0,28,3,0,0,0,0,0,0,0,0,0,0,0,0,0,0,0,0,0,0,0,0,0,0,0,0,2,0,1,0,0,2,0,0,0,0,0,0,0
31,MD04-2845,1875,-9999,-9999,-9999,-9999,-9999,COUN,23123,0,0,0,0,0,0,0,1,0,1,0,0,9,0,0,0,0,0,4,0,0,18,0,0,0,0,2,0,0,0,0,0,0,0,0,0,0,10,0,0,1,0,0,0,0,0,0,4,0,0,0,0,4,0,0,0,0,0,0,0,0,0,0,0,0,0,0,0,0,0,0,0,0,0,0,0,0,0,0,0,0,0,0,0,0,0,0,0,0,0,0,0,0,1,0,869,0,0,0,0,0,3,0,0,7,0,0,0,0,0,0,36,1,0,0,0,0,0,0,0,0,0,1,0,0,0,0,0,0,0,0,0,0,0,0,2,0,2,0,0,0,0,4,0,0,0,0,0,0,0
31,MD04-2845,1880,-9999,-9999,-9999,-9999,-9999,COUN,23124,0,0,0,1,0,0,1,0,0,9,0,1,9,0,1,0,0,0,3,0,0,10,0,0,0,0,0,0,0,0,0,0,0,0,0,0,0,10,0,0,4,2,0,0,0,0,0,6,0,0,0,0,1,0,0,0,0,0,0,0,0,0,0,0,0,0,1,0,0,0,0,0,0,0,0,0,0,0,0,0,0,0,0,0,0,0,0,0,0,0,0,0,0,2,0,1774,0,0,0,0,0,7,0,0,11,1,0,0,0,0,0,26,2,0,1,0,0,0,0,0,0,0,0,0,0,0,0,0,0,0,0,0,0,0,0,1,0,3,0,0,0,0,2,0,0,0,0,0,0,0
31,MD04-2845,1885,-9999,-9999,-9999,-9999,-9999,COUN,23125,10,0,0,5,0,0,0,0,0,7,1,3,8,0,1,0,0,0,1,0,0,4,1,0,2,0,1,0,0,0,3,0,0,0,0,0,0,2,0,1,0,3,0,0,0,1,0,15,0,0,0,0,1,0,1,0,0,0,0,0,0,1,0,1,0,0,0,0,0,0,0,0,0,0,0,0,0,0,0,0,0,0,0,0,0,0,0,0,0,0,0,0,0,3,0,2683,0,3,0,0,0,9,0,0,13,0,0,0,0,0,0,12,0,0,0,0,0,0,0,0,0,0,0,0,0,0,0,0,0,0,0,0,1,0,0,13,0,3,0,0,0,0,0,0,0,0,0,0,0,0
31,MD04-2845,1905,-9999,-9999,-9999,-9999,-9999,COUN,23129,58,0,0,0,0,0,0,0,0,0,0,1,0,0,0,0,0,0,0,0,0,0,1,0,2,0,0,0,0,0,3,0,0,0,0,0,0,0,0,0,0,3,0,0,1,1,0,1,0,0,0,0,0,0,0,0,0,0,0,0,0,0,0,0,0,0,1,0,0,0,0,0,0,0,0,0,0,0,0,0,0,0,0,0,0,0,0,0,0,0,0,0,0,22,0,3757,0,1,0,0,1,3,0,0,8,1,0,0,0,0,0,3,0,0,0,0,0,0,0,0,0,0,0,0,0,0,0,0,0,0,0,0,0,0,0,22,0,1,0,0,0,0,0,0,0,0,0,0,0,0
31,MD04-2845,1910,-9999,-9999,-9999,-9999,-9999,COUN,23130,5,0,0,3,0,0,1,0,0,5,0,1,10,0,2,0,0,0,1,0,0,6,0,0,0,0,1,0,0,0,4,0,0,0,0,0,0,1,0,0,4,6,0,0,1,0,0,6,0,0,0,0,0,0,0,0,0,0,0,0,0,1,0,0,0,0,0,0,0,0,0,0,0,0,0,0,0,0,0,0,0,0,0,0,0,0,0,0,0,0,0,0,0,11,0,12053,0,0,0,0,1,5,0,0,50,2,0,0,0,0,0,18,2,0,0,0,0,0,0,0,0,0,0,0,0,0,0,0,0,0,0,0,0,0,0,19,0,2,2,0,0,0,4,0,0,0,0,0,0,0
31,MD04-2845,1915,-9999,-9999,-9999,-9999,-9999,,23131,32,0,0,1,0,0,0,0,0,2,0,1,6,0,0,0,0,0,4,0,0,16,0,0,0,0,0,0,0,0,0,0,0,0,0,0,0,0,0,0,0,4,0,0,1,0,0,13,0,0,0,0,3,0,0,0,0,0,0,0,0,0,0,0,0,0,0,0,0,0,0,0,0,0,0,0,0,0,0,0,0,0,0,0,0,0,0,0,0,0,0,0,0,7,0,2156,0,0,0,0,0,3,0,0,18,0,0,0,0,0,0,15,1,0,0,0,0,0,0,0,0,0,0,0,0,0,0,0,0,0,0,0,0,0,0,10,0,2,0,0,0,0,1,0,0,0,0,0,0,0
31,MD04-2845,1920,-9999,-9999,-9999,-9999,-9999,COUN,23132,18,0,0,4,0,0,0,0,0,4,0,2,17,0,0,0,0,0,5,0,0,4,0,0,0,0,0,0,0,0,0,0,0,0,0,0,0,0,0,0,0,3,0,0,0,0,0,11,0,0,0,0,3,0,0,0,0,0,0,0,0,0,0,0,0,0,0,0,0,0,0,0,0,0,0,0,0,0,0,0,0,0,0,0,0,0,0,0,0,0,0,0,0,8,0,2422,0,0,0,0,0,6,0,0,15,0,0,0,0,0,0,13,2,0,0,0,0,0,0,0,0,0,0,0,0,0,0,0,0,0,0,0,0,0,0,6,0,1,0,0,0,0,0,0,0,0,0,0,0,0
31,MD04-2845,1925,-9999,-9999,-9999,-9999,-9999,COUN,23133,42,1,0,1,0,0,0,0,0,4,0,1,16,0,0,0,0,0,4,0,0,0,0,0,0,0,0,0,0,0,0,0,0,0,0,0,0,1,0,0,1,6,0,0,1,1,0,8,0,0,0,0,0,0,0,0,0,0,0,0,0,0,0,0,0,0,1,0,0,0,0,0,0,0,0,0,0,0,0,0,0,0,1,0,0,0,0,0,0,0,0,0,0,2,0,2584,0,0,0,0,0,3,0,0,21,0,0,0,0,0,0,5,1,0,0,0,0,0,0,0,0,0,0,0,0,0,1,0,0,0,0,0,0,0,0,18,0,1,0,0,0,0,0,0,0,0,0,0,0,0
31,MD04-2845,1930,-9999,-9999,-9999,-9999,-9999,COUN,23134,28,0,0,1,0,0,0,0,0,6,0,0,22,0,0,1,0,0,3,0,0,3,1,0,0,0,1,0,0,0,0,0,0,0,0,0,0,2,0,0,1,6,0,0,0,0,0,1,0,0,0,0,4,0,0,0,0,0,0,0,0,2,0,0,0,0,0,0,0,0,0,0,0,0,0,0,0,0,0,0,0,0,0,0,0,0,0,0,0,0,0,0,0,5,0,1304,0,0,0,0,0,6,0,0,8,0,0,0,0,0,0,4,0,0,0,0,0,0,0,0,0,0,0,0,0,0,0,0,0,0,0,0,0,0,0,2,0,3,0,1,0,0,0,0,0,0,0,0,0,0
31,MD04-2845,1935,-9999,-9999,-9999,-9999,-9999,COUN,23135,24,0,0,1,0,0,0,0,0,5,0,0,16,0,0,0,0,0,8,0,0,0,0,0,0,0,0,0,0,0,0,0,0,0,0,0,0,0,0,0,2,8,0,0,0,0,0,8,0,0,0,0,0,0,0,0,0,0,0,0,0,0,0,0,0,0,1,0,0,0,0,0,0,0,0,0,0,0,0,0,0,0,0,0,0,0,0,0,0,0,0,0,0,8,0,1432,0,0,0,0,0,7,0,0,12,1,0,0,0,0,0,9,1,0,0,0,0,0,0,1,0,0,0,0,0,0,0,0,0,0,0,0,0,0,0,5,0,2,0,0,0,0,0,0,0,0,0,0,0,0
31,MD04-2845,1940,-9999,-9999,-9999,-9999,-9999,,23136,31,0,0,5,0,0,0,0,0,1,0,1,21,0,0,0,0,0,4,0,0,8,2,0,1,0,0,0,0,0,0,0,0,0,0,0,0,1,0,0,0,6,0,0,0,1,0,7,0,0,0,0,0,0,0,0,0,0,0,0,0,0,0,0,0,0,0,0,0,0,0,0,0,0,0,0,0,0,0,0,0,0,0,0,0,0,0,0,0,0,0,0,0,1,0,1377,0,0,0,0,0,7,0,0,23,0,0,0,0,0,0,2,0,0,0,0,0,0,0,0,0,0,0,0,0,0,0,0,0,0,0,0,0,0,0,19,0,1,0,0,0,0,0,0,0,0,0,0,0,0
31,MD04-2845,1945,-9999,-9999,-9999,-9999,-9999,COUN,23137,29,0,0,0,0,0,1,0,1,5,0,0,9,0,1,0,0,0,5,0,2,13,0,0,0,0,0,0,0,0,0,0,0,0,0,0,0,0,0,0,0,9,0,0,0,0,0,7,0,0,0,0,5,0,0,0,0,0,0,0,0,0,0,0,0,0,1,0,0,0,0,0,0,0,0,0,0,0,0,0,0,0,0,0,0,0,0,0,0,0,0,0,0,8,0,1178,0,1,0,0,0,3,0,0,25,1,0,0,0,0,0,16,0,0,0,0,0,0,0,1,0,0,0,0,0,0,0,0,0,0,0,0,0,0,0,0,0,2,0,0,0,0,0,0,0,0,0,0,0,0
31,MD04-2845,1950,-9999,-9999,-9999,-9999,-9999,COUN,23138,40,1,0,1,0,0,0,0,0,2,0,1,3,0,0,1,0,0,0,0,0,12,0,0,0,0,0,0,0,0,0,0,0,0,0,0,0,3,0,0,0,2,0,0,1,0,0,9,0,0,0,0,1,0,0,0,0,0,0,0,0,0,0,0,0,0,0,0,0,0,0,0,0,0,0,0,0,0,0,0,0,0,1,0,0,0,0,0,0,0,0,0,0,8,0,1657,0,0,0,0,0,2,0,0,14,2,0,0,0,0,0,10,0,0,0,0,0,0,0,0,0,0,0,0,0,0,0,0,0,0,0,0,0,0,0,4,0,2,0,0,0,0,0,0,0,0,0,0,0,0
31,MD04-2845,1955,-9999,-9999,-9999,-9999,-9999,COUN,23139,32,2,0,2,0,0,0,0,0,0,0,0,11,0,0,0,0,0,6,0,1,17,0,0,1,0,0,0,0,0,0,0,0,0,0,0,0,2,0,1,0,5,0,0,0,0,0,9,0,0,0,0,2,0,0,0,0,0,0,0,0,0,0,0,0,0,0,0,0,0,0,0,0,0,0,0,0,0,0,0,0,1,0,0,0,0,0,0,0,0,0,0,0,8,0,823,0,2,0,0,0,3,0,0,19,0,0,0,0,0,0,16,0,0,0,0,0,0,0,0,0,0,0,0,0,0,0,0,0,0,0,0,0,0,0,0,0,2,0,0,0,0,1,0,0,0,0,0,0,0
31,MD04-2845,1960,-9999,-9999,-9999,-9999,-9999,COUN,23140,31,0,0,1,0,0,0,0,0,0,0,0,11,0,0,0,0,0,1,0,0,28,0,0,0,0,0,0,0,0,0,0,0,0,0,0,0,1,0,0,0,4,0,0,0,0,0,3,0,0,0,0,0,0,2,0,0,0,0,0,0,1,0,0,0,0,0,0,0,0,0,0,0,0,0,0,0,0,0,0,0,0,0,0,0,0,0,0,0,0,0,0,0,5,0,716,0,0,0,0,0,5,0,0,14,0,0,0,0,0,0,13,3,0,0,0,0,0,0,0,0,0,1,0,0,0,0,0,0,0,0,0,0,0,0,6,0,2,0,0,0,0,1,0,0,0,0,0,0,0
31,MD04-2845,1965,-9999,-9999,-9999,-9999,-9999,,23141,17,0,0,1,0,0,0,0,0,1,0,1,0,0,0,0,0,0,0,0,0,29,0,0,0,0,0,0,0,0,0,0,0,0,0,0,0,1,0,1,0,2,0,0,2,0,0,9,0,0,0,0,3,0,0,0,0,0,0,0,0,0,0,0,0,0,1,0,0,0,0,0,0,0,0,0,0,0,0,0,0,0,0,0,0,0,0,0,0,0,0,0,0,9,0,745,0,1,0,0,0,1,0,0,32,0,0,0,0,0,0,27,0,0,0,0,0,0,0,1,0,0,0,0,0,1,0,0,0,0,0,0,0,0,0,0,0,3,1,0,0,0,1,0,0,0,0,0,0,0
31,MD04-2845,1970,-9999,-9999,-9999,-9999,-9999,COUN,23142,39,0,0,0,0,0,0,0,0,1,0,0,4,0,0,0,0,0,0,0,0,34,0,0,0,0,0,0,0,0,0,0,1,0,0,0,0,3,0,0,1,1,0,0,0,0,0,2,0,0,0,0,0,0,1,0,0,0,0,0,0,0,0,0,0,0,1,0,0,0,0,0,0,0,0,0,0,0,0,0,0,0,0,0,0,0,0,0,0,0,0,0,0,3,0,553,0,0,0,0,0,1,0,0,16,0,0,0,0,0,0,20,1,0,0,0,0,0,0,0,0,0,0,0,0,0,0,0,0,0,0,0,0,0,0,3,0,0,0,0,0,0,0,0,0,0,0,0,0,0
31,MD04-2845,1975,-9999,-9999,-9999,-9999,-9999,COUN,23143,42,0,0,0,0,0,0,0,0,0,0,0,4,0,0,0,0,0,1,0,0,63,0,0,0,0,0,0,0,0,0,0,0,0,0,0,0,5,0,0,3,3,0,0,0,0,0,5,0,0,0,0,0,0,2,0,0,0,0,0,0,1,0,0,0,0,0,0,0,0,0,0,0,0,0,0,0,0,0,0,0,0,0,0,0,0,0,0,0,0,0,0,0,12,0,1138,0,0,0,0,0,0,0,0,64,0,0,0,0,0,0,31,0,0,1,0,0,0,0,0,0,0,0,0,0,0,0,0,0,0,0,0,0,0,0,0,0,1,0,0,0,0,1,0,0,0,0,0,0,0
31,MD04-2845,1980,-9999,-9999,-9999,-9999,-9999,COUN,23144,20,1,0,1,0,0,1,0,0,2,0,1,7,0,0,0,0,0,1,0,0,18,0,0,0,0,0,0,0,0,1,0,0,0,0,0,0,3,0,0,1,0,0,0,1,0,0,7,0,0,0,0,0,0,1,0,0,0,0,0,0,0,0,0,0,0,2,0,0,0,0,0,0,0,0,0,0,0,0,0,0,0,0,0,0,0,0,0,0,0,0,0,0,3,0,2424,0,0,0,0,0,3,0,0,17,0,0,0,0,0,0,27,1,0,0,0,0,0,0,0,0,0,0,0,0,0,0,0,0,0,0,0,0,0,0,0,0,1,0,0,0,0,0,0,0,0,0,0,0,0
31,MD04-2845,1985,-9999,-9999,-9999,-9999,-9999,COUN,23145,35,0,0,1,0,0,0,0,0,2,0,0,2,0,2,0,0,0,2,0,0,17,0,0,0,0,0,0,0,0,0,0,0,0,0,0,0,4,0,0,2,2,0,0,0,0,0,5,0,0,0,0,0,0,0,0,0,0,0,0,0,0,0,0,0,1,0,0,0,0,0,0,0,0,0,0,0,0,0,0,0,0,0,0,0,0,0,0,0,0,0,0,0,9,0,2503,0,0,0,0,0,1,0,0,39,3,0,0,0,0,0,20,0,0,0,0,0,0,0,0,0,0,0,0,0,0,0,0,0,0,0,0,0,0,0,0,0,1,0,0,0,0,1,0,0,0,0,0,0,0
31,MD04-2845,1990,-9999,-9999,-9999,-9999,-9999,,23146,98,0,0,0,0,0,0,0,0,0,0,0,0,0,1,0,0,0,0,0,0,5,1,0,0,0,0,0,0,0,0,0,0,0,0,0,0,0,0,0,1,1,0,0,0,0,1,9,0,0,0,0,0,0,0,0,0,0,0,0,0,0,0,0,0,1,0,0,0,0,0,0,0,0,0,0,0,0,0,0,0,0,0,0,0,0,0,0,0,0,0,0,0,18,0,2490,0,0,0,0,1,3,0,0,12,2,0,0,0,0,0,6,0,0,0,0,0,0,0,0,0,0,0,0,0,0,0,0,0,0,0,0,0,0,0,0,0,1,0,0,0,0,0,0,0,0,0,0,0,0
31,MD04-2845,1995,-9999,-9999,-9999,-9999,-9999,COUN,23147,14,0,0,1,0,0,0,0,0,0,1,0,0,0,0,1,0,0,1,0,0,67,0,0,0,0,0,0,0,0,0,0,0,0,0,0,0,3,0,0,3,3,0,0,1,1,0,7,0,0,0,0,1,0,0,0,0,0,0,0,0,0,0,0,0,0,0,0,0,0,0,0,0,0,0,0,0,0,0,0,0,0,0,0,0,0,0,0,0,0,0,0,0,1,0,1139,0,0,0,0,0,1,0,0,15,0,0,0,0,0,0,25,0,0,0,0,0,0,0,0,0,0,0,0,0,0,0,0,0,0,0,0,0,0,0,0,0,0,1,0,0,0,2,0,0,0,0,0,0,0
31,MD04-2845,2000,-9999,-9999,-9999,-9999,-9999,COUN,23148,3,0,0,1,0,0,1,0,0,0,0,1,8,0,0,0,0,0,0,0,0,36,0,0,0,0,0,0,0,0,2,0,0,0,0,0,0,10,0,0,1,4,0,0,0,1,0,2,0,0,0,0,1,0,0,0,0,0,0,0,0,0,0,0,0,0,0,0,0,0,0,0,0,0,0,0,0,0,0,0,0,0,0,0,0,0,0,0,0,0,0,0,0,2,0,824,0,0,0,0,0,3,0,0,6,1,0,0,0,0,0,22,0,0,0,0,0,0,0,0,0,0,0,0,0,0,0,0,0,0,0,0,0,0,0,0,0,1,0,0,0,0,2,0,0,0,0,0,0,0
31,MD04-2845,2005,-9999,-9999,-9999,-9999,-9999,COUN,23149,1,0,0,1,0,0,0,0,0,3,0,0,9,0,0,0,0,0,1,0,0,58,0,0,0,0,0,0,0,0,0,0,0,0,0,0,0,6,0,0,3,3,0,0,3,0,0,4,0,0,0,0,0,0,0,0,0,0,0,0,0,0,0,0,0,0,0,0,0,0,0,0,0,0,0,0,0,0,0,0,0,0,0,0,0,0,0,0,0,0,0,0,0,0,0,1372,0,0,0,0,0,4,0,0,26,0,0,0,0,0,0,21,2,0,0,0,0,0,0,0,0,0,0,0,0,0,0,0,0,0,0,0,0,0,0,0,0,0,1,0,0,0,1,0,0,0,0,0,0,0
31,MD04-2845,2010,-9999,-9999,-9999,-9999,-9999,COUN,23150,5,0,0,0,0,0,2,0,0,5,0,1,31,0,1,0,0,0,2,0,0,4,1,0,0,0,0,0,0,0,0,0,0,0,0,0,0,9,0,0,0,3,0,0,1,0,0,4,0,0,0,0,0,0,0,0,0,0,0,0,0,0,0,0,0,0,2,0,0,0,0,0,0,0,0,0,0,0,0,0,0,0,0,0,0,0,0,0,0,0,0,0,0,1,0,1908,0,0,0,0,0,8,0,0,30,1,0,0,0,0,0,17,1,0,0,0,0,0,2,0,1,0,0,0,0,0,0,0,0,0,0,0,1,0,0,10,0,3,0,0,0,0,0,0,1,0,0,0,0,0
31,MD04-2845,2015,-9999,-9999,-9999,-9999,-9999,,23151,68,0,0,0,0,0,0,0,0,0,0,0,1,0,0,0,0,0,0,1,0,11,0,0,0,0,0,0,0,0,0,0,0,0,0,0,0,0,0,2,1,1,0,0,2,0,0,4,0,0,0,0,0,0,0,0,0,0,0,0,0,0,0,0,0,0,0,0,0,0,0,0,0,0,0,0,0,0,0,0,0,0,0,0,0,0,0,0,0,0,0,0,0,22,0,8559,0,0,0,0,0,3,0,0,59,2,1,0,0,0,0,6,0,0,0,0,0,0,0,0,0,0,0,0,0,0,0,0,0,0,0,0,0,0,0,0,0,2,0,0,0,0,0,0,0,0,0,0,0,0
31,MD04-2845,2017,-9999,-9999,-9999,-9999,-9999,COUN,23152,55,0,0,1,0,0,1,0,0,2,0,0,4,0,0,0,0,0,0,0,0,2,0,0,0,0,0,0,0,0,2,0,0,0,0,0,0,0,0,0,0,3,0,0,2,0,0,3,0,0,0,0,0,0,0,0,0,0,0,0,0,0,0,0,0,0,0,0,0,0,0,0,0,0,0,0,0,0,0,0,0,0,0,0,0,0,0,0,0,0,0,0,0,17,0,6526,0,0,0,0,0,4,0,0,34,1,0,0,0,0,0,4,0,0,0,0,0,0,0,0,0,0,0,0,0,0,0,0,0,0,0,0,0,0,0,14,0,2,0,0,0,0,0,0,0,0,0,0,0,0
31,MD04-2845,2020,-9999,-9999,-9999,-9999,-9999,COUN,23153,25,0,0,2,0,0,0,0,0,8,0,0,8,0,0,0,0,0,2,0,0,9,1,0,0,0,0,0,0,0,2,0,0,0,0,0,0,3,0,0,1,2,0,0,1,1,0,5,0,0,0,0,0,0,1,0,0,0,0,0,0,0,0,0,0,0,0,0,0,0,0,0,0,0,0,0,0,0,0,0,0,0,0,0,0,0,0,0,0,0,0,0,0,7,0,2051,0,1,0,0,0,8,0,0,10,0,0,0,0,0,0,17,1,0,0,0,0,0,2,0,0,0,0,0,0,0,0,0,0,0,0,0,0,0,0,4,0,2,0,0,0,0,0,0,0,0,0,0,0,0
31,MD04-2845,2022,-9999,-9999,-9999,-9999,-9999,COUN,23154,22,0,0,1,0,0,0,0,0,4,0,0,8,0,0,0,0,0,3,0,0,10,0,0,0,0,0,0,0,0,2,1,0,0,0,0,0,4,0,0,0,2,0,0,3,0,0,6,0,0,0,0,0,0,0,0,1,0,0,0,0,0,0,0,0,0,0,0,0,0,0,0,0,0,0,0,0,0,0,0,0,0,1,0,0,0,0,0,0,0,0,0,0,14,0,1857,0,1,0,0,0,9,0,0,10,0,0,0,0,0,0,11,3,0,0,0,0,0,0,0,0,0,0,0,0,0,0,0,0,0,0,0,0,0,0,1,0,1,0,1,0,0,1,0,0,0,0,0,0,0
31,MD04-2845,2025,-9999,-9999,-9999,-9999,-9999,COUN,23155,22,0,0,3,0,0,0,0,0,3,0,0,9,0,0,0,0,0,2,0,0,13,0,0,0,0,0,1,0,0,0,0,0,0,0,0,0,6,0,0,5,1,0,0,2,0,0,2,0,0,0,0,0,0,0,0,0,0,0,0,0,0,0,0,0,0,1,0,0,0,0,0,0,0,0,0,0,0,0,0,0,0,0,0,0,0,0,0,0,0,0,0,0,5,0,1179,0,1,0,0,0,2,0,0,26,0,0,0,0,0,0,19,1,0,0,0,0,0,0,0,0,0,0,0,0,0,0,0,0,0,0,0,0,0,0,0,0,0,0,0,0,1,3,0,0,0,0,0,0,0
31,MD04-2845,2030,-9999,-9999,-9999,-9999,-9999,COUN,23156,12,0,0,2,0,0,1,0,0,2,0,0,24,0,0,0,0,0,2,0,0,14,0,0,0,0,0,0,0,0,0,0,0,0,0,0,0,5,0,0,3,3,0,0,0,1,0,2,0,0,0,0,0,0,1,0,0,0,0,0,0,0,0,0,0,0,0,0,0,0,0,0,0,0,0,0,0,0,0,0,0,0,0,0,0,0,0,0,0,0,0,0,0,2,0,1189,0,0,0,0,0,4,0,0,7,0,0,0,0,0,0,14,2,0,0,0,0,0,0,0,0,0,0,0,0,0,0,0,0,0,0,0,0,0,0,1,0,1,0,0,0,0,5,0,0,0,0,0,0,0
31,MD04-2845,2035,-9999,-9999,-9999,-9999,-9999,COUN,23157,34,0,0,1,0,0,0,0,0,1,0,0,9,0,1,0,0,0,2,0,0,23,0,0,0,0,0,0,0,0,0,0,0,0,0,0,0,2,0,0,0,5,0,0,1,0,0,7,0,0,1,0,0,0,0,0,0,0,0,0,0,2,0,0,0,1,0,0,0,0,0,0,0,0,0,0,0,0,0,0,0,0,0,0,0,0,0,0,0,0,0,0,0,14,0,2097,0,0,0,0,0,3,0,0,42,1,0,0,0,0,0,22,0,0,0,0,0,0,0,0,0,0,0,0,0,0,0,0,0,0,0,0,0,0,0,0,0,6,0,0,0,0,0,0,0,0,0,0,0,0
31,MD04-2845,2040,-9999,-9999,-9999,-9999,-9999,COUN,23158,5,0,0,2,0,0,0,0,0,4,0,1,17,0,0,0,0,0,1,0,0,18,0,0,0,0,0,0,0,0,0,0,0,0,0,0,0,6,0,0,1,1,0,0,0,0,0,13,0,0,0,0,0,0,0,0,0,0,0,0,1,0,0,0,0,0,0,0,0,0,0,0,0,0,0,0,0,0,0,0,0,0,1,0,0,0,0,0,0,0,0,0,0,3,0,1398,0,0,0,0,0,8,0,0,13,0,0,0,0,0,0,13,2,0,0,0,0,0,0,0,0,0,0,0,0,0,0,0,0,0,0,0,0,0,0,5,0,0,0,0,0,0,3,0,0,0,0,0,0,0
31,MD04-2845,2045,-9999,-9999,-9999,-9999,-9999,COUN,23159,9,0,0,1,0,0,0,0,0,0,0,0,28,0,2,1,0,1,1,0,0,10,0,0,0,0,0,0,0,0,0,0,0,0,0,0,0,4,0,0,0,1,0,0,1,0,0,11,0,0,0,0,0,0,0,0,1,0,0,0,0,0,0,0,0,1,0,0,0,0,0,0,0,0,0,0,0,0,0,0,0,0,1,0,0,0,0,0,0,0,0,0,0,4,0,1129,0,0,0,0,0,3,0,0,38,0,0,0,0,0,0,24,0,1,0,0,0,0,0,0,0,0,0,0,0,0,0,0,0,0,0,0,0,0,0,0,0,1,0,0,0,0,0,0,0,0,0,0,0,0
31,MD04-2845,2050,-9999,-9999,-9999,-9999,-9999,COUN,23160,6,0,0,2,0,0,0,0,0,0,0,0,11,0,1,1,0,0,1,0,0,24,0,0,0,0,0,0,0,0,1,0,0,0,0,0,0,3,0,0,2,1,0,0,0,0,0,11,0,0,0,0,1,0,1,0,0,0,0,0,1,1,0,0,0,0,0,0,0,0,0,0,0,0,0,0,0,0,0,0,0,0,0,0,0,0,0,0,0,0,0,0,0,1,0,841,0,0,0,0,0,3,0,0,24,0,0,0,0,0,0,25,0,0,0,0,0,0,0,0,0,0,0,0,0,0,0,0,0,0,0,0,0,0,0,0,0,2,0,0,0,0,2,0,0,0,0,0,0,0
31,MD04-2845,2055,-9999,-9999,-9999,-9999,-9999,COUN,23161,2,0,0,3,0,0,0,0,0,0,0,0,12,0,0,0,0,3,0,0,0,59,0,0,0,0,0,0,0,0,2,0,0,0,0,0,0,1,0,0,0,2,0,0,0,0,0,10,0,0,0,0,0,0,0,0,0,0,0,0,0,0,0,0,0,0,0,0,0,0,0,0,0,0,0,0,0,0,0,0,0,0,0,0,0,0,0,0,0,0,0,0,0,2,0,502,0,0,0,0,0,2,0,0,32,2,0,0,0,0,0,38,0,1,0,0,0,0,0,0,1,0,0,0,0,0,0,0,0,0,0,0,0,0,0,0,0,1,1,0,0,0,2,0,0,0,0,0,0,0
31,MD04-2845,2060,-9999,-9999,-9999,-9999,-9999,COUN,23162,1,0,0,3,0,0,0,0,0,1,0,0,1,0,1,0,0,0,0,0,0,38,0,0,0,0,0,0,0,0,0,0,0,0,0,0,0,6,0,0,1,2,0,0,0,0,0,5,0,0,0,0,1,0,0,0,0,0,0,0,0,0,0,0,0,0,0,0,0,0,0,0,0,0,0,0,0,0,0,0,0,0,0,0,0,0,0,0,0,0,0,0,0,1,0,265,0,0,0,0,0,1,0,0,18,3,0,0,0,0,0,32,1,0,1,0,0,0,0,0,0,0,0,0,0,0,0,0,0,0,0,0,0,0,0,3,0,2,0,0,0,0,3,0,0,0,0,0,0,0
31,MD04-2845,2065,-9999,-9999,-9999,-9999,-9999,COUN,23163,1,0,0,0,0,0,0,0,0,1,0,2,8,0,0,0,0,0,1,0,0,51,0,0,0,0,0,0,0,0,0,0,0,0,0,0,0,2,0,0,1,1,0,0,0,0,0,10,0,0,0,0,0,0,1,0,0,0,0,0,0,0,0,0,0,0,0,0,0,0,0,0,0,0,0,0,0,0,0,0,0,0,0,0,0,0,0,0,0,0,0,0,0,4,0,483,0,0,0,0,0,3,0,0,59,3,0,0,0,0,0,37,2,0,0,0,0,0,0,0,0,0,0,0,0,0,0,0,0,0,0,0,0,0,0,0,0,0,0,0,0,0,0,0,0,0,0,0,0,0
31,MD04-2845,2080,-9999,-9999,-9999,-9999,-9999,COUN,23166,0,1,0,1,0,0,0,0,0,0,0,0,2,0,1,0,0,0,0,0,0,34,0,0,0,0,0,0,0,0,0,0,0,0,0,0,0,8,0,0,2,5,0,0,0,0,0,7,0,0,0,0,0,0,0,0,0,0,0,0,0,0,0,0,0,0,2,0,0,0,0,0,0,0,0,0,0,0,0,0,0,0,0,0,0,0,0,0,0,0,0,0,0,0,0,293,0,0,0,0,0,3,0,0,32,1,0,0,0,0,0,35,2,0,1,0,0,0,0,0,0,0,0,0,0,0,0,0,0,0,0,0,0,0,0,0,0,1,0,0,0,0,0,0,0,0,0,0,0,0
31,MD04-2845,2082,-9999,-9999,-9999,-9999,-9999,COUN,23167,1,0,0,0,0,0,0,0,0,0,0,1,0,0,0,0,0,0,0,0,0,7,0,0,1,0,0,0,0,0,0,0,0,0,0,0,0,6,0,0,0,4,0,0,1,0,0,5,0,0,0,0,0,0,2,0,0,0,0,0,0,0,0,0,0,1,0,0,0,0,0,0,0,0,0,0,0,0,0,0,0,0,1,0,0,0,0,0,0,0,0,0,0,0,0,129,1,0,0,0,0,1,0,0,18,2,0,0,0,0,0,89,7,0,0,0,0,0,0,0,0,0,0,0,0,0,0,0,0,0,0,0,0,0,0,0,0,3,0,0,0,0,0,0,0,0,0,0,0,0
31,MD04-2845,2085,-9999,-9999,-9999,-9999,-9999,COUN,23168,0,0,0,0,0,0,0,0,0,0,0,0,0,0,0,0,0,0,0,0,0,0,0,0,0,0,0,1,0,0,1,0,1,0,0,0,0,27,0,1,1,4,0,0,0,0,0,9,0,0,0,0,0,0,1,0,0,0,0,0,0,0,0,0,0,0,1,0,0,0,0,0,0,0,0,0,0,0,0,0,0,0,3,0,0,0,0,0,0,0,0,0,1,1,0,171,1,0,0,0,0,1,0,0,29,3,0,0,0,0,0,72,2,0,0,0,0,0,1,0,0,0,0,0,0,0,0,0,0,0,0,0,0,0,0,0,0,2,0,0,0,0,1,0,0,0,0,0,0,0
31,MD04-2845,2090,-9999,-9999,-9999,-9999,-9999,COUN,23169,0,1,0,1,0,0,0,0,0,1,0,0,3,0,1,1,0,0,2,0,0,0,0,0,0,0,0,0,0,0,0,0,0,0,0,0,0,28,0,0,1,4,0,0,0,0,0,5,0,0,0,0,0,0,0,0,0,0,0,0,1,0,0,0,0,0,4,0,0,0,0,0,0,0,0,0,0,0,0,0,0,0,0,0,0,0,0,1,0,0,0,0,0,1,0,86,1,0,0,0,0,0,0,0,7,0,0,0,0,0,0,55,5,0,0,0,0,0,0,0,0,0,0,0,0,0,0,0,0,0,0,0,0,0,0,1,0,0,0,0,0,0,1,0,0,0,0,0,0,0
31,MD04-2845,2095,-9999,-9999,-9999,-9999,-9999,COUN,23170,0,3,0,0,0,0,0,0,0,3,0,1,1,0,0,0,0,0,1,0,0,0,0,0,0,0,0,0,0,0,1,0,0,0,0,0,0,7,0,0,2,5,0,0,0,1,0,6,0,0,0,0,0,0,1,0,0,0,0,0,0,0,0,0,0,0,1,0,0,0,0,0,0,0,0,0,0,0,0,0,0,0,0,0,0,0,0,0,0,0,0,0,0,0,0,164,0,1,0,0,0,0,0,0,49,1,0,0,0,0,0,135,2,1,0,0,0,0,0,0,0,0,0,0,0,0,0,0,0,0,0,0,0,0,0,0,0,3,0,0,0,0,6,0,0,0,0,0,0,0
31,MD04-2845,2100,-9999,-9999,-9999,-9999,-9999,COUN,23171,0,1,0,1,0,0,0,0,0,8,0,1,28,0,0,0,0,0,2,0,0,1,0,0,0,0,2,0,0,0,6,0,0,0,0,0,0,0,0,0,3,4,0,0,2,0,0,2,0,0,0,0,0,0,0,0,0,0,0,0,0,1,0,0,0,0,1,0,0,0,0,0,0,0,0,0,0,0,0,0,0,0,0,0,0,0,0,0,0,0,0,0,0,0,0,108,0,1,0,0,0,5,0,0,5,0,0,0,0,0,0,23,2,0,0,0,0,0,0,2,0,0,0,0,0,0,0,0,0,0,0,0,0,0,0,1,0,2,0,0,0,0,3,0,0,0,0,0,0,0
31,MD04-2845,2105,-9999,-9999,-9999,-9999,-9999,COUN,23172,0,0,0,0,0,0,1,0,0,25,0,1,7,0,0,0,0,0,5,0,0,0,0,0,0,0,0,0,0,0,4,0,0,0,0,0,0,3,0,1,10,16,0,0,9,0,0,4,0,0,0,0,0,0,0,0,0,0,0,0,0,0,0,1,0,0,0,0,0,0,0,0,0,0,0,0,0,0,0,0,0,0,0,0,0,0,0,0,0,0,0,0,0,0,0,277,0,0,0,0,0,8,0,0,17,0,0,0,0,0,0,4,0,0,0,0,0,0,0,0,0,0,0,0,0,0,0,0,0,0,0,0,1,0,0,0,0,14,1,0,0,0,1,0,0,0,0,0,0,0
31,MD04-2845,2110,-9999,-9999,-9999,-9999,-9999,COUN,23173,0,0,0,7,0,0,0,0,0,10,0,1,6,0,1,0,0,0,8,0,0,0,1,0,0,0,0,0,0,0,2,0,0,0,0,0,0,3,0,0,2,15,0,0,0,1,0,6,0,0,1,0,0,0,0,0,0,0,0,0,0,2,0,1,0,2,0,0,0,0,0,0,0,0,0,0,0,0,0,1,0,0,0,0,0,0,0,0,0,0,0,0,0,0,0,101,0,2,0,0,0,25,0,0,9,0,0,0,0,0,0,2,0,0,0,0,0,0,0,0,0,0,0,0,0,0,0,0,0,0,0,0,0,0,0,1,0,2,0,0,0,0,0,0,0,0,0,0,0,0
31,MD04-2845,2115,-9999,-9999,-9999,-9999,-9999,COUN,23174,0,0,0,2,0,0,3,0,0,8,0,1,3,0,0,0,0,0,15,0,0,0,1,0,0,0,0,0,0,0,2,0,0,0,0,0,0,4,0,1,1,10,0,0,1,0,0,8,0,0,0,0,0,0,0,0,0,0,0,0,0,0,0,0,0,0,0,0,0,0,0,0,0,0,0,0,0,0,0,0,0,0,2,0,0,0,0,0,0,0,0,0,0,3,0,253,0,1,0,0,0,21,0,0,40,0,0,0,0,0,0,4,0,0,0,0,1,0,0,0,0,0,0,0,0,0,0,0,0,0,0,0,0,0,0,0,0,11,0,1,0,1,1,0,0,0,0,0,0,0
31,MD04-2845,2120,-9999,-9999,-9999,-9999,-9999,COUN,23175,3,0,0,1,0,0,0,0,0,5,0,1,3,0,0,1,0,0,2,0,0,4,2,0,0,0,0,0,0,0,0,0,0,0,0,0,0,2,0,0,4,14,0,0,1,0,0,8,0,0,2,0,0,0,0,0,0,0,0,0,0,3,0,0,0,0,1,0,0,0,1,0,0,0,0,0,0,0,0,0,0,0,0,0,0,0,0,0,0,0,0,0,0,8,0,417,0,0,0,0,2,12,0,0,70,0,0,0,0,0,0,6,0,0,0,0,0,0,1,0,1,0,0,0,0,0,0,0,0,0,0,0,1,0,0,2,0,14,0,0,0,0,0,0,0,0,0,0,0,0
31,MD04-2845,2125,-9999,-9999,-9999,-9999,-9999,COUN,23176,0,0,0,1,0,0,0,1,0,5,0,2,4,0,0,0,0,0,11,0,0,1,4,0,0,0,0,0,0,0,1,0,0,0,0,0,0,1,0,1,2,22,0,0,1,0,0,10,0,0,0,0,1,0,0,0,0,0,0,0,0,2,0,0,0,1,1,0,0,0,0,0,0,0,0,0,0,0,0,0,0,0,3,0,0,0,0,0,0,0,0,0,0,2,0,266,0,2,0,0,0,5,0,0,59,0,0,0,0,0,0,2,0,0,1,0,0,0,1,0,0,0,0,0,0,0,0,0,0,0,0,0,0,0,0,0,0,13,0,0,0,0,4,0,0,0,0,0,0,0
31,MD04-2845,2130,-9999,-9999,-9999,-9999,-9999,COUN,23177,0,0,0,1,0,0,1,0,0,9,0,2,1,0,0,0,0,0,9,0,0,1,0,0,0,0,0,0,0,0,1,0,0,0,0,0,0,2,0,0,1,22,0,0,3,1,0,7,0,0,0,0,0,0,0,0,0,0,0,0,0,2,0,0,0,0,0,0,0,0,0,0,0,0,0,0,0,0,0,0,0,0,0,0,0,0,0,0,0,0,0,0,0,3,0,233,0,0,0,0,0,22,0,0,14,0,0,0,0,0,0,1,0,0,0,0,0,0,0,0,0,0,0,0,0,0,0,0,0,0,0,0,0,0,0,2,0,9,0,0,0,0,2,0,0,0,0,0,0,0
31,MD04-2845,2135,-9999,-9999,-9999,-9999,-9999,COUN,23178,2,0,0,2,0,0,1,1,0,7,0,1,1,0,1,0,0,0,11,0,0,1,3,0,1,0,0,0,0,0,2,0,0,0,0,0,0,1,0,1,2,13,0,0,0,1,0,8,0,0,2,0,1,0,0,0,0,1,0,0,0,1,0,1,0,0,1,0,0,0,0,0,0,0,0,0,0,0,0,0,0,0,3,0,0,0,0,0,0,0,0,0,0,5,0,234,0,2,0,0,0,11,0,0,49,0,0,0,0,0,0,6,0,0,0,0,3,0,0,0,0,0,0,0,0,0,0,0,0,0,0,0,0,0,0,0,0,8,1,0,1,0,0,0,1,0,0,0,0,0
31,MD04-2845,2140,-9999,-9999,-9999,-9999,-9999,COUN,23179,0,0,0,1,0,0,0,0,0,9,0,0,3,0,1,1,0,0,7,0,0,1,1,0,0,0,0,0,0,0,2,0,0,0,0,0,0,2,0,0,2,14,0,0,1,0,0,5,0,0,1,0,0,0,1,0,0,0,0,0,0,0,0,1,0,0,2,0,0,0,0,0,0,0,0,0,0,0,0,0,0,0,0,0,0,0,0,0,0,0,0,0,0,0,0,196,0,0,0,0,1,33,0,0,27,0,0,0,0,0,0,5,0,0,0,0,0,0,0,0,0,0,0,0,0,0,0,0,0,0,0,0,0,0,0,0,0,6,0,1,0,0,1,0,1,0,0,0,0,0
31,MD04-2845,2145,-9999,-9999,-9999,-9999,-9999,COUN,23180,1,0,0,0,0,0,1,0,0,5,0,3,2,0,0,1,0,0,3,0,0,2,2,0,3,0,0,0,0,0,2,0,0,0,0,0,0,0,0,1,6,21,0,0,0,0,0,10,0,0,1,0,0,0,0,0,0,0,0,0,0,4,0,0,0,0,2,0,0,0,0,0,0,0,0,0,0,0,0,0,0,0,2,0,0,0,0,0,0,0,0,0,0,1,0,157,0,1,0,0,1,16,0,0,26,0,1,0,0,0,0,0,0,0,0,0,2,0,0,0,0,0,0,0,0,0,0,0,0,0,0,0,0,0,0,0,0,10,0,1,1,0,0,0,0,0,0,0,0,0
31,MD04-2845,2150,-9999,-9999,-9999,-9999,-9999,COUN,23181,1,0,0,2,0,0,3,0,0,3,0,1,2,0,1,0,0,0,3,0,0,2,0,0,0,0,0,0,0,0,1,0,0,0,1,0,0,2,0,0,6,21,0,0,1,1,0,12,0,0,1,0,0,0,0,0,0,0,0,0,0,0,0,0,0,1,2,0,0,0,0,0,0,0,0,0,0,0,0,0,0,0,0,0,0,0,0,0,0,0,0,0,0,2,0,282,0,2,0,0,0,23,0,0,39,0,0,0,0,0,0,2,0,0,1,0,0,0,0,0,0,0,0,0,0,0,0,0,0,0,0,0,0,0,0,3,0,4,1,0,0,0,1,0,0,0,0,0,0,0
31,MD04-2845,2155,-9999,-9999,-9999,-9999,-9999,COUN,23182,2,0,0,2,0,0,1,0,0,8,0,1,1,0,0,0,0,0,7,0,0,0,2,0,0,0,0,0,0,0,1,0,0,0,0,0,0,2,0,1,3,13,0,0,2,1,0,13,0,0,0,0,1,0,0,0,0,0,0,0,0,1,0,2,0,0,0,0,0,0,0,0,0,0,0,0,0,0,0,0,0,0,2,0,0,0,0,0,0,0,0,0,0,2,0,203,0,6,0,0,0,19,0,0,33,0,0,0,0,0,0,2,0,1,0,0,1,0,0,0,0,0,0,0,0,0,0,0,0,0,0,0,0,0,0,0,0,7,0,1,0,0,0,0,0,0,0,0,0,0
31,MD04-2845,2165,-9999,-9999,-9999,-9999,-9999,COUN,23184,3,0,0,1,0,0,1,0,0,5,0,0,1,0,1,1,0,0,7,0,0,0,1,0,0,0,1,0,0,0,2,0,0,0,0,0,0,1,0,1,4,25,0,0,3,3,0,4,0,0,0,0,1,0,0,0,0,0,0,0,0,1,0,0,0,0,2,0,0,0,0,0,0,0,0,0,0,0,0,0,0,0,3,0,0,0,0,0,0,0,0,0,0,5,0,233,0,0,0,0,2,9,0,0,36,0,0,0,0,0,1,1,0,0,1,0,2,0,0,0,0,0,0,0,0,0,0,0,0,0,0,0,0,0,0,0,0,11,0,0,0,0,1,0,0,0,0,0,0,0
31,MD04-2845,2175,-9999,-9999,-9999,-9999,-9999,COUN,23186,1,0,0,0,0,0,2,0,0,5,0,1,1,0,0,3,0,0,1,0,0,1,3,0,0,0,1,0,0,0,1,0,0,0,0,0,0,2,0,4,1,17,0,0,3,1,0,9,0,0,0,0,0,0,0,0,0,0,0,0,0,0,0,0,0,0,1,0,0,0,0,0,0,0,0,0,0,0,0,0,0,0,2,0,0,0,0,0,0,0,0,0,0,6,0,308,0,0,0,2,0,9,0,0,46,0,0,0,0,0,0,4,0,0,0,0,0,0,0,2,0,0,0,0,0,0,0,0,0,0,0,0,1,0,0,0,0,25,0,0,0,0,2,0,0,0,0,0,0,0
