site_id,site_name,Sample depth,CLAM_min95,CLAM_max95,CLAM_best,CLAM_acc_rate,CLAM_age_model_type,count_type,sample_id,Abies,Acer,Alnus,Ambrosia type,Anogramma leptophylla,Anthemis,Apiaceae,Artemisia,Asphodelus,Aster type,Betula,Boraginaceae,Botrychium type,Brassicaceae,Buxus,Calluna,Campanulaceae,Carpinus betulus,Caryophyllaceae,Cedrus,Centaurea cyanus type,Centaurea nigra type,Centaurea scabiosa type,cf Haplophyllum,Chenopodiaceae type,Cistus,Convolvulus,Corylus,Cryptogramma,Cupressaceae,Cyperaceae,Daphne,Ephedra distachya type,Ephedra fragilis type,Epilobium type,Ericaceae,Erodium,Euphorbia,Fabaceae,Fagus,Filipendula,Frangula alnus,Fraxinus excelsior type,Galium type,Gentianaceae,Geranium,Hedera,Helianthemum,Herniaria type,Hippophae,Ilex,Indeterminable,Isoetes,Juglans,Knautia type,Lamiaceae,Lemna,Liliaceae,Lythrum,Mentha type,Mercurialis type,Myrica,Myriophyllum alterniflorum,Myriophyllum verticillatum,Nymphaea alba type,Olea,Onagraceae,Phillyrea,Picea,Pinus,Pistacia,Plantago,Platanus,Plumbaginaceae,Poaceae,Polygonum aviculare type,Polygonum persicaria type,Polypodiales,Polypodium vulgare type,Potamogeton,Quercus (deciduous),Quercus (evergreen),Quercus suber type,Ranunculaceae,Resedaceae,Rhamnus type,Rosaceae,Rumex,Salix,Sambucus,Sanguisorba minor ssp. minor,Sanguisorba officinalis,Scabiosa,Scrophulariaceae,Sparganium/Typha,Sphagnum,Taraxacum,Thalictrum,Tilia,Ulex type,Ulmus,Unknown,Urtica type,Valerianaceae
35,MD99-2331,280,18248.8,18639.8,18452,16.824,Locally weighted spline (loess_default smoothing 0.75),COUN,5741,0,0,1,0,0,1,1,1,2,6,0,0,1,0,0,4,0,0,0,0,0,3,0,0,0,0,0,0,0,0,10,0,0,0,0,35,1,0,0,0,0,0,0,0,0,0,0,7,0,3,1,26,2,0,0,0,0,0,0,0,0,0,0,0,0,0,0,0,0,176,0,1,0,2,22,0,0,0,0,0,1,0,0,0,0,0,0,0,0,0,0,0,0,0,0,0,9,0,0,0,0,1,0,0
35,MD99-2331,285,18334.9,18722.5,18536.3,16.912,Locally weighted spline (loess_default smoothing 0.75),COUN,5742,0,0,0,0,0,2,0,0,0,5,0,0,1,0,0,3,0,0,1,0,0,1,0,0,1,0,0,0,0,0,2,0,0,1,0,24,0,0,0,0,0,0,0,0,0,0,0,4,0,1,0,34,1,0,0,0,0,0,0,0,0,0,0,0,0,1,0,0,0,115,0,1,0,2,47,0,0,1,0,0,2,0,0,0,0,0,0,0,0,0,0,0,0,0,0,0,12,0,0,0,0,0,0,0
35,MD99-2331,290,18422.3,18804.2,18621,17,Locally weighted spline (loess_default smoothing 0.75),COUN,5743,0,0,1,0,0,3,0,2,0,7,0,0,1,0,0,3,0,0,0,0,0,1,0,0,2,0,0,0,0,0,6,0,1,0,0,29,1,0,0,0,0,0,0,0,0,0,0,4,0,0,0,26,1,0,0,0,0,0,0,0,0,0,0,0,0,0,0,0,0,158,0,2,0,1,29,0,0,0,0,0,0,0,0,0,0,0,1,0,0,0,0,0,0,0,0,0,7,0,0,0,0,0,0,0
35,MD99-2331,295,18509.5,18888.1,18706.2,17.089,Locally weighted spline (loess_default smoothing 0.75),COUN,5744,0,0,0,0,0,1,0,3,0,10,0,0,0,0,0,4,0,0,1,0,0,0,0,0,0,0,0,0,0,0,3,0,1,0,0,35,2,0,0,1,0,0,0,0,0,0,0,4,0,1,0,22,0,0,0,0,0,0,0,0,0,0,0,0,0,0,0,0,0,156,0,1,0,2,29,0,0,2,0,0,2,0,0,0,0,0,0,1,0,0,0,0,0,0,0,0,11,0,0,0,0,0,0,0
35,MD99-2331,300,18595.4,18972,18791.8,17.177,Locally weighted spline (loess_default smoothing 0.75),COUN,5745,0,0,0,0,0,4,0,4,0,11,0,0,0,0,0,3,1,0,2,1,0,0,0,0,1,0,0,0,0,0,10,0,0,0,0,31,2,0,0,0,0,0,0,0,0,0,0,4,0,0,1,29,3,0,0,0,0,0,0,0,0,0,0,0,0,0,0,0,0,135,0,1,0,3,32,0,0,1,0,0,0,0,0,0,0,0,1,0,0,0,0,0,0,0,0,0,8,0,0,0,0,0,0,0
35,MD99-2331,305,18680.3,19058.4,18877.9,17.266,Locally weighted spline (loess_default smoothing 0.75),COUN,5746,0,0,0,0,0,2,0,2,0,9,1,0,0,1,0,9,0,0,1,0,0,0,0,0,3,0,0,0,0,1,8,0,1,1,0,21,0,0,1,0,1,0,1,0,0,0,0,4,0,2,0,45,3,0,0,0,0,0,0,0,0,0,0,0,0,0,0,0,0,129,0,1,0,0,27,0,0,0,0,0,2,1,0,0,0,0,0,0,0,0,0,0,0,1,0,0,10,0,0,0,0,0,0,0
35,MD99-2331,310,18765.2,19145.7,18964.4,17.354,Locally weighted spline (loess_default smoothing 0.75),COUN,5747,0,0,0,0,0,6,0,2,0,8,1,0,0,0,0,1,0,0,1,0,0,0,0,0,0,0,0,0,0,1,9,0,2,0,0,28,1,0,0,0,0,0,0,0,0,0,0,8,0,0,0,21,4,0,0,0,0,0,0,0,0,0,0,0,0,0,0,0,0,158,0,2,0,0,27,0,1,0,1,0,1,1,0,0,0,0,0,0,0,0,0,0,0,0,0,0,7,0,0,1,0,0,0,0
35,MD99-2331,315,18850.9,19233.3,19051.4,17.443,Locally weighted spline (loess_default smoothing 0.75),COUN,5748,0,0,0,0,0,1,0,1,1,9,0,0,0,1,0,4,0,0,0,0,0,2,0,0,0,0,0,2,1,3,5,0,0,0,0,21,0,0,1,0,0,0,0,0,0,0,0,7,0,1,0,19,1,0,0,0,0,0,0,0,0,0,0,0,0,0,0,0,0,101,0,0,0,1,23,0,0,0,0,0,0,0,0,1,0,0,0,0,0,0,0,0,0,0,0,0,10,0,0,0,0,0,0,0
35,MD99-2331,320,18936.1,19320.7,19138.8,17.532,Locally weighted spline (loess_default smoothing 0.75),COUN,5749,0,0,1,0,0,2,0,3,0,7,2,0,1,0,0,2,0,0,4,1,0,1,0,0,1,0,0,0,1,0,9,0,0,0,0,25,0,1,0,0,0,0,0,0,0,1,0,5,0,0,0,22,6,0,0,0,0,0,0,0,0,0,0,0,0,0,0,0,0,168,0,0,0,4,32,0,0,0,0,0,0,1,0,1,0,0,0,0,0,0,0,0,0,0,0,0,6,0,0,0,0,0,0,0
35,MD99-2331,325,19021.6,19409.6,19226.6,17.621,Locally weighted spline (loess_default smoothing 0.75),COUN,5750,0,0,0,0,0,3,0,7,0,9,0,0,0,0,0,6,0,0,1,0,1,1,0,0,0,0,0,1,0,0,5,0,0,0,0,21,1,0,0,0,0,0,0,0,0,0,0,6,0,2,0,20,3,0,0,0,0,0,0,0,0,0,0,0,0,0,0,0,0,149,0,2,0,1,35,0,0,0,0,0,2,0,0,0,0,0,0,0,0,0,0,0,0,0,0,0,5,0,0,0,0,0,0,0
35,MD99-2331,330,19107.5,19500.4,19314.9,17.71,Locally weighted spline (loess_default smoothing 0.75),COUN,5751,0,0,0,0,0,4,0,3,2,4,0,0,1,0,0,6,0,0,1,0,0,0,0,0,1,0,0,1,0,1,4,1,1,1,0,31,0,0,0,0,0,0,0,0,0,0,0,5,0,2,0,19,0,0,0,0,0,0,0,0,0,0,0,0,0,0,0,0,0,148,0,3,0,1,21,0,0,0,0,0,1,0,0,0,0,0,0,0,0,0,0,0,0,0,0,0,11,0,0,0,0,0,0,0
35,MD99-2331,335,19192.9,19591.9,19403.6,17.799,Locally weighted spline (loess_default smoothing 0.75),COUN,5752,0,0,0,0,0,1,0,4,0,9,0,0,0,0,0,1,0,0,2,0,0,0,0,0,1,0,0,1,0,0,11,0,1,0,0,25,0,0,1,0,0,0,0,0,0,0,0,3,0,1,0,38,4,0,0,0,0,0,0,0,0,0,0,0,0,0,0,0,0,104,0,0,0,3,30,0,0,0,0,0,1,0,0,0,0,0,0,0,0,0,0,0,1,0,0,0,7,0,0,0,0,0,0,0
35,MD99-2331,340,19279,19684,19492.8,17.889,Locally weighted spline (loess_default smoothing 0.75),COUN,5753,0,0,0,0,0,4,1,2,0,8,0,0,0,0,0,4,0,0,1,0,0,0,1,0,2,0,0,0,0,0,5,0,0,0,0,35,0,0,0,0,0,0,0,0,0,0,0,5,0,2,0,15,0,0,0,0,0,0,0,0,0,0,0,0,0,0,0,0,0,193,0,1,0,1,39,0,0,2,0,0,1,0,0,1,0,0,0,0,0,0,0,0,1,0,0,0,18,0,0,0,0,0,0,0
35,MD99-2331,345,19365.7,19775.9,19582.4,17.978,Locally weighted spline (loess_default smoothing 0.75),COUN,5754,0,0,2,0,0,2,0,3,1,11,0,0,0,0,0,5,0,0,1,0,0,0,0,0,1,0,0,0,0,0,7,0,0,0,0,21,0,0,0,0,0,0,0,0,0,0,0,8,0,0,0,26,3,0,0,0,0,0,0,0,0,0,0,0,0,0,0,0,0,131,0,2,0,0,37,0,0,0,0,0,1,1,0,1,0,0,0,0,0,0,1,0,0,0,0,0,5,0,0,0,0,0,0,0
35,MD99-2331,350,19450.6,19868.6,19672.5,18.068,Locally weighted spline (loess_default smoothing 0.75),COUN,5755,0,0,0,0,0,2,0,3,1,2,3,0,1,0,0,7,0,0,2,0,0,1,0,0,1,0,0,1,0,0,5,0,2,0,0,36,0,0,0,0,0,0,0,0,0,0,0,3,0,1,0,30,0,0,0,0,0,0,0,0,0,0,0,0,0,0,0,0,0,116,0,1,0,3,37,0,1,0,0,0,1,0,0,0,0,0,0,0,0,0,0,0,0,0,0,0,7,0,0,1,0,0,0,0
35,MD99-2331,355,19538.9,19962.3,19763,18.157,Locally weighted spline (loess_default smoothing 0.75),COUN,5756,0,0,0,0,0,3,0,3,0,3,0,0,0,0,0,4,0,0,2,1,0,0,0,0,1,0,0,1,0,1,6,0,1,0,0,27,0,0,0,0,0,0,0,0,0,0,0,7,0,3,0,33,0,0,0,0,0,0,0,0,0,0,0,0,0,0,0,0,0,127,0,1,0,1,30,0,0,0,0,0,5,0,0,0,0,0,0,0,0,0,0,0,0,0,0,0,14,0,0,0,0,0,0,0
35,MD99-2331,360,19625.2,20057,19854,18.247,Locally weighted spline (loess_default smoothing 0.75),COUN,5757,0,0,0,0,0,0,0,3,0,3,0,0,0,0,0,2,1,0,2,0,0,0,0,0,0,0,0,1,0,3,5,0,0,0,0,41,0,0,0,0,0,0,0,0,0,0,0,4,0,2,0,39,3,0,0,0,0,1,0,0,0,0,0,0,0,0,0,1,0,136,0,0,0,3,23,0,0,0,0,0,3,0,0,0,0,0,0,0,0,0,0,0,1,0,0,0,8,0,0,0,0,0,0,0
35,MD99-2331,365,19711.6,20152.6,19945.4,18.337,Locally weighted spline (loess_default smoothing 0.75),COUN,5758,0,0,0,0,0,1,0,2,0,8,0,0,0,0,0,4,0,0,1,0,0,2,0,0,1,0,0,0,0,0,6,0,0,0,0,23,1,0,0,0,0,0,0,0,0,0,0,6,0,3,0,44,3,0,0,0,0,0,0,0,0,0,0,0,0,0,0,0,0,94,0,4,0,1,45,0,0,0,0,0,0,0,0,0,0,0,0,0,0,0,1,0,0,0,0,0,4,0,0,1,0,0,0,0
35,MD99-2331,370,19798.8,20247.8,20037.2,18.427,Locally weighted spline (loess_default smoothing 0.75),COUN,5759,0,0,0,0,0,3,0,2,0,4,1,0,2,0,0,5,0,0,1,0,0,1,0,0,0,0,0,0,0,1,7,0,1,0,0,28,2,0,0,0,0,0,0,0,0,0,0,10,0,0,0,34,3,0,0,0,0,0,0,0,0,0,0,0,0,0,0,0,0,109,0,1,0,0,35,0,0,0,0,0,1,0,0,0,0,0,0,0,0,0,0,0,0,0,0,0,5,0,0,0,1,0,0,0
35,MD99-2331,375,19887.2,20345,20129.5,18.517,Locally weighted spline (loess_default smoothing 0.75),COUN,5760,0,0,1,0,0,1,0,4,0,6,0,0,0,0,0,4,0,0,1,0,0,1,0,0,3,0,0,1,0,0,6,0,0,1,0,32,1,0,0,0,0,0,0,0,0,0,0,3,0,1,0,25,2,1,0,0,0,0,0,0,0,0,0,0,0,1,0,0,0,157,0,1,0,3,20,0,0,0,0,0,1,0,0,0,0,0,0,0,0,0,0,0,2,0,0,0,8,0,0,0,0,0,0,0
35,MD99-2331,380,19975.5,20439.9,20222.3,18.607,Locally weighted spline (loess_default smoothing 0.75),COUN,5761,0,0,0,0,0,3,0,1,0,3,0,0,0,0,0,4,0,0,1,0,0,0,0,0,2,0,0,1,0,0,11,0,0,0,0,46,1,0,0,0,0,0,0,0,0,0,0,3,0,0,0,17,4,0,0,0,0,0,0,0,0,0,0,0,0,1,0,0,0,152,0,2,0,1,25,0,0,1,0,0,2,0,0,0,0,0,0,0,0,0,0,0,0,0,0,0,9,0,0,0,1,0,0,0
35,MD99-2331,385,20064.4,20536.7,20315.5,18.697,Locally weighted spline (loess_default smoothing 0.75),COUN,5762,0,0,0,0,0,0,0,2,0,2,1,0,1,0,0,4,0,0,0,0,0,1,0,0,1,0,0,0,0,0,5,0,1,0,0,28,0,0,0,0,0,0,0,0,0,0,0,6,0,3,0,29,1,0,0,0,0,0,0,0,0,0,0,0,0,1,0,0,0,111,0,2,0,2,35,1,0,0,0,0,1,0,0,0,0,0,0,0,0,0,0,0,0,0,0,0,13,0,0,0,0,0,0,0
35,MD99-2331,390,20153.4,20634.8,20409.2,18.787,Locally weighted spline (loess_default smoothing 0.75),COUN,5763,0,0,0,0,0,3,0,2,1,10,0,0,0,0,0,4,0,0,1,0,0,0,0,0,1,0,0,1,0,1,5,0,0,0,0,21,0,0,1,0,0,0,0,0,0,0,0,5,0,0,0,38,1,0,0,0,0,0,0,0,0,0,0,0,0,0,0,0,0,126,0,0,0,1,39,0,0,0,0,0,1,0,0,0,0,0,0,0,0,0,0,0,1,0,0,0,9,0,0,0,0,0,0,0
35,MD99-2331,395,20242.5,20731.9,20503.3,18.878,Locally weighted spline (loess_default smoothing 0.75),COUN,5764,0,0,0,0,0,2,0,3,0,12,2,0,0,0,0,10,0,0,4,0,0,0,0,0,2,0,0,0,1,0,3,0,0,0,0,28,0,0,0,0,0,0,0,0,0,0,0,11,0,0,0,47,0,0,0,0,0,0,0,0,0,0,0,0,0,0,0,0,0,98,0,0,0,4,26,0,0,0,0,0,0,0,0,0,0,0,0,0,1,0,0,0,2,0,0,0,9,0,0,0,0,0,0,0
35,MD99-2331,400,20332.3,20830.6,20597.9,18.968,Locally weighted spline (loess_default smoothing 0.75),COUN,5765,0,0,0,0,0,2,0,2,0,9,1,0,0,0,0,4,0,1,1,0,0,1,0,0,0,0,0,0,0,1,4,0,1,1,0,19,1,0,0,0,0,0,0,0,0,0,0,5,0,0,0,17,1,0,1,0,0,0,0,0,0,0,0,0,0,0,0,0,0,164,0,3,0,1,31,0,0,0,0,0,0,0,0,0,0,0,0,0,0,0,0,0,1,0,0,0,7,0,1,2,0,0,0,0
35,MD99-2331,405,20423,20930.1,20692.9,19.059,Locally weighted spline (loess_default smoothing 0.75),COUN,5766,0,0,2,0,0,4,0,2,0,5,1,0,1,0,0,9,0,0,3,0,0,1,0,0,1,0,0,0,1,0,9,0,0,0,0,14,1,0,0,0,0,0,0,0,0,0,0,10,0,0,0,33,0,0,0,0,0,0,0,0,0,0,0,0,0,0,0,0,0,111,0,0,0,2,24,0,0,0,0,0,2,0,0,1,0,0,0,0,0,0,0,0,1,0,0,0,9,0,0,0,0,0,0,0
35,MD99-2331,410,20513.8,21028.3,20788.4,19.15,Locally weighted spline (loess_default smoothing 0.75),COUN,5767,0,0,0,0,0,0,0,2,0,10,1,0,0,0,0,3,0,0,3,0,0,0,0,0,0,0,0,0,0,1,3,0,0,1,0,27,0,0,0,0,0,0,0,0,0,0,0,7,0,0,0,19,1,0,0,0,0,0,0,0,0,0,0,0,0,0,0,0,0,164,0,1,0,1,27,0,1,1,0,0,2,0,0,0,0,0,0,0,0,0,0,0,1,0,0,0,13,0,0,0,0,0,0,0
35,MD99-2331,415,20605.6,21128.2,20884.3,19.241,Locally weighted spline (loess_default smoothing 0.75),COUN,5768,0,0,0,0,0,1,0,2,0,5,1,0,1,0,0,7,0,0,1,0,0,1,0,0,1,0,0,0,0,1,5,0,0,0,0,23,0,0,0,0,0,0,0,0,0,0,0,6,0,0,0,28,0,0,0,0,0,0,0,0,0,0,0,0,0,0,0,0,0,130,0,2,0,3,34,0,0,0,0,0,1,0,0,1,0,0,0,0,0,0,0,0,1,0,0,0,8,0,0,1,0,0,0,0
35,MD99-2331,420,20698.2,21228.1,20980.7,19.331,Locally weighted spline (loess_default smoothing 0.75),COUN,5769,0,0,0,0,0,2,0,1,2,4,0,0,0,0,0,2,0,0,2,0,0,3,0,0,0,0,0,0,0,0,10,0,1,0,0,38,1,0,0,0,0,0,0,0,0,0,0,6,0,3,0,30,2,0,0,0,0,1,0,0,0,0,0,0,0,0,0,0,0,185,0,3,0,8,23,0,0,1,0,0,0,0,0,0,0,0,0,0,0,0,0,0,1,0,0,0,9,0,0,0,0,0,0,0
35,MD99-2331,425,20791.5,21327.6,21077.5,19.422,Locally weighted spline (loess_default smoothing 0.75),COUN,5770,0,0,0,0,0,3,0,2,0,4,1,1,0,0,0,5,0,0,1,0,0,0,0,0,0,0,0,2,0,0,8,0,1,0,0,26,0,0,0,0,0,0,0,0,0,0,0,8,0,1,0,36,3,0,0,0,0,0,0,0,0,0,0,0,0,0,0,0,0,115,0,0,0,2,32,0,0,0,1,0,1,0,0,0,0,0,0,0,0,0,0,0,0,0,0,0,8,0,0,0,1,0,0,0
35,MD99-2331,430,20885.8,21428,21174.8,19.514,Locally weighted spline (loess_default smoothing 0.75),COUN,5771,0,0,0,0,0,5,0,5,0,7,0,0,0,0,0,7,0,0,0,0,0,0,0,0,0,0,0,1,1,1,3,0,1,0,0,24,0,0,0,0,0,0,0,0,0,0,0,8,0,0,0,21,1,0,0,0,0,0,0,0,0,0,1,0,0,0,0,0,0,91,0,1,0,1,27,0,0,0,0,0,3,0,0,0,0,0,0,0,0,0,0,0,0,0,0,0,7,0,0,0,0,0,0,1
35,MD99-2331,435,20982.4,21527.8,21272.6,19.605,Locally weighted spline (loess_default smoothing 0.75),COUN,5772,0,0,0,0,0,3,0,3,1,3,0,1,0,0,0,7,0,0,2,0,0,0,0,0,2,0,0,0,0,1,3,1,0,0,0,34,0,0,0,0,0,0,0,0,0,0,0,9,0,0,0,25,2,0,0,0,0,0,0,0,0,0,0,0,0,0,0,0,0,130,0,0,0,3,19,0,0,2,0,0,2,0,0,0,0,0,1,0,0,0,0,0,0,0,0,0,7,0,0,0,0,0,0,0
35,MD99-2331,440,21078,21627.7,21370.8,19.696,Locally weighted spline (loess_default smoothing 0.75),COUN,5773,0,0,0,0,0,1,0,0,1,8,0,0,0,0,0,5,0,0,1,0,0,2,0,0,1,0,0,0,0,0,6,0,2,0,0,32,0,0,0,0,0,0,0,0,0,0,0,5,0,1,0,14,3,0,0,0,0,0,1,0,0,0,0,0,0,0,0,0,0,198,0,2,0,3,23,0,0,1,0,0,2,0,0,0,0,0,0,0,0,0,0,0,0,0,0,0,19,0,0,0,0,0,0,0
35,MD99-2331,445,21174.3,21729,21469.4,19.788,Locally weighted spline (loess_default smoothing 0.75),COUN,5774,0,0,0,0,0,3,0,3,0,2,0,0,0,1,0,5,0,0,1,0,0,0,0,0,0,0,0,0,0,1,5,0,1,1,0,18,0,0,0,0,0,0,0,0,0,0,0,14,0,1,0,24,2,0,0,0,0,0,0,0,0,0,0,0,0,0,0,0,0,128,0,1,0,1,35,0,0,0,0,0,0,0,0,1,0,0,0,0,0,0,0,0,0,0,0,0,6,0,1,0,0,0,0,0
35,MD99-2331,450,21271.6,21830.5,21568.6,19.879,Locally weighted spline (loess_default smoothing 0.75),COUN,5775,0,0,0,0,0,1,0,5,1,11,1,0,0,0,0,8,0,0,2,0,0,0,0,0,1,0,0,1,0,0,7,0,0,0,0,19,0,1,0,0,0,0,0,0,0,0,0,6,0,4,0,28,1,0,0,0,0,0,0,0,0,0,0,0,0,0,0,0,0,160,0,1,0,0,26,0,0,1,0,0,1,0,0,2,0,0,1,0,0,0,0,0,0,0,0,0,5,0,0,0,0,0,0,0
35,MD99-2331,455,21368.8,21931.2,21668.1,19.971,Locally weighted spline (loess_default smoothing 0.75),COUN,5776,0,0,1,0,0,3,0,5,0,2,0,0,0,0,0,12,0,0,0,0,0,0,0,0,2,0,0,0,0,0,8,0,1,1,0,30,1,0,0,0,0,0,0,0,0,0,0,2,0,1,0,33,2,0,0,0,0,0,0,0,0,0,0,0,0,0,0,0,0,121,0,1,0,3,32,0,0,0,0,0,4,0,0,0,0,0,0,0,0,0,0,0,0,0,0,0,6,0,0,0,0,0,0,0
35,MD99-2331,460,21467.5,22032.7,21768.2,20.062,Locally weighted spline (loess_default smoothing 0.75),COUN,5777,0,0,0,0,0,2,0,2,1,6,0,0,0,0,0,6,0,0,1,0,0,0,0,0,2,0,0,0,0,1,8,0,0,0,0,25,0,0,0,0,0,0,0,0,0,0,0,7,0,4,0,11,5,0,0,0,0,0,0,0,0,0,0,0,0,0,0,0,0,159,0,2,0,1,25,0,0,0,0,0,2,0,0,0,0,0,0,0,0,0,0,0,1,0,0,0,9,0,0,0,0,0,0,0
35,MD99-2331,465,21566.5,22135.3,21868.7,20.154,Locally weighted spline (loess_default smoothing 0.75),COUN,5778,0,0,0,0,0,8,0,2,0,8,0,0,0,0,0,10,1,0,1,0,0,0,0,0,2,0,1,0,0,0,5,0,2,0,0,34,0,0,0,0,0,0,0,0,0,0,0,5,0,0,0,22,3,0,0,0,0,0,0,0,0,0,0,0,0,0,0,0,0,185,0,4,0,1,28,0,0,0,0,0,1,0,0,0,0,0,0,0,0,0,0,0,0,0,0,0,8,0,0,0,0,0,0,1
35,MD99-2331,470,21666.2,22237.4,21969.6,20.246,Locally weighted spline (loess_default smoothing 0.75),COUN,5779,0,0,1,0,0,3,0,1,0,12,0,0,1,0,0,5,0,0,0,0,0,1,0,0,0,0,0,0,0,1,7,0,1,0,0,25,0,0,0,0,0,0,0,0,0,0,0,2,0,3,0,19,1,0,0,0,0,0,0,0,0,0,0,0,0,0,0,0,0,111,0,2,0,1,36,0,1,0,0,0,1,0,0,0,0,0,0,0,0,0,0,0,1,0,0,0,8,0,0,0,0,0,0,0
35,MD99-2331,475,21766.6,22339.8,22071.1,20.338,Locally weighted spline (loess_default smoothing 0.75),COUN,5780,0,0,0,0,0,2,0,6,0,7,1,0,0,0,0,3,0,0,2,0,0,1,0,0,0,0,0,0,0,1,5,1,0,0,0,21,0,0,0,0,0,0,0,0,0,0,0,7,0,1,0,39,3,0,0,0,0,0,0,0,0,0,0,0,0,0,0,0,0,127,0,3,0,2,32,0,0,1,1,0,4,0,0,0,0,0,0,0,0,0,0,0,0,0,0,0,9,0,0,0,0,0,0,0
35,MD99-2331,480,21867.6,22442.7,22172.9,20.43,Locally weighted spline (loess_default smoothing 0.75),COUN,5781,0,0,1,0,0,1,0,0,0,8,0,0,0,0,0,3,0,0,2,0,0,0,0,0,0,1,0,0,1,0,7,0,1,1,0,42,1,0,0,0,0,0,0,0,0,0,0,3,0,2,0,22,2,0,0,0,0,0,0,0,0,1,0,0,0,0,0,0,0,203,0,1,0,4,15,0,0,0,0,0,0,0,0,0,0,0,0,0,0,0,0,0,0,0,0,0,7,0,0,1,0,0,0,0
35,MD99-2331,485,21969.3,22545.8,22275.3,20.523,Locally weighted spline (loess_default smoothing 0.75),COUN,5782,0,0,1,0,0,2,0,7,0,11,0,0,0,0,0,7,0,0,5,0,0,0,0,0,1,0,0,0,0,0,10,0,0,0,0,30,1,0,1,0,0,0,0,0,0,0,0,8,0,1,0,35,2,0,0,0,0,0,0,0,0,0,0,0,0,0,0,0,0,168,0,2,0,0,34,0,0,0,0,0,2,0,0,0,0,0,0,0,0,0,0,0,0,0,0,0,15,0,0,0,0,0,0,0
35,MD99-2331,490,22071.4,22649.2,22378.1,20.615,Locally weighted spline (loess_default smoothing 0.75),COUN,5783,0,1,0,0,0,4,0,3,3,1,0,0,0,0,0,9,0,0,4,0,0,0,0,0,1,0,0,0,0,1,4,0,0,0,0,37,0,0,0,0,0,0,0,0,0,0,0,8,0,1,0,26,2,0,0,0,0,0,0,0,0,0,0,0,0,0,0,0,0,196,0,3,0,0,34,0,0,0,0,0,0,0,0,0,0,0,0,0,0,0,0,0,1,0,0,0,12,0,0,0,0,0,0,0
35,MD99-2331,495,22175.7,22753.2,22481.3,20.707,Locally weighted spline (loess_default smoothing 0.75),COUN,5784,0,0,1,0,0,0,0,2,0,5,1,0,1,0,0,11,0,0,1,0,0,1,0,0,2,0,0,0,0,1,5,0,0,0,0,35,0,0,0,0,0,0,0,0,0,0,0,3,0,1,0,16,3,0,0,0,0,0,0,0,0,0,0,0,0,0,0,0,0,133,0,5,0,0,26,0,0,1,0,0,1,0,0,0,0,0,0,0,0,0,0,0,0,0,0,0,9,0,0,0,0,0,0,0
35,MD99-2331,500,22280.1,22856.9,22585,20.8,Locally weighted spline (loess_default smoothing 0.75),COUN,5785,0,0,1,0,0,2,0,4,0,3,0,0,0,0,0,6,0,0,0,0,0,0,0,0,2,1,0,1,0,0,5,0,0,0,0,38,0,1,0,0,0,0,0,0,0,0,0,2,0,0,0,16,1,0,1,0,0,0,0,0,0,0,0,0,0,0,0,0,0,194,0,2,0,3,19,0,0,0,0,0,1,0,0,0,0,0,0,0,0,0,0,0,0,0,0,0,11,0,0,0,0,0,0,0
35,MD99-2331,505,22385.7,22960.3,22689.2,20.893,Locally weighted spline (loess_default smoothing 0.75),COUN,5786,0,0,1,0,0,6,0,4,0,3,0,0,0,0,0,11,0,0,2,1,0,0,0,0,2,0,0,0,0,0,4,0,0,0,0,28,1,0,0,0,0,0,0,0,0,0,0,13,0,2,0,32,2,0,0,0,0,0,0,0,0,0,0,0,0,0,0,0,0,175,0,1,0,1,30,0,0,1,0,0,1,0,0,0,0,0,0,1,0,0,0,0,0,0,0,0,6,0,0,0,0,0,0,0
35,MD99-2331,510,22490.9,23064.3,22793.9,20.985,Locally weighted spline (loess_default smoothing 0.75),COUN,5787,0,0,0,0,0,2,0,0,0,3,0,0,1,0,0,7,0,0,1,0,0,0,0,0,0,0,0,1,0,1,8,0,0,0,0,35,1,0,1,0,0,0,0,0,0,0,0,3,0,1,0,16,1,0,0,0,0,0,0,0,0,0,0,0,0,0,0,0,0,179,0,2,0,2,16,0,0,1,0,0,0,0,0,0,0,0,0,0,0,0,0,0,0,0,0,0,16,0,0,0,0,0,0,0
35,MD99-2331,515,22596.8,23168.2,22899,21.078,Locally weighted spline (loess_default smoothing 0.75),COUN,5788,0,0,0,0,0,4,1,1,0,3,0,0,0,0,0,7,0,0,2,0,0,1,0,0,2,0,0,1,0,0,7,0,0,0,0,24,1,0,2,0,0,0,0,0,0,0,0,3,0,1,0,22,3,0,0,0,0,0,0,0,0,0,0,0,0,0,0,0,0,120,0,0,0,1,26,0,0,1,0,0,1,1,0,0,0,0,0,0,0,0,0,0,0,0,0,0,10,0,0,0,0,0,0,1
35,MD99-2331,520,22702.6,23272.5,23004.6,21.171,Locally weighted spline (loess_default smoothing 0.75),COUN,5789,0,0,0,0,0,3,0,5,0,4,2,0,0,0,0,8,0,0,2,0,0,1,1,0,2,0,0,1,0,0,7,0,0,1,0,40,0,0,0,0,0,0,0,0,0,0,0,3,0,4,0,26,0,0,0,0,0,0,0,0,0,0,0,0,0,0,0,0,0,189,0,2,0,5,18,0,0,1,0,0,0,0,0,0,0,0,0,0,0,0,0,0,0,0,0,0,11,0,0,0,0,0,0,0
35,MD99-2331,525,22810.5,23377,23110.6,21.264,Locally weighted spline (loess_default smoothing 0.75),COUN,5790,0,0,0,0,0,3,0,2,0,7,1,0,1,0,0,6,0,0,1,0,0,0,0,0,1,0,0,0,0,1,4,0,0,0,0,19,1,0,1,0,0,0,0,0,0,0,0,6,0,0,0,23,0,0,0,0,0,0,0,0,0,0,0,0,0,0,0,0,0,159,0,1,0,2,32,1,0,0,1,0,1,0,0,0,0,0,0,0,0,0,0,0,0,0,0,0,10,0,0,1,0,0,0,0
35,MD99-2331,530,22919.2,23481.8,23217.1,21.357,Locally weighted spline (loess_default smoothing 0.75),COUN,5791,0,0,1,0,0,0,1,2,0,8,0,0,0,0,0,12,0,0,2,0,0,0,0,0,0,0,0,0,0,1,6,0,0,2,0,19,1,0,0,0,0,0,0,0,0,0,0,4,0,1,0,14,7,0,0,0,0,0,0,0,1,0,0,0,0,0,0,0,0,157,0,0,0,1,32,0,0,0,0,0,2,0,0,0,0,0,0,0,0,0,0,0,0,0,0,0,13,0,0,1,0,0,0,0
35,MD99-2331,535,23029.6,23586.1,23324.1,21.451,Locally weighted spline (loess_default smoothing 0.75),COUN,5792,0,0,0,0,0,1,0,3,1,1,0,0,1,1,0,9,0,0,2,0,0,1,0,0,0,0,0,0,0,0,10,0,2,0,0,27,0,0,0,0,0,0,0,0,0,0,0,6,0,1,0,29,2,0,0,0,0,0,0,0,0,0,0,0,0,0,0,0,0,114,0,1,0,1,21,0,1,2,0,0,1,0,0,0,0,0,0,0,0,0,0,0,0,0,0,0,13,0,0,0,0,0,0,0
35,MD99-2331,540,23140,23691.2,23431.5,21.544,Locally weighted spline (loess_default smoothing 0.75),COUN,5793,0,0,0,0,0,4,0,3,0,2,0,0,1,0,0,15,0,0,3,0,0,0,0,0,1,0,0,0,0,1,5,0,0,0,0,28,0,0,0,0,0,0,0,0,0,0,0,6,0,0,0,32,2,0,0,0,0,0,0,0,0,0,0,0,0,0,0,0,0,152,0,2,0,4,23,0,0,0,0,0,3,0,0,0,0,0,0,0,0,0,0,0,0,0,0,0,10,0,0,0,0,0,0,0
35,MD99-2331,545,23250.4,23796.3,23539.4,21.637,Locally weighted spline (loess_default smoothing 0.75),COUN,5794,0,0,1,0,0,3,0,1,0,4,1,0,2,0,0,8,0,0,0,0,0,0,0,0,0,0,0,0,0,0,7,0,0,1,0,24,1,0,0,0,0,0,0,0,0,0,0,1,0,1,0,19,4,0,0,0,0,0,0,0,0,0,0,0,0,0,0,0,0,129,0,2,0,3,29,0,1,0,0,0,0,0,0,1,0,0,1,0,0,0,0,0,0,0,0,0,10,0,0,0,0,0,0,0
35,MD99-2331,550,23362.7,23901.5,23647.8,21.731,Locally weighted spline (loess_default smoothing 0.75),COUN,5795,0,0,0,0,0,4,1,1,1,8,0,0,0,0,0,9,0,0,5,0,0,1,0,0,0,0,0,0,1,0,8,0,0,0,0,28,0,0,1,0,0,0,0,0,0,0,0,6,0,0,0,24,2,0,0,0,0,0,0,0,0,0,0,0,0,0,0,0,0,191,0,1,0,1,29,0,0,0,0,0,1,0,0,0,0,0,0,0,0,0,0,0,0,0,0,0,13,0,0,0,0,0,0,0
35,MD99-2331,555,23474.8,24006.5,23756.7,21.825,Locally weighted spline (loess_default smoothing 0.75),COUN,5796,0,0,0,0,0,3,0,1,0,3,0,0,0,0,0,6,0,1,1,0,0,1,0,0,0,0,0,0,0,1,7,1,0,0,0,32,0,0,0,0,0,0,0,0,0,0,0,2,0,1,0,35,4,0,0,0,0,0,0,1,0,0,0,0,0,0,0,0,0,133,0,1,0,0,27,0,0,0,1,0,3,0,0,1,0,0,0,0,0,0,0,0,0,0,0,0,9,0,0,0,0,0,0,0
35,MD99-2331,560,23587.3,24113,23866,21.918,Locally weighted spline (loess_default smoothing 0.75),COUN,5797,0,0,0,0,0,3,0,9,1,11,0,0,0,0,0,9,0,0,3,0,0,0,1,0,0,0,0,0,0,2,16,0,1,0,0,47,0,0,0,0,0,0,0,0,0,0,0,9,0,1,0,45,5,0,0,0,0,0,0,0,0,0,0,0,0,0,0,0,0,313,0,2,0,4,26,0,0,3,0,0,1,0,0,0,0,0,0,0,0,0,0,0,0,0,0,0,14,0,0,0,0,0,0,0
35,MD99-2331,565,23701.9,24219.2,23975.7,22.012,Locally weighted spline (loess_default smoothing 0.75),COUN,5798,0,0,0,0,0,5,0,3,2,3,0,0,0,0,0,18,0,0,1,0,0,0,0,0,3,0,0,0,0,0,6,0,1,0,0,29,0,1,0,0,0,0,0,0,0,0,0,4,0,0,0,19,1,0,0,0,0,0,0,0,0,0,0,0,0,0,0,0,0,208,0,2,0,1,25,0,0,0,0,0,2,0,0,0,0,0,0,0,0,0,0,0,0,0,0,0,17,0,0,0,0,1,0,0
35,MD99-2331,570,23815.4,24326.1,24086,22.106,Locally weighted spline (loess_default smoothing 0.75),COUN,5799,0,0,1,0,0,2,0,3,1,6,0,0,0,0,0,8,0,0,1,0,0,1,0,0,0,0,0,0,0,0,6,1,0,0,0,21,0,0,0,0,1,0,0,0,0,0,0,4,0,1,0,24,6,0,0,0,0,0,0,0,0,0,0,0,0,0,0,0,0,134,0,2,0,1,37,0,0,0,1,0,1,0,0,0,0,0,0,0,0,0,0,0,0,0,0,0,8,0,0,1,0,1,0,0
35,MD99-2331,575,23930.2,24433.6,24196.7,22.2,Locally weighted spline (loess_default smoothing 0.75),COUN,5800,0,0,0,0,0,1,0,1,0,8,0,0,0,0,0,12,0,0,1,0,1,1,0,0,2,0,0,0,0,1,8,0,1,0,0,29,0,0,0,0,0,0,0,0,0,0,0,1,0,0,0,36,3,0,0,0,0,0,0,0,0,0,0,0,0,0,0,0,0,146,0,2,0,2,35,0,0,0,0,0,3,0,0,0,0,0,0,0,0,0,0,0,0,0,0,0,10,0,0,0,0,1,0,0
35,MD99-2331,580,24046.9,24540.5,24307.9,22.294,Locally weighted spline (loess_default smoothing 0.75),COUN,5801,0,0,1,0,0,8,0,3,0,8,0,0,0,0,0,17,0,0,4,0,0,0,0,0,0,0,0,1,1,0,9,0,0,0,0,33,0,0,0,0,0,0,0,0,0,0,0,5,0,3,0,40,1,0,0,0,0,0,0,0,0,0,0,0,0,0,0,0,0,193,0,3,0,5,40,0,0,0,2,0,1,0,0,0,0,0,0,0,0,0,0,0,0,0,0,0,13,0,0,0,0,0,0,0
35,MD99-2331,585,24164.9,24647.6,24419.6,22.389,Locally weighted spline (loess_default smoothing 0.75),COUN,5802,0,0,0,0,0,3,0,3,0,10,0,0,0,0,0,20,0,0,3,0,0,0,0,0,2,0,0,0,0,2,8,1,0,0,0,26,0,0,0,0,0,0,0,0,0,0,0,5,1,0,0,44,4,0,0,0,0,0,0,0,0,0,0,0,0,0,0,0,0,142,0,5,0,3,45,0,0,1,0,0,5,0,0,0,0,0,0,0,0,0,0,0,0,0,0,0,19,0,0,0,0,0,0,0
35,MD99-2331,590,24282.9,24754.6,24531.7,22.483,Locally weighted spline (loess_default smoothing 0.75),COUN,5803,0,0,0,0,0,4,0,6,1,5,0,0,0,0,0,6,0,0,6,0,0,0,0,0,1,0,0,1,0,0,6,0,0,0,0,30,0,1,1,0,0,0,0,0,0,0,0,7,0,0,0,23,4,0,0,0,0,0,0,1,0,0,0,0,0,0,0,0,0,125,0,1,0,3,25,0,0,0,0,0,0,0,0,0,0,0,0,0,0,0,0,0,0,0,0,0,5,0,0,0,0,0,0,0
35,MD99-2331,595,24401.5,24861.9,24644.3,22.577,Locally weighted spline (loess_default smoothing 0.75),COUN,5804,0,0,0,0,0,2,0,3,0,6,0,0,0,1,0,15,0,0,2,0,0,0,0,0,3,0,0,0,0,0,11,0,0,0,0,22,0,0,0,0,0,0,0,0,0,0,0,4,0,1,0,29,1,0,0,0,0,0,0,0,0,0,0,1,0,0,0,0,0,136,0,2,0,2,23,0,0,1,0,0,0,0,0,0,0,0,0,0,0,0,0,0,2,0,0,0,13,0,0,0,0,0,0,1
35,MD99-2331,600,24520.4,24969.3,24757.4,22.672,Locally weighted spline (loess_default smoothing 0.75),COUN,5805,0,0,0,0,0,4,0,2,2,4,0,0,1,0,0,16,0,0,3,0,0,1,0,0,0,0,0,0,0,0,10,0,0,0,0,49,5,0,0,0,0,0,0,0,0,0,0,5,0,0,0,32,1,0,0,0,0,0,0,0,0,0,0,0,0,0,0,0,1,152,0,5,0,3,21,0,0,2,0,0,2,0,0,0,0,0,0,0,0,0,0,0,0,0,0,0,18,0,0,0,0,0,0,0
35,MD99-2331,605,24639,25077.3,24870.9,22.767,Locally weighted spline (loess_default smoothing 0.75),COUN,5806,0,0,0,0,0,6,0,4,1,4,0,0,0,0,0,15,0,0,2,0,0,0,0,0,2,0,0,0,0,1,7,0,0,0,0,18,0,0,0,0,0,0,0,0,0,0,0,2,0,4,0,37,0,0,0,0,0,0,0,0,0,0,0,0,0,0,0,0,0,173,0,7,0,6,30,0,0,0,0,0,0,0,0,2,0,1,0,0,0,0,0,0,0,0,0,0,14,0,0,0,0,0,0,0
35,MD99-2331,610,24759.9,25186.3,24984.7,22.691,Locally weighted spline (loess_default smoothing 0.75),COUN,5807,0,0,1,0,0,0,0,3,0,8,0,0,1,0,0,10,1,0,1,0,0,0,0,0,0,0,0,0,0,1,9,0,0,0,0,20,1,0,1,0,0,0,0,0,0,0,0,1,0,2,0,35,3,0,0,0,0,0,0,0,0,0,0,0,0,0,0,0,0,172,0,1,0,2,31,0,0,1,1,0,0,0,0,0,0,0,0,0,0,0,0,0,0,0,0,0,11,0,0,0,0,0,0,0
35,MD99-2331,615,24881.3,25294.3,25097.9,22.572,Locally weighted spline (loess_default smoothing 0.75),COUN,5808,0,0,1,0,0,1,0,5,0,8,0,0,2,0,0,16,0,0,1,0,1,0,0,0,4,0,0,0,0,0,6,0,0,0,0,22,0,1,0,0,0,0,0,0,0,0,0,0,0,0,0,49,2,0,0,0,0,0,0,0,0,0,0,0,0,0,0,0,0,92,0,2,0,2,36,0,0,0,1,0,1,0,0,0,0,0,0,0,0,0,0,0,0,0,0,0,10,0,0,0,0,0,0,0
35,MD99-2331,620,25001.7,25401.3,25210.6,22.486,Locally weighted spline (loess_default smoothing 0.75),COUN,5809,0,0,0,0,0,3,0,1,0,3,0,0,1,0,0,9,0,0,2,0,0,0,0,0,1,0,0,0,0,2,7,0,0,0,0,28,1,1,0,0,0,0,0,0,0,0,0,5,0,0,0,17,1,0,0,0,0,0,0,0,0,0,0,0,0,0,0,0,0,187,0,2,0,4,25,0,0,1,0,0,1,0,0,0,0,0,0,0,0,0,0,0,0,0,0,0,13,0,0,0,0,0,0,0
35,MD99-2331,625,25121.6,25506.2,25322.9,22.435,Locally weighted spline (loess_default smoothing 0.75),COUN,5810,0,0,0,0,0,1,0,2,0,6,0,0,1,0,0,12,0,0,2,0,0,0,0,0,1,0,0,1,1,1,2,0,0,0,0,35,0,0,0,0,0,0,0,0,0,0,0,4,0,0,0,38,2,0,0,0,0,0,0,0,0,0,0,0,0,1,0,0,0,129,0,0,0,2,24,0,0,1,0,0,1,0,0,0,0,0,0,0,0,0,0,0,0,0,0,0,17,0,0,0,0,0,0,0
35,MD99-2331,630,25240.7,25613.4,25435,22.417,Locally weighted spline (loess_default smoothing 0.75),COUN,5811,0,0,1,0,0,0,0,2,1,5,0,0,0,1,0,6,0,0,5,0,0,0,0,0,0,0,0,0,0,1,3,0,0,0,0,24,0,2,0,0,0,0,0,0,0,0,0,2,0,0,0,25,5,0,0,0,0,0,0,0,0,0,0,0,0,0,0,0,0,176,0,1,0,3,14,0,0,0,0,0,2,0,0,0,0,0,0,0,0,0,0,0,0,0,0,0,30,0,0,0,0,0,0,0
35,MD99-2331,635,25359.8,25720.9,25547.1,22.434,Locally weighted spline (loess_default smoothing 0.75),COUN,5812,0,0,1,0,0,2,0,3,0,5,0,0,1,0,0,16,0,0,2,0,0,2,0,0,0,0,0,0,0,0,4,0,0,0,0,36,1,0,0,0,0,0,0,0,0,0,0,3,0,0,0,35,5,0,0,0,0,0,0,0,0,0,0,0,0,0,0,0,0,130,0,2,0,5,32,0,0,0,0,0,4,0,0,0,0,0,0,0,0,0,0,0,1,0,0,0,23,0,0,0,0,0,0,0
35,MD99-2331,640,25477.3,25830,25659.4,22.485,Locally weighted spline (loess_default smoothing 0.75),COUN,5813,0,0,0,0,0,4,0,2,1,7,2,0,0,0,0,16,0,0,7,0,0,0,0,0,2,0,0,0,0,0,8,0,1,1,0,37,0,0,0,0,0,0,0,1,0,0,0,8,0,0,0,29,3,0,0,0,0,0,0,0,0,0,0,0,0,0,0,0,0,123,0,2,0,0,31,0,0,0,0,0,1,0,0,0,0,0,0,0,0,0,0,0,1,0,0,0,19,0,0,0,0,0,0,0
35,MD99-2331,645,25591,25943.2,25772,22.57,Locally weighted spline (loess_default smoothing 0.75),COUN,5814,0,0,0,0,0,7,0,3,0,13,0,0,1,0,0,26,0,0,5,0,0,0,0,0,1,0,0,0,0,0,6,0,0,0,0,44,2,0,0,0,0,0,0,0,0,0,0,8,0,0,0,38,1,0,0,0,0,0,0,0,0,1,0,0,0,0,0,0,0,80,0,1,0,1,32,0,1,0,1,0,1,0,0,0,0,0,0,0,0,0,0,0,0,0,0,0,18,0,0,0,0,0,0,0
35,MD99-2331,650,25707,26059.4,25885.1,22.689,Locally weighted spline (loess_default smoothing 0.75),COUN,5815,0,0,0,0,0,3,0,3,0,10,0,0,0,0,1,22,0,0,4,0,0,0,0,0,2,0,0,0,0,0,7,0,0,0,0,25,1,0,1,0,1,0,0,0,0,0,0,4,0,0,0,47,2,0,0,0,0,0,0,0,0,0,0,0,0,0,0,0,0,72,0,2,0,3,51,0,0,0,0,0,0,0,0,0,0,0,0,0,0,0,0,0,1,0,0,0,10,0,0,0,1,0,0,1
35,MD99-2331,655,25820.8,26176.5,25998.8,22.842,Locally weighted spline (loess_default smoothing 0.75),COUN,5816,0,0,0,0,0,3,0,5,4,10,0,0,0,1,0,12,0,1,2,0,0,0,0,0,0,0,0,0,1,0,4,0,0,0,0,18,0,0,0,0,0,0,0,0,0,0,0,3,0,0,0,36,1,0,0,0,0,0,0,0,0,0,0,0,0,0,0,0,0,79,0,3,0,3,25,0,0,0,0,0,0,0,0,1,0,0,0,0,0,0,0,0,0,0,0,0,16,0,0,0,0,0,0,0
35,MD99-2331,660,25933.6,26296.1,26113.4,23.029,Locally weighted spline (loess_default smoothing 0.75),COUN,5817,0,0,0,0,0,3,0,1,2,4,0,0,0,0,0,8,0,0,0,0,0,0,0,0,1,0,0,0,1,1,8,0,0,1,0,41,0,0,0,0,0,0,0,0,0,0,0,4,0,0,0,18,4,0,0,0,0,0,0,0,0,0,0,0,0,0,0,0,0,181,0,3,0,4,35,0,0,0,0,0,2,0,0,0,0,0,0,0,0,0,0,0,0,0,0,0,15,0,0,0,0,0,0,0
35,MD99-2331,665,26047,26420.1,26228.9,23.25,Locally weighted spline (loess_default smoothing 0.75),COUN,5818,0,0,0,0,0,4,0,9,0,8,1,0,0,1,0,15,0,0,3,0,0,2,0,0,1,0,0,0,0,0,2,0,0,0,0,28,0,2,0,0,0,0,0,0,0,0,0,4,0,0,0,22,0,0,0,0,0,0,0,0,0,0,0,0,0,0,0,0,0,129,0,1,0,5,30,0,0,1,0,0,0,0,0,0,0,0,0,0,0,0,0,0,0,0,0,0,13,0,0,1,0,0,0,0
35,MD99-2331,670,26158.2,26543.2,26345.7,23.441,Locally weighted spline (loess_default smoothing 0.75),COUN,5819,0,0,1,0,0,2,0,1,0,8,1,0,0,0,0,5,0,0,2,0,0,0,0,0,0,0,0,0,0,0,4,0,0,0,0,33,1,0,0,0,0,0,0,0,0,0,0,5,0,0,0,24,0,0,0,0,0,0,0,0,0,0,0,0,0,0,0,0,0,160,0,1,0,2,17,0,1,2,0,0,2,0,0,0,0,0,0,1,0,0,0,0,0,0,0,0,13,0,0,0,0,0,1,0
35,MD99-2331,675,26270.5,26667.6,26462.2,23.09,Locally weighted spline (loess_default smoothing 0.75),COUN,5820,0,0,0,0,0,6,0,6,0,11,0,0,0,0,0,16,0,0,2,0,0,1,0,0,2,0,0,0,0,0,4,0,0,0,0,48,0,0,0,0,0,0,0,0,0,0,0,7,0,1,0,18,3,0,0,0,0,0,0,0,0,0,0,0,0,0,0,0,0,261,0,0,0,1,25,0,0,0,1,0,3,0,0,0,0,0,0,0,0,0,0,0,2,0,0,0,25,0,0,0,0,0,0,0
35,MD99-2331,680,26377.5,26790.5,26577,22.787,Locally weighted spline (loess_default smoothing 0.75),COUN,5821,0,0,0,0,0,3,0,4,0,6,0,0,2,0,0,8,0,0,0,0,0,0,0,0,0,0,0,2,0,1,8,0,0,0,0,31,1,0,0,0,0,0,0,0,0,0,1,2,0,0,0,35,2,0,0,0,0,0,0,0,0,0,0,0,0,0,0,0,0,198,0,3,0,3,0,0,0,1,1,0,2,0,0,0,0,0,0,0,0,0,0,0,0,0,0,0,14,0,0,0,0,0,0,0
35,MD99-2331,685,26485.3,26911.3,26690.4,22.533,Locally weighted spline (loess_default smoothing 0.75),COUN,5822,0,0,0,0,0,3,0,3,0,5,1,0,0,0,0,10,0,0,4,0,0,2,0,0,0,0,0,0,0,0,9,0,1,1,0,22,0,0,0,0,0,0,0,0,0,0,0,1,0,0,0,25,2,0,0,0,0,0,0,1,0,0,0,0,0,0,0,0,0,141,0,3,0,2,17,0,0,0,0,0,1,0,0,0,0,0,0,0,0,0,0,0,1,0,0,0,12,0,0,1,0,0,1,0
35,MD99-2331,690,26592.6,27034.1,26802.6,22.326,Locally weighted spline (loess_default smoothing 0.75),COUN,5823,0,0,0,0,0,3,0,5,0,5,0,0,1,0,0,13,0,0,1,0,0,0,0,0,3,0,0,0,0,0,7,0,1,1,0,19,1,0,0,0,0,0,0,0,0,0,0,3,0,0,0,34,2,0,0,0,0,0,0,0,1,0,0,0,0,0,0,0,0,159,0,0,0,2,27,0,0,1,0,0,0,0,0,1,0,0,0,0,0,0,0,0,0,0,0,0,7,0,0,0,0,0,0,0
35,MD99-2331,695,26699.2,27156.7,26913.9,22.167,Locally weighted spline (loess_default smoothing 0.75),COUN,5824,0,0,0,0,0,6,0,3,0,7,0,0,2,0,0,4,0,0,4,0,0,2,1,0,3,0,0,0,0,2,6,0,0,0,0,24,0,0,0,0,0,0,0,0,0,0,0,6,0,0,0,19,1,0,0,0,0,0,0,0,0,0,1,0,0,0,0,0,0,197,0,1,0,5,15,0,0,0,0,0,1,0,0,0,0,0,0,0,0,0,0,0,0,0,0,0,10,0,0,0,0,0,0,0
35,MD99-2331,700,26805.3,27276.5,27024.5,22.057,Locally weighted spline (loess_default smoothing 0.75),COUN,5825,0,0,0,0,0,1,0,5,2,5,0,0,0,0,0,7,0,0,3,0,0,0,0,0,0,0,0,0,0,0,10,0,0,0,0,33,0,0,0,0,0,0,0,0,0,0,0,3,0,0,0,12,2,0,0,0,0,0,0,0,0,0,0,0,0,0,0,0,0,268,0,3,0,0,46,0,0,2,1,0,5,0,0,0,0,0,0,1,0,0,0,0,0,0,0,0,18,0,0,0,0,0,0,0
35,MD99-2331,710,27017.7,27513.2,27244.6,21.98,Locally weighted spline (loess_default smoothing 0.75),COUN,5826,0,0,0,0,0,1,0,7,2,5,1,0,0,0,0,3,0,0,1,0,0,1,0,0,2,0,0,0,0,0,8,0,0,0,1,33,0,0,0,0,0,0,0,0,0,1,0,2,0,0,0,10,6,0,0,0,0,0,0,0,0,0,0,0,0,0,0,0,0,187,0,4,0,3,36,0,0,1,0,0,1,0,0,1,0,0,0,1,0,0,2,0,0,0,0,0,12,0,0,0,0,0,0,0
35,MD99-2331,720,27228.9,27743.4,27464.7,22.094,Locally weighted spline (loess_default smoothing 0.75),COUN,5827,0,0,0,0,0,4,0,3,1,0,0,0,0,0,0,6,0,0,1,0,0,0,0,0,1,0,0,1,0,0,11,0,1,0,0,30,0,0,0,0,0,0,1,0,0,1,0,4,0,0,0,14,2,0,0,0,0,0,0,0,0,0,0,0,0,0,0,0,0,267,0,6,0,6,22,0,0,3,0,0,3,0,0,0,0,0,0,0,0,0,0,0,0,0,0,0,29,0,0,0,0,0,0,0
35,MD99-2331,730,27445.9,27978.3,27686.9,22.401,Locally weighted spline (loess_default smoothing 0.75),COUN,5828,0,0,0,0,0,1,0,4,0,7,0,0,0,0,0,7,0,0,2,0,0,0,0,0,0,0,0,0,0,1,9,0,1,0,0,18,2,0,0,0,0,0,0,0,0,0,0,5,0,1,0,7,2,0,0,0,0,0,0,0,0,0,0,0,0,0,0,0,0,145,0,2,0,3,30,0,0,0,0,0,3,0,0,2,0,0,0,0,0,0,0,0,0,0,0,1,9,0,0,0,0,0,0,0
35,MD99-2331,760,28137.5,28693,28384.7,24.474,Locally weighted spline (loess_default smoothing 0.75),COUN,5829,0,0,0,0,0,8,0,6,2,6,1,0,0,0,0,6,0,0,4,0,0,0,0,0,2,0,0,0,0,0,6,0,1,0,0,29,0,0,1,0,0,0,1,0,0,0,0,2,0,0,0,16,3,0,0,0,0,0,0,0,0,0,0,0,0,0,0,0,0,177,0,2,0,5,41,0,0,0,0,0,4,0,1,1,0,0,0,0,0,0,0,0,0,0,0,0,21,0,0,0,0,1,0,0
35,MD99-2331,780,28654,29198.7,28895.1,26.816,Locally weighted spline (loess_default smoothing 0.75),COUN,5830,0,0,3,0,0,1,0,7,0,3,0,0,0,0,0,7,0,0,3,0,0,0,0,0,1,0,0,2,0,0,14,0,1,0,0,29,0,0,0,0,0,0,1,0,0,0,0,4,0,0,0,14,12,0,0,0,0,1,0,0,0,0,0,0,0,0,0,0,0,183,0,4,0,4,36,0,0,3,0,0,8,1,0,0,0,0,1,0,0,0,0,0,0,0,0,0,8,0,0,1,0,0,0,0
35,MD99-2331,790,28936.6,29467.3,29169.7,28.275,Locally weighted spline (loess_default smoothing 0.75),COUN,5831,0,0,0,0,0,1,0,3,1,4,1,0,0,1,0,4,0,0,2,0,0,2,0,0,1,0,0,0,0,2,7,0,0,0,0,15,0,0,0,0,0,0,0,0,0,0,0,1,0,2,0,9,0,0,0,0,0,0,0,0,0,0,0,0,0,0,0,0,0,189,0,2,0,2,20,0,0,4,0,0,4,0,0,0,0,0,0,0,0,0,0,0,0,0,0,0,27,0,0,0,0,0,0,0
35,MD99-2331,800,29234.9,29747.1,29459.7,29.876,Locally weighted spline (loess_default smoothing 0.75),COUN,5832,0,0,0,0,0,3,0,2,1,3,0,0,0,0,0,6,0,0,2,0,0,0,0,0,3,1,0,0,0,0,12,0,0,0,0,20,0,0,1,0,0,0,0,0,0,0,0,2,0,0,0,9,3,0,0,0,0,0,0,0,0,0,0,0,0,0,0,0,0,215,0,4,0,4,29,0,0,1,0,0,7,0,0,2,0,0,2,0,0,0,0,0,0,0,0,0,10,0,0,0,0,0,0,0
35,MD99-2331,810,29551.3,30030.8,29762,30.682,Locally weighted spline (loess_default smoothing 0.75),COUN,5833,0,0,0,0,0,3,0,2,3,4,1,0,0,0,0,12,0,0,5,0,0,2,0,0,1,0,0,0,0,0,10,0,0,0,0,58,2,0,0,0,0,0,0,0,0,1,0,5,0,0,0,18,2,0,0,0,0,0,0,0,0,0,0,0,0,0,0,0,0,139,0,6,0,16,25,0,0,3,0,0,5,0,0,0,0,0,0,0,0,0,0,0,0,0,0,0,19,0,0,0,0,0,0,0
35,MD99-2331,815,29712.4,30174.2,29916.3,31.12,Locally weighted spline (loess_default smoothing 0.75),COUN,5834,0,0,0,0,0,4,0,2,0,5,0,0,1,0,0,13,0,0,4,0,0,2,0,0,0,0,0,0,0,1,4,0,0,0,0,44,1,0,0,0,0,0,0,0,0,0,0,3,0,1,0,22,1,0,0,0,0,0,0,0,0,0,0,0,0,0,0,0,0,124,0,0,0,4,11,0,0,0,0,0,1,0,0,0,0,0,0,0,0,0,0,0,1,0,0,0,18,0,0,0,0,0,0,0
35,MD99-2331,825,30041.2,30465,30231.7,32.068,Locally weighted spline (loess_default smoothing 0.75),COUN,5835,0,0,0,0,0,2,0,5,5,0,0,0,1,0,0,27,0,0,3,0,0,1,0,0,0,0,0,0,0,0,8,0,0,0,0,41,2,0,0,0,0,0,0,0,0,0,0,11,0,0,0,15,1,0,0,0,0,0,0,0,0,0,0,0,0,0,0,0,0,129,0,1,0,6,6,0,0,0,0,0,0,0,0,0,0,0,0,0,0,0,0,0,3,0,0,0,19,0,0,0,0,0,0,0
35,MD99-2331,830,30208,30614,30393,32.578,Locally weighted spline (loess_default smoothing 0.75),COUN,5836,0,0,1,0,0,5,0,2,3,16,3,0,0,0,0,23,0,0,8,0,0,0,0,0,3,0,0,2,0,0,3,0,0,0,0,76,0,0,0,0,0,0,0,0,0,0,0,12,0,0,0,24,8,0,0,0,0,0,0,0,0,0,0,0,0,0,0,0,0,79,0,2,0,5,45,0,0,0,0,0,2,0,0,2,0,0,0,0,0,0,0,0,0,0,0,0,13,0,0,0,0,0,0,0
35,MD99-2331,835,30375.7,30767.4,30557,33.112,Locally weighted spline (loess_default smoothing 0.75),COUN,5837,0,0,0,0,0,5,0,0,3,9,0,0,0,0,0,15,0,0,3,0,0,2,0,0,4,0,0,0,0,0,0,0,0,0,0,42,0,1,1,0,0,0,0,0,0,0,0,7,0,0,0,14,2,0,0,0,0,0,0,0,0,0,0,0,0,0,0,0,0,144,0,2,0,7,26,0,0,0,0,0,0,0,0,0,0,0,0,0,0,0,0,0,1,0,0,0,14,0,0,0,0,0,0,1
35,MD99-2331,840,30545.2,30924.3,30723.6,33.669,Locally weighted spline (loess_default smoothing 0.75),COUN,5838,0,0,1,0,0,2,0,1,2,14,1,0,0,0,0,14,0,0,6,0,0,3,0,0,0,0,0,1,0,0,5,0,1,0,0,39,2,0,0,0,0,0,0,0,0,0,0,4,0,0,0,15,3,0,0,0,0,0,0,0,0,0,0,0,0,0,0,0,0,183,0,0,0,2,27,0,0,2,0,0,2,0,0,0,0,0,2,0,0,0,0,0,0,0,0,0,10,0,0,0,0,0,0,1
35,MD99-2331,845,30716,31086.9,30893.1,34.251,Locally weighted spline (loess_default smoothing 0.75),COUN,5839,0,0,0,0,0,4,0,3,0,2,0,0,1,1,0,8,0,0,2,0,0,0,0,0,1,0,0,0,0,1,4,0,2,0,0,36,0,0,0,0,0,0,0,0,0,0,0,9,0,2,0,7,0,0,0,0,0,0,0,0,0,0,0,0,0,0,0,0,0,270,0,0,0,1,15,0,0,0,0,0,5,0,0,0,0,0,0,1,0,0,0,0,1,0,0,4,8,0,0,0,0,0,0,0
35,MD99-2331,850,30890.6,31252.4,31065.6,34.856,Locally weighted spline (loess_default smoothing 0.75),COUN,5840,0,0,0,0,0,3,0,5,1,7,0,0,0,0,0,3,0,0,3,0,0,1,0,0,4,0,0,0,0,0,4,0,0,1,0,22,0,0,0,0,0,0,1,0,0,0,0,6,0,0,0,10,2,0,0,0,0,0,0,0,0,0,0,0,0,0,0,0,0,197,0,1,0,3,28,0,0,2,0,0,3,0,0,0,0,0,2,0,0,0,0,0,0,0,0,0,10,0,0,0,0,0,0,0
35,MD99-2331,855,31065.9,31422.4,31241.1,35.485,Locally weighted spline (loess_default smoothing 0.75),COUN,5841,0,0,0,0,0,3,0,3,0,8,0,0,1,0,0,5,0,0,3,0,0,1,0,0,0,0,0,0,0,2,6,0,2,3,0,20,1,0,0,0,0,0,0,0,0,0,0,4,0,2,0,5,3,0,0,0,0,0,0,0,0,0,0,0,0,0,0,0,0,517,0,2,0,4,19,0,0,0,0,0,2,0,0,1,0,0,0,0,0,0,0,0,1,0,0,0,7,0,0,0,0,0,0,0
35,MD99-2331,860,31247.4,31596.8,31419.8,36.138,Locally weighted spline (loess_default smoothing 0.75),COUN,5842,0,0,1,0,0,4,0,2,2,1,0,0,0,0,0,3,0,0,1,0,0,2,0,0,1,1,0,0,0,0,2,0,0,1,0,35,0,0,0,0,0,0,0,0,0,0,0,7,0,0,0,12,1,0,1,0,0,0,0,0,0,0,0,0,0,0,0,0,0,257,0,3,0,2,20,0,0,3,0,0,3,0,0,0,0,0,0,0,0,0,0,0,0,0,0,0,12,0,0,0,0,0,0,0
35,MD99-2331,870,31616.3,31955.8,31787.1,37.437,Locally weighted spline (loess_default smoothing 0.75),COUN,5843,0,0,0,0,0,1,0,4,1,4,2,0,0,0,0,3,0,0,2,0,0,0,0,0,3,0,0,0,0,0,5,0,0,0,0,49,0,0,0,0,0,0,0,0,1,0,0,2,0,0,0,10,0,0,0,0,0,0,0,0,0,0,0,0,0,0,0,0,0,310,0,2,0,1,15,0,0,0,0,0,6,0,0,0,0,0,0,0,0,0,0,0,0,0,0,0,8,0,0,0,0,0,0,0
35,MD99-2331,875,31805.4,32139.7,31975.6,38.059,Locally weighted spline (loess_default smoothing 0.75),COUN,5844,0,0,0,0,0,2,0,7,3,7,3,0,2,0,0,6,0,0,1,0,0,0,0,0,3,0,0,0,0,1,7,0,0,0,0,19,0,0,0,0,0,0,0,0,0,0,0,4,0,1,0,32,0,0,0,0,0,0,0,0,0,0,0,0,0,0,0,0,0,435,0,2,0,2,21,0,0,0,0,0,8,0,0,0,0,0,0,0,0,0,0,0,0,0,0,0,9,0,0,0,0,0,0,0
35,MD99-2331,880,31998.4,32328.8,32167.1,38.663,Locally weighted spline (loess_default smoothing 0.75),COUN,5845,0,0,0,0,0,3,0,2,1,3,1,0,0,0,0,7,0,0,3,0,0,2,0,0,3,0,0,0,0,0,7,1,0,0,0,27,0,0,0,0,0,0,0,0,0,2,0,2,0,1,0,13,4,0,0,0,0,0,0,0,0,0,0,0,0,0,0,0,0,306,0,1,0,4,21,0,0,2,0,0,4,1,0,0,0,0,0,0,0,0,0,0,0,0,0,0,15,0,0,1,0,0,0,0
35,MD99-2331,885,32194,32520.8,32361.6,39.25,Locally weighted spline (loess_default smoothing 0.75),COUN,5846,0,0,0,0,0,3,0,5,1,4,0,0,2,0,0,8,0,0,5,0,0,2,0,0,3,0,0,0,0,0,6,0,1,0,0,22,1,0,0,0,0,0,0,0,0,0,0,2,0,0,0,15,5,0,0,0,0,0,0,0,0,0,0,0,0,0,0,0,0,315,0,2,0,0,26,0,0,1,0,0,0,0,0,0,0,0,0,1,0,0,0,0,0,0,0,0,9,0,0,0,0,0,0,0
35,MD99-2331,890,32393.1,32719.5,32559,39.818,Locally weighted spline (loess_default smoothing 0.75),COUN,5847,0,0,0,0,0,5,0,2,0,6,1,0,0,1,0,8,0,0,4,0,0,0,0,0,2,0,0,0,0,0,8,0,0,1,0,28,0,0,0,0,0,0,0,0,0,1,0,1,0,0,0,12,2,0,0,0,0,0,0,0,0,0,0,0,0,0,0,0,0,339,0,0,0,2,31,0,0,2,0,0,3,1,0,0,0,0,0,0,0,0,0,0,0,0,0,0,10,0,0,0,0,0,0,0
35,MD99-2331,895,32594.1,32921.2,32759.2,40.368,Locally weighted spline (loess_default smoothing 0.75),COUN,5848,0,0,0,0,0,1,0,3,0,2,2,0,2,0,1,10,1,0,5,0,0,2,0,0,3,0,0,0,0,0,6,0,1,0,0,26,0,1,0,0,0,0,0,0,0,0,0,1,0,0,0,6,1,0,0,0,0,0,0,0,0,0,0,0,0,0,0,0,0,343,0,6,0,3,26,0,0,4,0,0,2,0,0,0,0,0,0,0,0,0,0,0,0,0,0,2,7,0,0,0,0,0,0,0
35,MD99-2331,900,32793.4,33125.7,32962.1,40.901,Locally weighted spline (loess_default smoothing 0.75),COUN,5849,0,0,0,0,0,8,0,3,0,4,2,0,0,0,0,5,0,0,2,0,0,0,0,0,1,0,0,6,0,0,8,0,1,0,0,25,0,0,0,0,0,0,0,0,0,0,0,2,0,0,0,14,2,0,0,0,0,0,0,0,0,0,0,0,0,0,0,0,0,298,0,3,0,4,20,0,0,4,0,0,4,0,0,0,0,0,0,0,0,0,0,0,0,0,0,0,10,0,0,0,0,0,0,0
35,MD99-2331,905,32995,33336.9,33167.6,41.415,Locally weighted spline (loess_default smoothing 0.75),COUN,5850,0,0,1,0,0,7,0,5,2,9,1,0,2,1,0,8,0,0,2,0,0,0,0,0,3,0,0,0,1,1,9,0,0,1,0,18,0,0,0,0,0,0,0,0,0,0,0,3,0,0,0,11,7,0,0,0,0,0,0,0,0,0,0,0,0,0,0,0,0,345,0,2,0,2,28,0,0,1,0,0,2,0,0,0,0,0,1,0,0,0,0,0,0,0,0,1,2,0,0,0,0,0,0,1
35,MD99-2331,910,33198.4,33552.6,33375.7,41.911,Locally weighted spline (loess_default smoothing 0.75),COUN,5851,0,0,4,0,0,0,0,2,0,7,2,0,3,0,0,5,0,0,4,0,0,1,0,0,1,0,0,0,0,0,6,0,1,0,0,30,0,0,0,0,0,0,0,0,0,0,0,5,0,0,0,8,4,0,0,0,0,1,0,0,0,1,0,0,0,0,0,0,0,353,0,3,0,3,15,0,0,1,0,0,0,0,0,0,0,0,1,0,0,0,0,0,0,0,0,0,13,0,0,0,0,0,0,0
35,MD99-2331,915,33403.2,33770.2,33586.2,42.39,Locally weighted spline (loess_default smoothing 0.75),COUN,5852,0,0,0,0,0,2,0,6,1,3,1,0,2,0,0,10,0,0,1,0,0,2,0,0,0,1,0,1,0,2,6,0,0,0,0,24,1,0,0,0,0,0,0,0,0,0,0,3,0,0,0,10,4,0,0,0,0,0,0,0,0,0,0,0,0,0,0,0,0,433,0,2,0,2,25,0,0,1,0,0,5,0,0,0,0,0,0,0,0,0,0,1,1,0,0,0,7,0,0,1,0,1,0,0
35,MD99-2331,920,33610.2,33991.4,33799.1,42.85,Locally weighted spline (loess_default smoothing 0.75),COUN,5853,0,0,1,0,0,3,0,3,0,1,0,0,4,0,0,3,2,0,5,0,0,1,0,0,2,0,0,0,0,1,8,0,0,0,0,36,0,0,0,0,0,0,0,0,0,0,0,3,0,0,0,10,0,0,0,0,0,0,0,0,0,0,0,0,0,0,0,0,0,598,0,1,0,4,18,0,0,3,0,0,7,1,0,0,0,0,1,0,0,0,1,0,1,0,0,0,5,0,0,1,0,0,0,0
35,MD99-2331,925,33818.2,34216.1,34014.2,43.292,Locally weighted spline (loess_default smoothing 0.75),COUN,5854,0,0,0,0,0,3,0,6,0,8,2,0,5,1,0,11,0,0,4,0,0,1,0,0,2,0,0,0,0,3,9,0,0,0,0,19,0,0,0,0,0,0,0,0,0,0,0,3,0,1,0,7,2,0,0,0,0,0,0,0,0,0,0,0,0,0,0,0,0,568,0,1,0,3,22,0,0,1,0,0,10,0,0,1,0,0,1,0,0,0,0,0,0,0,0,1,10,0,0,0,0,1,0,0
35,MD99-2331,930,34029,34443.8,34231.5,43.716,Locally weighted spline (loess_default smoothing 0.75),COUN,5855,0,0,0,0,0,6,0,3,0,7,2,0,4,0,0,5,0,0,1,0,0,1,0,0,1,0,0,0,0,1,5,0,0,0,0,33,0,0,1,0,0,0,0,0,0,0,0,2,0,0,0,7,0,0,0,1,0,0,0,0,0,0,0,0,0,0,0,0,0,479,0,0,0,1,18,0,0,2,1,0,8,0,0,0,0,0,0,0,0,0,0,0,0,0,0,0,9,0,0,0,0,1,0,0
35,MD99-2331,935,34242.8,34673,34450.9,44.123,Locally weighted spline (loess_default smoothing 0.75),COUN,5856,0,0,0,0,0,2,1,8,0,9,2,0,5,0,0,10,0,0,2,0,0,2,0,0,2,0,0,1,0,0,5,0,3,0,0,9,0,0,0,0,0,0,0,0,0,0,0,2,0,0,0,10,4,0,0,0,0,0,0,0,0,0,0,0,0,0,0,0,0,276,0,0,0,3,24,0,0,2,2,1,4,0,0,1,0,0,0,0,0,0,0,0,0,0,0,0,13,0,0,0,0,0,0,0
35,MD99-2331,940,34456.8,34904.9,34672.3,44.511,Locally weighted spline (loess_default smoothing 0.75),COUN,5857,0,0,3,0,0,2,0,4,0,10,1,0,13,0,0,8,0,0,1,1,0,1,0,0,2,0,0,0,0,0,6,0,1,1,0,31,1,0,0,0,0,0,0,0,0,0,0,1,0,1,0,8,1,0,0,0,0,1,0,0,0,0,0,0,0,0,0,0,0,378,0,0,0,3,12,0,0,1,0,0,1,0,0,0,0,0,1,0,0,0,0,0,1,0,0,0,11,0,0,0,0,0,0,1
35,MD99-2331,945,34672.2,35139.9,34895.6,44.918,Locally weighted spline (loess_default smoothing 0.75),COUN,5858,0,0,0,0,0,3,0,7,2,4,0,0,7,0,0,6,0,0,1,0,0,1,0,0,3,1,0,0,0,1,3,0,2,0,0,21,0,0,0,0,0,0,0,0,0,0,0,5,0,0,0,14,5,0,0,1,0,0,0,0,0,0,0,0,0,0,0,0,0,307,0,4,0,2,15,0,0,0,0,0,5,0,0,0,0,0,0,0,0,0,0,0,0,0,0,0,14,0,0,0,0,0,0,0
35,MD99-2331,950,34888.8,35377,35121.6,45.62,Locally weighted spline (loess_default smoothing 0.75),COUN,5859,0,0,0,0,0,3,0,3,0,9,0,0,2,1,0,8,0,0,2,0,0,0,0,0,2,0,0,0,0,0,3,0,2,2,0,35,0,0,0,0,0,0,0,0,0,0,0,2,0,0,1,10,0,0,0,0,0,0,0,0,0,0,0,0,0,0,0,0,0,422,0,0,0,3,13,2,0,4,2,0,1,0,0,0,0,0,1,0,0,0,0,0,1,0,0,0,15,0,0,0,0,0,0,0
35,MD99-2331,955,35108.7,35616.2,35351.1,46.282,Locally weighted spline (loess_default smoothing 0.75),COUN,5860,0,0,1,0,0,3,0,2,0,10,3,0,8,0,0,5,0,0,4,0,0,0,0,0,1,0,0,0,1,1,5,0,3,1,0,38,1,0,0,0,0,0,0,0,0,0,0,2,0,0,0,19,0,0,0,0,0,0,0,0,0,0,0,0,0,0,0,0,0,628,0,0,0,3,15,0,0,9,0,0,6,0,0,0,0,0,0,0,0,0,0,0,0,0,0,1,6,0,0,0,0,0,0,0
35,MD99-2331,960,35334.1,35863.6,35583.7,46.904,Locally weighted spline (loess_default smoothing 0.75),COUN,5861,0,0,0,0,0,1,0,2,0,2,4,0,4,0,0,0,0,0,4,1,0,2,0,0,1,0,0,1,0,0,9,0,0,1,0,51,1,0,0,0,0,0,0,0,0,0,0,2,0,0,0,6,3,0,0,0,0,0,0,0,0,0,0,0,0,0,0,0,0,461,0,0,0,1,9,0,0,5,0,0,5,0,0,0,0,0,0,0,0,0,0,0,0,0,0,0,5,0,0,0,0,0,0,0
35,MD99-2331,965,35559.3,36113,35819.4,47.485,Locally weighted spline (loess_default smoothing 0.75),COUN,5862,0,0,0,0,0,4,0,4,0,5,2,0,6,0,0,11,0,0,1,0,0,4,0,0,1,0,0,0,0,0,5,0,2,0,0,40,0,1,0,0,0,0,0,1,1,0,0,2,0,0,0,14,3,0,0,0,0,0,0,0,0,0,0,0,0,0,0,0,0,615,0,0,0,0,10,0,0,5,0,0,5,0,0,0,0,0,0,0,0,0,0,0,1,0,0,1,16,0,0,1,0,1,0,1
35,MD99-2331,970,35787.6,36364.8,36058,48.026,Locally weighted spline (loess_default smoothing 0.75),COUN,5863,0,0,0,0,0,3,0,5,0,2,6,0,5,0,0,3,0,0,2,0,0,1,0,0,0,0,0,0,0,0,5,0,0,0,0,36,0,1,0,0,0,0,1,0,0,0,0,3,0,0,0,8,1,0,0,0,0,0,0,0,0,0,0,0,0,0,0,0,0,526,0,2,0,2,24,0,0,3,0,0,11,0,0,0,0,0,0,0,0,0,0,0,0,0,0,0,10,0,0,0,0,0,0,0
35,MD99-2331,975,36018.5,36619.3,36299.1,48.527,Locally weighted spline (loess_default smoothing 0.75),COUN,5864,0,0,0,0,0,4,0,5,0,6,4,0,1,0,0,10,0,0,3,0,0,0,0,0,2,0,0,0,0,5,3,0,0,0,0,34,1,0,0,0,0,0,0,0,0,0,0,0,0,1,0,6,2,0,0,0,0,0,0,0,0,0,0,0,0,0,0,0,0,367,0,0,0,1,17,0,0,1,0,0,10,0,0,0,0,0,0,0,0,0,0,0,0,0,0,0,11,0,0,0,0,1,0,0
35,MD99-2331,980,36252.4,36874.6,36542.7,48.988,Locally weighted spline (loess_default smoothing 0.75),COUN,5865,0,0,1,0,0,2,0,3,2,4,2,0,1,1,0,1,0,0,2,0,0,1,0,0,1,1,0,0,0,0,7,0,1,0,0,31,0,0,0,0,0,0,0,0,0,0,0,4,0,0,0,5,0,0,0,0,0,0,0,0,1,0,0,0,0,0,0,0,0,406,0,6,0,0,20,0,0,3,0,0,6,1,0,0,0,0,0,0,0,0,0,0,0,0,0,0,10,0,0,0,0,1,0,0
35,MD99-2331,985,36489.2,37131.9,36788.5,49.408,Locally weighted spline (loess_default smoothing 0.75),COUN,5866,0,0,2,0,0,0,0,6,1,7,1,0,0,0,0,6,0,0,3,0,0,0,0,0,1,0,0,0,0,4,8,0,1,0,0,20,0,0,0,0,0,0,0,0,0,0,0,0,0,0,0,5,2,0,0,0,0,1,0,0,0,0,0,0,0,0,0,0,0,382,0,5,0,1,23,0,0,0,0,0,3,0,0,0,0,0,1,0,0,0,0,0,1,0,0,0,13,0,0,1,0,1,0,0
35,MD99-2331,990,36726.7,37390.5,37036.3,49.788,Locally weighted spline (loess_default smoothing 0.75),COUN,5867,0,0,0,0,0,3,0,2,0,1,0,0,1,0,0,11,0,0,2,2,0,0,0,0,2,0,0,0,0,0,15,0,2,0,1,19,0,1,0,0,0,0,0,0,0,0,0,1,0,0,0,12,0,0,0,0,0,0,0,0,0,0,0,0,0,0,0,0,1,397,0,2,0,7,12,0,0,0,0,0,3,0,0,0,0,0,0,0,0,0,0,0,0,0,0,0,17,0,0,0,0,0,0,0
35,MD99-2331,995,36967.4,37651.5,37285.9,50.147,Locally weighted spline (loess_default smoothing 0.75),COUN,5868,0,0,0,0,0,1,0,4,1,7,0,0,0,0,0,11,1,1,2,0,0,1,0,0,3,0,0,2,0,3,7,0,3,0,0,10,0,0,0,0,0,0,0,0,0,0,0,0,0,0,0,10,1,0,0,0,0,0,0,1,0,1,0,0,0,0,0,0,0,212,0,0,0,4,28,0,0,0,0,0,1,0,0,0,0,0,0,0,0,0,0,0,0,0,1,0,14,0,0,0,0,1,0,0
35,MD99-2331,1001,37259.3,37964.6,37588.3,50.749,Locally weighted spline (loess_default smoothing 0.75),COUN,5869,0,0,1,0,0,2,0,4,1,3,1,0,0,0,0,8,0,0,1,0,0,1,0,0,4,0,0,0,0,1,4,0,1,0,0,36,1,0,0,0,0,0,0,0,0,0,0,3,0,0,0,9,2,0,0,0,0,0,0,0,0,0,0,0,0,0,0,0,0,214,0,0,0,6,9,0,0,2,0,0,1,0,0,1,0,0,0,0,0,0,0,0,1,0,0,0,20,0,0,0,0,0,0,1
35,MD99-2331,1005,37456.8,38176.2,37791.9,51.142,Locally weighted spline (loess_default smoothing 0.75),COUN,5870,0,0,0,0,0,2,1,4,0,8,0,0,2,0,0,17,0,0,2,0,0,0,0,0,5,0,0,0,0,0,6,0,1,0,0,23,0,0,0,0,0,0,0,0,0,0,0,5,0,0,0,21,3,0,0,0,0,0,0,0,0,0,0,0,0,0,0,0,0,65,0,2,0,1,27,0,0,0,0,0,1,0,0,1,0,0,0,0,0,0,0,0,1,0,0,0,13,0,0,0,0,0,0,0
35,MD99-2331,1010,37706.6,38440.6,38048.6,51.621,Locally weighted spline (loess_default smoothing 0.75),COUN,5871,0,0,0,0,0,2,0,3,0,7,1,0,0,0,0,17,0,0,2,0,0,1,0,0,1,0,0,0,0,0,6,0,1,0,0,23,1,0,0,0,0,0,0,0,0,0,1,7,0,0,0,24,0,0,0,1,0,0,0,0,0,0,0,0,0,0,0,0,2,48,0,1,0,5,23,0,0,1,0,0,0,0,0,0,0,0,0,0,0,0,0,0,0,0,0,0,19,0,0,0,0,1,0,0
35,MD99-2331,1015,37958.3,38705.7,38307.6,52.09,Locally weighted spline (loess_default smoothing 0.75),COUN,5872,0,0,0,0,0,1,0,1,0,11,0,0,4,0,0,33,0,0,5,0,0,0,0,0,3,0,0,1,0,0,2,0,0,0,0,24,0,0,0,0,0,0,0,0,0,0,0,6,0,0,0,14,2,0,0,0,0,0,0,1,0,0,0,0,0,0,0,0,0,234,0,3,0,3,12,0,0,1,1,0,2,0,0,1,0,0,0,0,0,0,0,0,1,0,0,0,15,0,0,0,0,1,0,0
35,MD99-2331,1020,38212.1,38972.1,38569,52.546,Locally weighted spline (loess_default smoothing 0.75),COUN,5873,0,0,0,0,0,2,0,1,1,4,0,0,1,0,0,10,0,0,4,1,0,1,0,0,1,0,0,0,0,1,4,0,2,0,0,24,0,0,0,0,0,0,0,0,0,0,0,2,0,0,0,15,3,0,0,0,0,0,0,0,0,0,0,0,0,0,0,0,0,175,0,3,0,2,18,0,0,0,0,0,0,0,0,0,0,0,0,0,0,0,0,0,0,0,0,0,25,0,0,0,0,0,0,0
35,MD99-2331,1025,38467.3,39241.6,38832.6,52.991,Locally weighted spline (loess_default smoothing 0.75),COUN,5874,0,0,0,0,0,4,0,1,4,4,2,0,3,0,0,20,0,0,1,0,0,0,0,0,4,0,0,0,0,1,5,0,0,0,0,19,0,1,0,0,0,0,0,0,0,0,0,3,0,0,0,9,6,0,0,0,0,0,0,0,0,0,0,0,0,0,0,0,0,186,0,2,0,1,16,0,0,0,0,0,3,0,0,1,0,0,0,0,0,0,0,0,1,0,0,0,23,0,0,0,0,0,0,0
35,MD99-2331,1030,38723,39515.6,39098.5,53.412,Locally weighted spline (loess_default smoothing 0.75),COUN,5875,0,1,1,0,0,4,1,2,0,19,0,0,0,0,0,23,0,0,3,0,0,0,0,0,2,1,0,0,0,0,2,0,0,0,0,52,0,0,0,0,0,0,1,0,0,0,0,10,0,0,0,20,2,0,0,0,0,0,0,0,0,0,0,0,0,0,0,0,0,166,0,3,0,3,32,0,0,1,0,0,0,0,0,3,0,0,0,0,0,0,0,0,0,0,0,0,18,0,0,0,0,0,0,0
35,MD99-2331,1035,38979.6,39790.9,39366.1,53.708,Locally weighted spline (loess_default smoothing 0.75),COUN,5876,0,0,1,0,0,1,0,3,1,6,0,0,1,1,0,21,0,0,6,0,0,0,0,0,2,0,0,0,0,0,6,0,0,1,0,10,0,0,0,0,0,0,0,0,1,0,0,2,0,0,0,16,3,0,0,0,0,0,0,0,0,0,0,0,0,0,0,0,0,206,0,3,0,2,25,0,0,1,0,0,1,0,0,1,0,0,0,0,0,0,0,0,1,0,0,1,13,0,0,1,0,0,0,0
35,MD99-2331,1040,39240.7,40068,39635.3,54.005,Locally weighted spline (loess_default smoothing 0.75),COUN,5877,0,0,0,0,0,1,0,6,0,4,1,0,0,0,0,1,0,0,6,0,0,0,0,0,2,0,0,0,0,0,7,0,1,0,0,10,0,0,0,0,0,0,0,0,1,0,0,3,0,0,0,8,0,0,0,0,0,0,0,0,0,0,0,0,0,0,0,0,1,864,0,3,0,2,5,0,0,2,0,0,2,0,0,0,0,0,0,0,0,1,0,0,0,0,0,1,5,0,0,0,0,0,0,0
35,MD99-2331,1045,39501,40345.8,39905.9,54.301,Locally weighted spline (loess_default smoothing 0.75),COUN,5878,0,0,0,0,0,1,1,5,0,7,1,0,1,0,0,5,0,0,3,2,0,1,0,0,0,3,0,0,0,0,5,0,0,0,0,26,0,0,0,0,0,0,0,0,0,0,0,5,0,0,0,12,0,0,0,0,0,0,0,0,0,0,0,0,0,0,0,0,1,347,0,1,0,1,23,0,0,1,0,0,3,0,0,0,0,0,0,0,0,0,0,0,1,0,0,2,10,0,0,1,0,0,0,0
35,MD99-2331,1050,39764.3,40624.2,40178,54.599,Locally weighted spline (loess_default smoothing 0.75),COUN,5879,0,0,3,0,0,2,1,0,0,4,0,0,0,0,0,6,0,0,2,1,0,1,0,0,0,0,0,0,1,3,11,0,1,0,0,40,0,0,0,0,0,0,1,0,0,0,0,4,0,0,0,15,2,0,0,0,0,0,0,0,0,0,0,0,0,0,0,1,0,605,0,0,0,2,20,0,0,2,0,0,11,0,0,0,0,0,0,0,0,0,0,0,0,0,0,0,14,0,0,0,0,1,0,0
35,MD99-2331,1060,40297.2,41187.3,40726.6,55.194,Locally weighted spline (loess_default smoothing 0.75),COUN,5880,0,0,0,0,0,3,1,2,0,8,0,0,0,0,0,7,0,0,1,0,0,0,0,0,4,0,0,1,0,1,0,0,0,0,0,37,1,0,0,0,0,0,0,0,0,0,0,3,0,0,0,7,1,0,0,0,0,0,0,0,0,0,0,0,0,0,0,0,0,689,0,1,0,4,8,0,0,0,1,0,6,1,0,0,0,0,0,0,0,0,0,0,1,0,0,3,12,0,0,0,0,0,0,0
35,MD99-2331,1070,40833.8,41756.4,41281.3,55.79,Locally weighted spline (loess_default smoothing 0.75),COUN,5881,0,0,0,1,0,1,0,0,0,4,1,0,1,1,0,17,0,0,7,1,0,1,1,0,1,0,0,0,0,0,1,0,0,1,0,43,0,0,0,0,0,0,0,0,0,0,0,4,0,0,0,14,0,0,0,0,0,0,0,0,0,0,0,0,0,0,0,0,0,330,0,1,0,4,2,0,0,0,0,0,1,0,0,0,0,0,0,0,0,0,0,0,1,0,0,7,13,0,0,0,0,1,0,0
35,MD99-2331,1080,41378.2,42329.3,41841.8,56.387,Locally weighted spline (loess_default smoothing 0.75),COUN,5882,0,0,0,0,1,1,0,0,0,2,0,0,0,0,0,14,0,0,0,0,0,1,0,0,1,0,0,0,0,1,1,0,0,0,0,51,0,0,0,0,0,0,1,0,0,0,0,5,0,0,0,12,0,0,0,0,0,0,0,0,0,0,0,0,0,0,0,0,0,543,0,1,0,1,5,0,0,1,1,0,1,0,0,0,0,0,0,0,0,0,0,0,1,0,0,2,2,0,0,2,0,0,0,0
35,MD99-2331,1090,41928,42906.1,42408.4,56.986,Locally weighted spline (loess_default smoothing 0.75),COUN,5883,0,0,0,0,0,0,0,1,0,1,1,0,0,0,0,10,0,0,0,0,0,0,0,0,1,0,0,0,1,0,0,0,0,0,0,89,0,0,0,0,0,0,0,0,0,0,0,3,0,0,0,9,1,0,0,0,0,0,0,0,0,0,0,0,0,0,0,0,0,1105,0,0,0,2,1,0,0,4,0,0,9,0,1,0,0,0,0,0,0,0,0,0,0,0,0,6,5,0,0,0,0,0,0,0
35,MD99-2331,1100,42486.4,43487.3,42981,57.585,Locally weighted spline (loess_default smoothing 0.75),COUN,5884,0,0,0,0,0,1,0,1,0,2,1,0,0,0,0,6,0,0,1,0,0,0,0,0,0,0,0,0,0,2,6,0,0,0,0,11,0,0,0,0,0,0,0,0,0,0,0,1,0,0,0,7,0,0,0,0,0,0,0,0,0,0,0,0,0,1,0,0,0,169,0,0,0,1,6,0,0,0,0,0,1,0,0,0,0,0,1,0,0,0,0,0,0,0,0,0,5,0,0,0,0,0,0,0
35,MD99-2331,1110,43052.1,44077.6,43559.5,58.186,Locally weighted spline (loess_default smoothing 0.75),COUN,5885,0,0,0,0,0,2,0,1,0,3,1,0,2,1,0,10,0,0,0,0,0,2,0,0,0,0,0,0,0,0,3,0,0,0,0,48,0,0,0,0,0,0,0,0,0,0,0,3,0,0,0,9,2,0,0,0,0,0,0,0,0,0,0,0,0,0,0,0,0,702,0,0,0,2,12,0,0,3,0,0,0,0,0,0,0,0,0,0,0,0,0,0,1,0,0,0,11,0,0,0,0,0,0,0
35,MD99-2331,1120,43625.1,44671.5,44144.1,58.787,Locally weighted spline (loess_default smoothing 0.75),COUN,5886,0,0,0,0,0,1,0,0,2,2,0,0,0,0,0,10,0,0,1,1,0,0,0,0,2,0,0,0,0,1,4,0,0,0,0,42,0,0,0,0,0,0,0,0,0,0,0,2,0,0,0,48,0,0,0,0,0,0,0,0,0,0,0,0,0,0,0,0,0,725,0,0,0,2,11,0,0,3,0,0,9,1,1,0,0,0,0,0,0,0,0,0,0,0,0,2,15,0,0,0,0,0,0,0
35,MD99-2331,1125,43913.4,44968.7,44438.6,59.089,Locally weighted spline (loess_default smoothing 0.75),COUN,5887,0,0,0,0,0,1,0,2,0,0,0,0,0,0,0,12,0,0,2,0,0,0,0,0,2,0,0,2,0,1,10,0,1,0,0,32,1,0,0,0,0,0,0,0,0,0,0,5,0,0,0,7,1,0,0,0,0,0,0,0,0,0,0,0,0,0,0,0,0,1154,0,1,0,1,16,0,0,7,0,0,4,0,0,0,0,0,0,0,1,0,0,0,1,0,0,1,6,0,0,0,0,0,0,0
35,MD99-2331,1130,44207.6,45269.4,44734.7,59.39,Locally weighted spline (loess_default smoothing 0.75),COUN,5888,0,0,0,0,0,2,0,0,1,1,1,0,3,0,0,3,0,0,1,0,0,0,0,0,0,0,0,1,1,0,2,0,1,1,0,56,0,0,0,0,0,0,0,0,0,0,0,4,0,0,0,8,0,0,0,0,0,0,0,0,0,0,0,0,0,0,0,0,0,1189,0,0,0,1,9,0,0,1,0,0,8,0,0,1,0,0,0,0,0,0,0,0,0,0,0,0,8,0,0,0,0,0,0,0
35,MD99-2331,1135,44499.8,45572.3,45032.2,59.692,Locally weighted spline (loess_default smoothing 0.75),COUN,5889,0,0,0,0,0,0,0,4,0,4,0,0,0,1,0,9,0,0,2,0,0,1,0,0,1,0,0,1,0,3,2,0,0,1,0,29,0,0,0,0,0,0,0,0,2,0,0,2,0,1,0,10,0,0,0,0,0,0,0,0,0,0,0,0,0,1,0,0,0,1260,1,1,0,0,8,0,0,6,0,0,24,0,0,2,0,0,0,0,0,0,0,0,0,0,0,1,4,0,0,0,0,0,0,0
35,MD99-2331,1140,44790.5,45873.1,45331.3,59.994,Locally weighted spline (loess_default smoothing 0.75),COUN,5890,0,0,2,0,0,1,0,3,0,2,2,0,2,0,0,2,0,0,0,0,0,1,0,0,1,0,0,1,0,0,1,0,1,1,0,35,0,0,0,0,0,0,0,0,0,0,0,1,0,1,0,15,0,0,0,0,0,0,0,0,0,0,0,0,0,0,0,0,0,925,0,0,0,0,15,0,0,0,0,0,25,1,0,0,0,0,0,0,0,0,0,0,0,0,0,0,2,0,0,0,0,0,0,1
35,MD99-2331,1145,45086,46177.6,45631.8,60.296,Locally weighted spline (loess_default smoothing 0.75),COUN,5891,0,0,0,0,0,0,0,4,0,4,2,0,0,0,0,9,0,0,1,0,0,0,0,0,1,0,0,0,0,1,6,0,0,1,1,24,0,0,0,0,0,0,0,0,0,0,0,1,0,0,0,6,5,0,0,1,0,0,0,0,0,0,0,0,0,0,0,0,0,1343,0,0,0,0,14,0,0,2,0,0,28,0,0,0,0,0,0,0,0,0,0,0,0,0,0,0,3,0,0,0,0,0,0,0
35,MD99-2331,1150,45382,46482.2,45933.9,60.599,Locally weighted spline (loess_default smoothing 0.75),COUN,5892,0,0,0,0,0,3,0,1,0,1,1,0,0,0,0,8,0,0,2,0,0,0,0,0,1,0,0,0,0,1,9,0,1,1,0,37,0,0,0,0,0,0,0,0,0,0,0,1,0,0,0,17,0,0,0,0,0,0,0,0,0,0,0,0,0,0,0,0,0,876,0,0,0,0,13,0,0,2,0,0,10,0,0,0,0,0,0,0,0,0,0,0,0,0,0,0,10,0,0,0,0,0,0,0
35,MD99-2331,1155,45680.1,46789.3,46237.5,60.902,Locally weighted spline (loess_default smoothing 0.75),COUN,5893,0,0,0,0,0,2,0,7,0,5,1,0,1,0,0,15,0,0,1,0,0,0,0,0,4,0,0,0,0,3,6,0,0,0,0,13,0,0,1,0,0,0,0,0,0,0,0,0,0,0,0,14,11,0,0,0,0,0,0,0,0,0,0,0,0,0,0,0,0,861,0,2,0,1,22,0,0,1,0,0,6,0,0,0,0,0,0,0,0,0,0,0,1,0,0,2,13,0,0,0,0,0,0,0
35,MD99-2331,1160,45980.3,47098.3,46542.7,61.205,Locally weighted spline (loess_default smoothing 0.75),COUN,5894,0,0,0,0,0,0,0,2,1,1,0,0,8,1,0,14,0,0,2,0,0,0,0,0,1,0,0,0,0,0,4,0,2,0,0,42,0,0,0,0,0,0,0,0,0,0,0,4,0,0,0,13,2,0,0,0,0,0,0,0,0,0,0,0,0,0,0,0,0,311,0,2,0,0,10,0,0,0,0,0,1,0,0,0,0,0,0,0,0,0,0,0,0,0,0,0,18,0,0,0,0,0,0,0
35,MD99-2331,1170,46583.4,47715.9,47157.4,61.812,Locally weighted spline (loess_default smoothing 0.75),COUN,5895,0,0,1,0,0,4,0,3,1,3,0,0,1,0,0,17,0,0,5,0,0,0,0,0,1,0,0,0,0,0,4,0,1,0,0,54,0,0,0,0,0,0,0,0,0,0,0,8,0,1,0,6,0,0,0,0,0,0,0,0,0,0,0,0,0,0,0,0,0,223,0,0,0,0,13,0,0,0,0,0,1,0,0,0,0,0,0,0,0,0,0,0,1,0,0,0,2,0,0,0,0,0,0,0
35,MD99-2331,1180,47195.1,48342.3,47778.3,62.421,Locally weighted spline (loess_default smoothing 0.75),COUN,5896,0,0,0,0,0,3,0,1,2,3,0,0,0,0,0,52,0,0,1,0,0,0,0,0,3,0,0,0,0,0,0,0,0,0,0,96,0,0,0,0,0,0,0,0,0,0,0,14,0,1,0,6,0,0,0,0,0,0,0,0,0,0,0,0,0,0,0,0,0,135,0,0,0,4,12,0,0,0,0,0,0,0,0,0,0,0,0,0,0,0,0,0,1,0,0,0,14,0,0,0,0,0,0,0
35,MD99-2331,1190,47812.9,48976.6,48405.2,63.03,Locally weighted spline (loess_default smoothing 0.75),COUN,5897,0,0,0,0,0,1,0,0,0,4,0,0,4,1,0,33,0,0,4,0,0,0,0,0,0,0,0,0,0,0,4,0,0,0,0,79,0,0,0,0,0,0,0,0,0,0,0,9,0,0,0,9,0,0,0,0,0,0,0,0,0,0,0,0,0,0,0,0,0,327,0,0,0,3,11,0,0,0,1,0,1,0,0,0,0,0,0,0,0,0,0,0,0,0,0,0,9,0,0,0,0,0,0,0
35,MD99-2331,1200,48434.8,49615.5,49038.3,63.641,Locally weighted spline (loess_default smoothing 0.75),COUN,5898,0,0,0,0,0,1,0,1,0,1,0,0,4,0,0,4,0,0,0,0,0,0,0,0,1,0,0,1,0,0,3,0,0,0,0,60,0,0,0,0,0,0,0,0,0,0,0,7,0,0,0,8,1,0,0,0,0,0,0,0,0,0,0,0,0,0,0,0,0,509,0,0,0,2,12,0,0,1,0,0,0,0,0,0,0,0,1,0,0,0,0,0,1,0,0,0,6,0,0,0,0,0,0,1
35,MD99-2331,1210,49068.8,50256.7,49677.5,64.252,Locally weighted spline (loess_default smoothing 0.75),COUN,5899,0,0,0,0,0,1,0,3,0,4,1,0,2,0,0,3,0,0,0,0,0,0,0,0,1,0,0,0,0,1,3,0,0,1,0,68,0,0,0,0,0,0,0,0,0,0,0,7,0,0,0,7,1,0,0,0,0,0,0,0,0,0,0,0,0,0,0,0,0,286,0,1,0,0,6,0,0,1,0,0,2,0,0,0,0,0,0,0,0,0,0,0,0,0,0,0,2,0,0,0,0,0,0,0
35,MD99-2331,1220,49709.6,50903.7,50322.7,64.865,Locally weighted spline (loess_default smoothing 0.75),COUN,5900,0,0,0,0,0,0,0,0,1,0,0,0,2,0,0,2,0,1,2,0,0,0,0,0,0,0,0,0,0,2,4,0,0,0,0,70,0,0,0,0,0,0,0,0,0,0,0,1,0,0,0,2,3,0,0,0,0,0,0,0,0,0,0,0,0,0,0,0,0,807,0,0,0,0,1,0,0,0,0,0,10,0,0,0,0,0,0,0,0,0,0,0,1,0,0,0,5,0,0,0,0,0,0,0
35,MD99-2331,1230,50354.6,51561.9,50974.2,65.479,Locally weighted spline (loess_default smoothing 0.75),COUN,5901,0,0,0,0,0,0,0,0,1,1,0,0,3,0,0,2,0,0,0,0,0,0,1,0,0,0,0,0,0,1,2,0,0,0,0,64,0,0,0,0,0,0,0,0,0,0,0,11,0,0,0,5,2,0,0,0,0,0,0,0,0,0,0,0,0,0,0,0,0,489,0,0,0,1,12,0,0,1,0,0,10,1,0,0,0,0,0,0,0,0,0,0,0,0,0,0,2,0,0,0,0,0,1,0
35,MD99-2331,1240,51007.9,52227.4,51631.7,66.094,Locally weighted spline (loess_default smoothing 0.75),COUN,5902,0,0,0,0,0,2,0,1,0,0,2,0,2,0,0,1,0,0,0,0,0,0,0,0,1,0,0,0,0,2,5,0,1,0,0,57,0,0,0,0,0,0,0,0,0,0,0,3,0,0,0,7,1,0,0,0,0,0,0,0,0,0,0,0,0,0,0,0,0,791,0,0,0,0,10,0,0,1,1,0,12,1,0,0,0,0,0,0,0,0,0,0,1,0,0,0,1,0,0,0,0,0,0,0
35,MD99-2331,1250,51667,52900.3,52295.4,66.71,Locally weighted spline (loess_default smoothing 0.75),COUN,5903,0,0,0,0,0,0,0,2,0,2,0,0,5,0,0,0,0,0,1,0,0,0,1,0,1,0,0,0,0,0,4,0,0,0,0,42,0,0,0,0,0,0,0,0,0,0,0,6,0,0,0,12,4,0,0,0,0,0,0,0,0,0,0,0,0,0,0,0,0,758,0,0,0,0,13,0,0,1,0,0,27,1,0,0,0,0,0,0,0,0,0,0,0,0,0,0,3,0,0,0,0,0,0,0
35,MD99-2331,1260,52332.7,53582.8,52965.3,67.327,Locally weighted spline (loess_default smoothing 0.75),COUN,5904,2,0,0,0,0,1,0,1,0,1,0,0,3,1,0,6,0,0,0,0,0,0,0,0,2,0,0,0,0,1,6,0,0,0,0,47,0,0,0,0,0,0,0,0,0,0,0,4,0,0,0,9,0,0,0,0,0,0,0,0,0,0,0,0,0,0,0,0,0,713,0,0,0,0,13,0,0,0,0,0,7,0,0,0,0,0,0,0,0,0,0,0,1,0,0,0,8,0,0,0,0,0,0,0
35,MD99-2331,1270,53003.3,54268.2,53641.3,67.946,Locally weighted spline (loess_default smoothing 0.75),COUN,5905,0,0,0,0,0,1,0,2,0,1,0,0,4,1,0,9,0,0,3,0,0,0,0,0,0,0,0,0,0,1,9,0,1,0,0,56,0,0,0,0,0,0,0,0,0,0,0,1,0,0,1,4,2,0,0,0,0,0,0,0,0,0,0,0,0,0,0,0,0,529,0,0,0,1,4,0,0,1,0,0,2,0,0,0,0,0,0,0,0,0,0,0,0,0,0,0,7,0,0,0,0,0,0,0
35,MD99-2331,1280,53675.1,54963,54323.6,68.565,Locally weighted spline (loess_default smoothing 0.75),COUN,5906,0,0,0,0,0,1,0,1,1,1,2,0,1,1,0,6,0,0,1,0,0,0,0,0,2,0,0,0,0,0,1,0,1,0,0,46,0,0,0,0,0,0,0,0,0,0,0,5,0,0,0,4,2,0,0,0,0,0,0,0,0,0,0,0,0,0,0,0,0,428,0,0,0,1,16,0,0,2,0,0,5,0,0,0,0,0,0,1,0,0,0,0,0,0,0,0,7,0,0,1,0,0,0,0
35,MD99-2331,1290,54355,55668.7,55012,69.185,Locally weighted spline (loess_default smoothing 0.75),COUN,5907,0,0,0,0,0,1,0,0,3,3,0,0,1,0,0,5,0,0,2,0,0,0,0,0,1,0,0,0,0,0,3,0,0,0,0,44,0,1,0,0,0,0,0,0,0,0,0,9,0,1,0,6,3,0,0,0,0,0,0,0,0,0,0,0,0,0,0,0,0,432,0,0,0,3,8,0,0,1,0,0,3,0,0,0,0,0,0,0,0,0,0,0,0,0,0,0,14,0,0,0,0,0,0,0
35,MD99-2331,1300,55033.6,56378.9,55706.7,69.807,Locally weighted spline (loess_default smoothing 0.75),COUN,5908,0,0,0,0,0,1,0,0,1,0,0,0,5,0,0,11,0,0,3,0,0,0,0,0,0,0,0,0,1,1,5,0,1,0,0,46,0,0,0,0,0,0,0,0,0,0,0,8,0,0,0,15,2,0,0,0,0,0,0,0,0,0,0,0,0,0,0,0,0,558,0,1,0,0,7,0,0,1,1,0,8,0,0,0,0,0,0,0,0,0,0,0,0,0,0,0,7,0,0,0,0,0,0,0
35,MD99-2331,1310,55723.8,57099.2,56407.6,70.43,Locally weighted spline (loess_default smoothing 0.75),COUN,5909,0,0,0,0,0,1,0,0,0,2,1,0,2,1,0,7,0,0,2,0,0,1,1,0,0,0,0,0,0,1,4,0,0,2,0,57,0,0,0,0,0,0,0,0,0,0,0,5,0,0,0,9,0,0,0,0,0,0,0,0,0,0,0,0,0,0,0,0,0,807,0,0,0,0,8,0,0,2,0,0,2,0,0,0,0,0,0,0,0,0,0,0,0,0,0,0,5,0,0,0,0,0,0,0
35,MD99-2331,1320,56416.4,57827.4,57114.7,71.053,Locally weighted spline (loess_default smoothing 0.75),COUN,5910,0,0,0,0,0,1,0,1,0,2,0,0,8,0,0,2,0,0,0,0,0,0,0,0,4,0,0,0,0,0,7,0,2,0,0,39,0,0,0,0,0,0,0,0,0,0,0,8,0,0,0,5,1,0,0,0,0,0,0,0,0,0,0,0,0,0,0,0,0,1248,0,0,0,1,14,0,0,0,0,0,9,1,0,0,0,0,0,0,0,0,0,0,2,0,0,0,11,0,0,0,0,0,0,0
35,MD99-2331,1330,57114.6,58559.6,57828,71.678,Locally weighted spline (loess_default smoothing 0.75),COUN,5911,0,0,1,0,0,3,0,1,0,3,4,0,6,0,0,4,0,0,1,0,0,0,0,0,0,0,0,0,0,0,4,0,3,0,0,31,0,0,0,0,0,0,0,0,0,1,0,2,0,0,0,13,2,0,0,0,0,0,0,0,0,0,0,0,0,0,0,0,0,1336,0,0,0,0,20,0,0,0,0,0,4,0,0,0,0,0,0,0,0,0,0,0,0,0,0,0,18,0,0,0,0,0,0,0
35,MD99-2331,1335,57465.6,58925.4,58187,71.991,Locally weighted spline (loess_default smoothing 0.75),COUN,5912,0,0,3,0,0,6,0,1,1,4,0,0,1,0,0,5,0,0,5,0,0,0,0,0,7,0,0,0,0,1,12,0,0,1,0,21,0,0,0,0,0,0,0,0,0,0,0,1,0,0,0,11,3,0,0,0,0,0,0,0,0,0,0,0,0,0,0,0,0,877,0,2,0,1,15,0,0,0,1,0,5,0,0,0,0,0,0,0,0,0,0,0,0,0,0,0,9,0,0,0,0,0,0,0
35,MD99-2331,1340,57815.9,59295.1,58547.6,72.304,Locally weighted spline (loess_default smoothing 0.75),COUN,5913,0,0,3,0,0,5,0,16,0,8,2,0,1,0,0,8,0,1,9,0,0,1,0,0,9,0,0,0,0,10,20,0,5,0,0,5,1,0,0,0,0,0,0,0,0,0,1,2,0,1,0,18,5,0,0,0,1,0,0,0,0,0,0,0,0,0,0,0,0,1345,0,9,0,2,41,0,0,1,0,0,25,3,0,0,0,0,0,1,0,0,0,0,0,0,0,1,25,0,0,0,0,0,0,0
35,MD99-2331,1345,58169.4,59671.9,58909.7,72.618,Locally weighted spline (loess_default smoothing 0.75),COUN,5914,0,0,1,0,0,5,0,12,0,4,3,0,1,0,0,4,0,0,3,1,0,0,0,0,4,0,0,1,0,1,9,0,2,2,0,3,0,0,1,0,0,0,0,0,0,0,0,1,0,0,0,27,4,0,0,0,0,0,0,0,0,0,0,0,0,0,0,0,0,851,0,6,0,2,18,0,0,0,0,0,6,0,0,0,0,0,1,1,0,0,0,0,0,0,0,0,12,0,0,0,0,0,0,0
35,MD99-2331,1350,58521.5,60054.2,59273.5,72.931,Locally weighted spline (loess_default smoothing 0.75),COUN,5915,1,0,0,0,0,4,0,2,0,3,1,0,0,0,0,4,0,0,2,1,0,1,0,0,7,0,0,0,0,2,7,0,1,0,0,29,0,0,0,0,0,0,0,0,0,0,0,4,0,4,0,6,1,0,0,0,0,0,0,0,0,0,0,0,0,0,0,0,0,1770,0,0,0,0,10,0,0,0,0,0,2,0,0,0,0,0,0,0,0,0,0,0,1,0,0,0,15,0,0,0,0,0,0,0
35,MD99-2331,1360,59231.1,60822.9,60005.6,73.56,Locally weighted spline (loess_default smoothing 0.75),COUN,5916,0,0,0,0,0,2,0,9,0,10,0,0,0,0,0,6,0,0,8,0,0,0,0,0,3,0,0,0,0,2,9,0,0,0,0,6,1,0,0,0,0,0,0,0,0,0,0,2,0,0,0,50,2,0,0,0,0,0,0,0,0,0,0,0,0,0,0,0,0,1462,0,4,0,5,16,0,0,2,1,0,9,0,0,0,0,0,1,0,0,0,0,0,1,0,0,1,15,0,0,0,0,0,0,0
35,MD99-2331,1370,59947.3,61593.8,60744,74.189,Locally weighted spline (loess_default smoothing 0.75),COUN,5917,0,0,0,0,0,1,0,9,0,11,0,0,0,0,0,4,0,0,3,0,0,0,0,0,7,0,0,1,0,0,17,0,2,0,0,5,0,0,0,0,0,0,0,0,0,1,0,3,0,0,0,29,0,0,0,1,0,0,0,0,0,0,0,0,0,0,0,0,0,1156,0,9,0,2,17,0,0,1,0,0,8,0,1,0,0,0,0,0,0,0,0,0,2,0,0,0,13,0,0,0,0,1,0,0
35,MD99-2331,1380,60672.4,62370.6,61488.8,74.819,Locally weighted spline (loess_default smoothing 0.75),COUN,5918,2,0,2,0,0,3,0,6,0,5,0,0,1,1,0,3,0,0,3,2,0,0,0,0,3,1,0,0,0,0,13,0,2,1,0,10,1,0,0,0,0,0,1,0,0,0,0,1,0,0,0,43,1,0,0,0,0,0,0,0,0,0,0,0,0,0,0,0,0,1648,0,1,0,2,18,0,0,1,1,0,13,0,0,0,0,0,0,0,0,0,0,0,0,0,1,2,8,0,0,0,0,0,0,0
35,MD99-2331,1390,61393.9,63152.5,62239.8,75.451,Locally weighted spline (loess_default smoothing 0.75),COUN,5919,0,0,1,0,0,4,0,11,1,4,0,0,2,0,0,2,0,0,4,0,0,0,0,0,3,0,0,2,0,1,6,0,0,2,0,15,0,0,0,0,0,0,0,0,0,0,0,3,0,1,0,3,1,0,0,0,0,0,0,0,0,0,0,0,0,0,0,0,0,1902,0,1,0,0,8,0,0,1,0,0,2,0,0,0,0,0,0,0,0,0,0,0,0,0,0,0,29,0,0,0,0,0,0,0
35,MD99-2331,1400,62128.8,63949.9,62997.1,76.083,Locally weighted spline (loess_default smoothing 0.75),COUN,5920,2,0,0,0,0,4,0,12,0,7,0,0,0,1,0,0,0,1,3,0,0,0,0,0,6,0,0,0,0,0,8,0,1,1,0,15,0,0,0,0,0,0,0,0,0,0,0,2,0,0,0,11,5,0,0,0,0,0,0,1,0,0,0,0,0,0,0,0,0,1099,0,2,0,0,18,0,0,2,0,0,3,0,0,0,0,0,0,0,0,0,0,0,0,0,0,0,14,0,0,0,0,0,0,0
35,MD99-2331,1410,62856.3,64748.8,63760.8,76.717,Locally weighted spline (loess_default smoothing 0.75),COUN,5921,0,0,0,0,0,2,0,4,0,3,0,0,0,0,0,5,0,0,3,2,0,0,0,0,6,0,0,1,0,1,8,0,0,0,0,20,0,0,0,0,0,0,0,0,0,0,0,3,0,0,0,11,1,0,0,0,0,1,0,0,0,0,0,0,0,0,0,0,0,867,0,1,0,1,18,0,0,0,0,0,4,0,0,0,0,0,0,0,0,0,0,0,1,0,0,0,17,0,0,0,0,0,0,0
35,MD99-2331,1420,63590,65566,64530.9,77.352,Locally weighted spline (loess_default smoothing 0.75),COUN,5922,0,0,0,0,0,1,0,7,0,6,0,0,2,2,0,1,0,1,4,0,0,0,0,0,2,0,0,1,0,0,9,0,1,1,0,25,0,0,0,0,0,0,0,0,0,0,0,1,0,0,0,1,1,0,0,0,0,0,0,0,0,0,0,0,0,0,0,0,0,913,0,3,0,0,17,0,0,0,0,0,1,0,0,0,0,0,0,0,0,0,0,0,0,0,0,0,17,0,0,0,0,0,0,0
35,MD99-2331,1430,64327,66391.6,65307.2,77.988,Locally weighted spline (loess_default smoothing 0.75),COUN,5923,0,0,0,0,0,3,0,4,0,4,0,0,1,2,0,6,0,0,2,0,0,0,0,0,3,0,0,0,0,0,6,0,0,0,0,16,0,1,0,0,0,0,0,0,0,0,0,2,0,0,0,7,1,0,0,0,0,0,0,0,0,0,0,0,0,0,0,0,0,880,0,1,0,1,26,0,0,1,0,0,6,0,0,0,0,0,0,0,0,0,0,0,0,0,0,0,17,0,0,0,0,0,0,0
35,MD99-2331,1440,65069.4,67219.1,66090,78.625,Locally weighted spline (loess_default smoothing 0.75),COUN,5924,0,0,0,0,0,3,0,2,0,4,0,0,3,0,0,6,0,0,1,0,0,3,1,0,2,0,0,0,0,1,4,0,1,1,0,35,0,0,0,0,0,0,0,0,0,0,0,2,0,0,0,9,2,0,0,0,0,0,0,0,0,0,0,0,0,0,0,0,0,1295,0,2,0,0,26,0,0,0,0,0,1,0,0,0,0,0,0,0,0,0,0,0,0,0,0,0,5,0,0,0,0,0,0,0
35,MD99-2331,1450,65817.8,68057.5,66879.1,79.263,Locally weighted spline (loess_default smoothing 0.75),COUN,5925,0,0,0,0,0,1,0,4,0,3,0,0,2,0,0,7,0,0,1,0,0,0,0,0,2,0,0,0,1,1,10,0,0,1,0,36,0,0,0,0,0,0,0,0,0,0,0,4,0,0,0,6,1,0,0,0,0,0,0,0,0,0,0,0,0,0,0,0,0,1743,0,3,0,1,11,0,0,0,0,0,1,0,0,0,0,0,0,0,0,0,0,0,0,0,0,0,14,0,0,0,0,0,0,0
35,MD99-2331,1460,66568.3,68898.7,67674.6,79.902,Locally weighted spline (loess_default smoothing 0.75),COUN,5926,0,0,0,0,0,2,0,0,0,0,0,0,3,0,0,1,0,2,3,0,0,0,0,0,1,0,0,0,1,2,6,0,0,0,2,34,0,0,0,0,0,0,0,0,0,0,0,5,0,1,0,14,0,0,0,0,0,0,0,0,0,0,0,0,0,0,0,0,0,2282,0,1,0,0,13,0,0,2,0,0,2,0,0,0,0,0,0,0,0,0,0,0,0,0,0,0,25,0,0,0,0,0,0,0
35,MD99-2331,1470,67323.7,69755.6,68476.5,80.543,Locally weighted spline (loess_default smoothing 0.75),COUN,5927,0,0,0,0,0,1,0,0,0,2,0,0,3,0,0,22,0,0,2,0,0,0,0,0,1,0,0,0,0,0,1,0,0,2,0,33,0,0,0,0,0,0,0,0,0,0,0,5,0,0,0,14,1,0,0,0,0,0,0,0,0,0,0,0,0,0,0,0,0,527,0,1,0,2,20,0,0,0,0,0,1,0,0,0,0,0,0,0,0,0,0,0,0,0,0,0,8,1,0,0,0,0,0,0
35,MD99-2331,1480,68089,70621.8,69284.8,81.184,Locally weighted spline (loess_default smoothing 0.75),COUN,5928,0,0,0,0,0,0,0,5,0,3,0,0,0,0,0,16,0,0,2,0,0,0,0,0,1,0,0,0,0,0,6,0,1,0,0,30,0,0,0,0,0,0,0,0,0,0,0,2,0,0,0,23,1,0,0,0,0,0,0,0,0,0,0,0,0,0,0,0,0,923,0,2,0,1,21,0,0,1,0,0,3,0,0,0,0,0,0,0,0,0,0,0,0,0,0,0,7,0,0,0,0,0,0,0
35,MD99-2331,1490,68855,71487.8,70099.6,81.827,Locally weighted spline (loess_default smoothing 0.75),COUN,5929,0,0,0,0,0,2,0,4,0,4,0,0,1,0,0,2,0,0,3,2,0,0,0,0,1,0,0,0,0,0,3,0,3,3,0,49,0,0,0,0,0,0,0,0,0,0,0,2,0,1,0,11,1,0,0,0,0,0,0,0,0,0,0,0,0,0,0,0,0,967,0,1,0,0,14,0,0,1,0,0,1,0,0,0,0,0,0,0,0,0,0,0,0,0,0,0,6,0,0,0,0,0,0,0
35,MD99-2331,1495,69237.8,71927.2,70509.3,82.148,Locally weighted spline (loess_default smoothing 0.75),COUN,5930,0,0,1,0,0,0,0,0,0,3,0,0,0,1,0,3,0,1,3,0,0,0,0,0,0,0,0,0,0,0,1,0,0,0,0,73,0,0,0,0,0,0,0,0,0,0,0,4,0,1,0,6,0,0,0,0,0,0,0,0,0,0,0,0,0,0,0,0,0,393,0,0,0,0,11,0,0,0,0,0,0,0,0,0,0,0,1,0,0,0,0,0,0,1,0,0,6,0,0,0,0,0,0,0
35,MD99-2331,1500,69619.5,72367.3,70920.7,82.47,Locally weighted spline (loess_default smoothing 0.75),COUN,5931,0,0,0,0,0,0,0,2,1,2,1,0,0,0,0,0,0,0,0,0,0,0,0,0,1,0,0,0,0,0,0,0,0,0,0,70,0,0,0,0,0,0,0,0,0,1,0,2,0,0,0,10,0,0,0,0,0,0,0,0,0,0,0,0,0,0,0,0,0,596,0,0,0,0,10,0,0,3,0,0,4,0,0,0,0,0,0,0,0,0,0,0,0,0,0,0,5,0,0,0,0,0,0,0
35,MD99-2331,1510,70386.6,73244,71748.3,83.115,Locally weighted spline (loess_default smoothing 0.75),COUN,5932,0,0,0,0,0,0,0,5,0,2,2,0,0,0,0,0,0,0,0,0,0,0,0,0,0,0,0,0,0,0,1,0,0,0,0,79,0,0,0,0,0,0,0,0,0,0,0,1,0,0,0,5,0,0,0,0,0,0,0,0,0,0,0,0,0,0,0,0,0,425,0,0,0,0,7,0,0,1,1,0,1,1,0,0,0,0,0,0,0,0,0,0,0,0,0,0,4,0,0,0,0,0,0,0
35,MD99-2331,1520,71161.8,74141.5,72582.4,83.761,Locally weighted spline (loess_default smoothing 0.75),COUN,5933,0,0,3,0,0,0,0,1,1,2,0,0,0,1,0,0,0,0,1,0,0,0,0,0,0,0,0,2,0,0,3,0,0,0,0,72,0,0,1,0,0,0,1,0,0,0,0,2,0,0,0,3,1,0,0,0,0,0,0,0,0,0,0,0,0,0,0,0,0,675,0,0,0,0,10,0,0,4,0,0,4,0,0,0,0,0,0,0,0,0,0,0,0,0,0,0,3,0,0,0,0,0,0,0
35,MD99-2331,1530,71948.4,75044.5,73422.9,84.408,Locally weighted spline (loess_default smoothing 0.75),COUN,5934,0,0,0,0,0,0,0,5,0,0,0,0,0,0,0,0,0,2,3,0,0,0,0,0,1,0,0,0,0,0,1,0,0,0,0,57,0,0,0,0,0,0,0,0,0,0,0,5,0,0,0,1,0,0,0,0,0,0,0,0,0,0,0,0,0,0,1,0,0,447,0,0,0,0,10,0,0,1,1,0,0,0,0,0,0,0,0,0,0,0,0,0,0,0,0,0,19,0,0,0,0,0,0,0
35,MD99-2331,1540,72736.3,75954,74269.9,85.056,Locally weighted spline (loess_default smoothing 0.75),COUN,5935,0,0,0,0,0,0,0,0,0,2,0,0,0,0,0,0,0,1,1,0,0,0,0,0,0,0,0,0,0,0,0,0,0,0,0,83,0,0,0,0,0,0,0,0,0,0,0,0,0,0,0,1,1,0,0,0,0,0,0,0,0,0,0,0,0,0,0,0,0,256,0,0,0,0,7,0,0,0,0,0,0,0,0,0,0,0,0,0,0,0,0,0,0,0,0,0,13,0,0,0,0,0,0,0
35,MD99-2331,1550,73520.9,76879.3,75123.4,85.705,Locally weighted spline (loess_default smoothing 0.75),COUN,5936,0,0,0,0,0,0,0,1,0,2,1,0,0,0,0,0,0,0,0,0,0,0,0,0,0,0,0,0,0,0,1,0,0,0,0,77,0,0,0,0,0,0,0,0,0,0,0,0,0,0,0,6,1,0,0,0,0,0,0,0,0,0,0,0,0,0,0,0,0,534,0,0,0,0,10,0,0,2,0,0,11,0,0,0,0,0,0,0,0,0,0,0,0,0,0,0,2,0,0,0,0,0,0,0
35,MD99-2331,1560,74308.2,77809.1,75983.3,86.355,Locally weighted spline (loess_default smoothing 0.75),COUN,5937,0,0,1,0,0,0,0,1,1,1,0,0,0,0,0,0,0,0,0,0,0,1,0,0,0,2,0,1,0,1,3,0,0,0,0,66,0,0,0,0,0,0,0,0,0,0,0,0,0,0,0,7,0,0,0,0,0,0,0,0,0,0,0,0,0,0,0,0,0,523,0,0,0,0,8,0,0,2,0,0,11,0,0,2,0,0,1,0,0,0,0,0,0,0,0,0,2,0,0,0,0,0,0,0
35,MD99-2331,1570,-9999,-9999,-9999,-9999,-9999,COUN,5938,0,0,0,0,0,0,0,3,0,4,1,0,0,0,0,0,0,0,2,0,0,0,0,0,0,0,0,0,0,2,1,0,2,0,0,69,0,0,0,0,0,0,0,0,0,0,0,0,0,0,0,12,0,0,0,0,0,0,0,0,0,0,0,0,0,0,0,0,0,277,0,1,0,0,8,0,0,3,0,0,2,0,0,0,0,0,0,0,0,0,0,0,0,0,0,0,5,0,0,0,0,0,0,0
35,MD99-2331,1580,-9999,-9999,-9999,-9999,-9999,COUN,5939,0,0,0,0,0,0,0,3,1,3,2,0,0,0,0,0,0,0,2,0,0,1,0,0,0,0,0,0,0,1,0,0,0,0,0,117,0,0,0,0,0,0,0,0,0,0,0,0,0,0,0,17,0,0,0,0,0,0,0,0,0,0,0,0,0,0,0,0,0,219,0,0,0,0,5,0,0,5,0,0,14,0,0,0,0,0,0,0,0,0,0,0,0,0,0,0,4,0,0,0,0,0,0,0
35,MD99-2331,1590,-9999,-9999,-9999,-9999,-9999,COUN,5940,0,0,3,0,0,0,0,1,0,1,0,0,0,0,0,0,0,8,0,0,0,0,0,0,0,0,0,0,0,0,1,0,2,0,0,70,0,0,0,4,0,0,0,0,0,0,0,1,0,0,0,14,0,0,0,0,0,0,0,0,0,0,0,0,0,0,0,0,0,235,0,0,0,0,9,0,0,1,0,0,15,1,0,0,0,0,1,0,0,0,0,0,0,0,0,0,1,0,0,0,0,0,0,0
35,MD99-2331,1600,-9999,-9999,-9999,-9999,-9999,COUN,5941,0,0,0,0,0,0,0,1,1,0,0,0,0,0,0,0,0,14,0,0,0,0,0,0,1,0,0,0,0,0,1,0,1,0,0,59,0,0,0,4,0,0,0,0,0,1,0,1,0,0,0,6,0,0,0,0,0,0,0,0,0,0,0,0,0,0,0,0,0,238,0,0,0,0,7,0,0,2,0,0,28,2,0,0,1,0,0,0,0,0,0,0,0,0,0,0,2,0,0,0,1,0,0,0
35,MD99-2331,1610,-9999,-9999,-9999,-9999,-9999,COUN,5942,0,0,0,0,0,0,0,0,1,4,2,0,0,0,0,0,0,2,0,0,0,0,0,0,0,0,0,0,0,0,0,0,0,0,0,47,0,0,0,0,0,0,0,0,0,1,0,0,0,0,0,15,1,0,0,0,0,0,0,0,0,0,0,0,0,0,0,0,0,255,0,0,0,0,8,0,0,3,0,0,38,0,0,0,0,0,0,0,0,0,0,0,0,0,0,0,4,0,0,0,0,0,0,0
35,MD99-2331,1620,-9999,-9999,-9999,-9999,-9999,COUN,5943,0,0,0,0,0,0,0,1,0,1,0,0,0,0,0,0,0,3,0,0,0,0,0,0,0,0,0,1,0,0,0,0,0,0,0,69,0,0,0,1,0,0,0,0,0,0,0,6,0,0,0,15,0,0,0,0,0,0,0,0,0,0,0,0,0,0,0,0,0,229,0,0,0,0,2,0,0,3,0,0,37,0,0,1,0,0,0,0,0,0,0,0,0,0,0,0,3,0,0,0,0,0,0,0
35,MD99-2331,1630,-9999,-9999,-9999,-9999,-9999,COUN,5944,0,0,2,0,0,0,0,7,1,9,0,1,0,2,0,0,0,1,3,0,0,0,0,0,5,1,0,1,0,0,1,0,0,1,0,37,0,0,0,0,0,0,0,0,0,2,0,0,0,0,0,14,1,0,0,0,0,0,0,0,0,0,0,0,0,0,0,0,0,2229,0,0,0,0,12,0,0,7,0,0,3,0,0,0,0,0,0,0,1,0,0,0,0,0,0,0,12,0,0,0,0,0,0,0
35,MD99-2331,1640,-9999,-9999,-9999,-9999,-9999,COUN,5945,0,0,0,0,0,0,0,2,0,4,1,0,0,0,0,2,0,0,0,0,0,0,0,0,0,0,0,0,0,0,0,0,0,0,0,64,0,0,0,0,0,0,0,0,0,0,0,8,0,0,0,3,0,0,0,0,0,0,0,0,0,0,0,0,0,0,0,0,0,1123,0,0,0,0,14,0,0,2,0,0,1,0,0,0,0,0,0,0,0,0,0,0,0,0,0,0,6,0,1,0,0,0,0,0
35,MD99-2331,1650,-9999,-9999,-9999,-9999,-9999,COUN,5946,5,0,0,0,0,0,0,3,0,1,2,0,0,0,0,1,0,3,0,0,0,0,0,0,1,0,0,0,0,0,1,0,0,0,0,61,0,0,0,0,0,0,0,0,0,0,0,3,0,0,0,5,0,0,0,0,0,0,0,0,0,0,0,0,0,0,0,0,0,895,0,0,0,0,8,0,0,3,0,0,10,0,0,0,0,0,0,0,0,0,0,0,0,0,0,0,2,0,0,0,1,0,0,0
35,MD99-2331,1660,-9999,-9999,-9999,-9999,-9999,COUN,5947,0,0,0,0,0,0,0,2,0,0,2,0,0,0,0,0,0,3,0,0,0,0,0,0,1,1,0,0,0,0,1,0,0,0,0,68,0,0,0,0,0,0,0,0,0,0,0,6,0,0,0,7,0,0,0,0,0,0,0,0,0,0,0,0,0,0,0,0,0,936,0,0,0,0,10,0,0,6,1,0,4,0,0,0,0,0,0,0,0,0,0,0,0,0,0,0,5,0,0,0,0,0,0,0
35,MD99-2331,1670,-9999,-9999,-9999,-9999,-9999,COUN,5948,21,0,0,0,0,0,0,1,1,0,1,0,5,0,0,1,0,4,1,0,0,0,0,0,1,0,0,1,0,0,1,0,0,0,0,56,0,1,0,0,0,0,0,0,0,0,0,0,0,0,0,3,1,0,0,0,0,0,0,0,0,0,0,0,0,0,0,0,0,859,0,0,0,0,6,0,0,3,0,0,8,1,0,0,0,0,0,0,0,0,0,0,0,0,0,0,4,0,0,0,0,0,0,0
35,MD99-2331,1680,-9999,-9999,-9999,-9999,-9999,COUN,5949,24,0,1,0,0,0,0,0,0,1,1,0,0,0,0,2,0,18,0,0,0,1,0,0,0,1,0,1,0,0,2,0,0,0,0,44,0,0,0,1,0,0,0,0,0,0,0,0,0,0,0,7,0,0,0,0,0,0,0,0,0,0,0,0,0,0,0,0,0,407,0,0,0,0,4,0,0,2,0,0,19,0,0,0,0,0,1,1,0,0,0,0,0,0,0,0,4,0,0,0,1,0,0,0
35,MD99-2331,1690,-9999,-9999,-9999,-9999,-9999,COUN,5950,9,0,3,0,0,0,0,0,1,1,7,0,1,0,0,1,0,15,0,0,0,1,0,0,1,0,0,1,0,0,3,0,0,0,0,32,0,0,0,0,0,0,0,0,0,0,0,2,0,0,0,0,0,0,0,0,0,0,0,0,0,0,0,0,0,0,0,0,0,290,0,0,0,0,8,0,0,6,2,0,15,1,1,0,0,0,0,0,0,0,0,0,0,0,0,0,3,0,0,0,0,0,0,0
35,MD99-2331,1700,-9999,-9999,-9999,-9999,-9999,COUN,5951,3,0,1,0,0,0,0,2,0,2,0,0,1,0,0,2,0,21,1,2,0,0,0,0,0,0,0,0,0,0,2,0,0,0,0,41,0,0,0,0,0,0,0,0,0,0,0,1,0,0,0,6,0,0,0,0,0,0,0,0,0,0,0,0,0,0,0,0,0,300,0,0,0,0,7,0,0,13,1,0,20,1,0,0,0,0,0,0,0,0,0,0,0,0,0,0,0,0,0,0,0,0,0,0
35,MD99-2331,1710,-9999,-9999,-9999,-9999,-9999,COUN,5952,0,0,4,0,0,0,0,1,0,4,1,0,0,0,0,0,0,17,0,0,0,0,0,0,0,0,0,2,0,0,2,0,0,0,0,46,0,0,0,0,0,0,0,0,0,0,0,1,0,0,0,3,1,0,0,0,0,0,0,0,0,0,0,0,0,0,0,0,0,212,0,0,0,1,8,0,0,4,2,0,19,0,0,0,0,0,0,0,0,0,0,0,0,0,0,0,2,0,0,1,0,1,0,0
35,MD99-2331,1720,-9999,-9999,-9999,-9999,-9999,COUN,5953,1,1,2,0,0,0,0,2,0,1,2,0,1,0,0,2,0,12,1,0,0,0,0,0,0,1,0,1,0,0,3,0,0,0,0,40,0,0,0,0,0,0,0,0,0,0,0,0,0,0,0,3,0,0,0,0,0,0,0,0,0,0,0,0,0,0,0,0,0,360,0,0,1,0,3,0,0,4,0,0,54,4,0,0,0,0,0,0,0,0,0,0,0,0,0,0,3,0,0,0,0,0,0,0
35,MD99-2331,1730,-9999,-9999,-9999,-9999,-9999,COUN,5954,0,0,2,0,0,0,0,2,0,1,0,0,0,0,0,0,0,12,1,0,0,0,0,0,1,0,0,0,0,1,2,0,0,2,0,50,0,0,0,0,0,0,0,0,0,0,0,0,0,0,0,3,4,0,0,0,0,0,0,0,0,0,0,0,0,0,0,0,0,491,0,0,0,1,7,0,0,4,0,1,19,4,0,0,0,0,0,0,0,0,0,0,0,0,0,0,5,0,0,0,0,0,0,0
35,MD99-2331,1735,-9999,-9999,-9999,-9999,-9999,COUN,5955,0,0,1,0,0,0,2,6,0,4,8,0,3,0,0,0,0,4,1,1,0,0,0,0,5,0,0,0,0,1,2,0,3,0,0,40,0,0,0,0,0,0,0,0,0,0,0,2,0,0,0,10,2,0,1,0,0,0,0,0,0,1,0,0,0,1,0,0,0,1568,0,0,0,1,9,0,0,4,0,0,4,0,0,0,0,0,0,0,0,0,0,0,0,0,0,0,5,0,0,0,0,0,0,0
35,MD99-2331,1740,-9999,-9999,-9999,-9999,-9999,COUN,5956,1,0,0,0,0,1,0,1,0,2,0,0,7,0,0,0,0,2,2,1,0,0,0,0,9,0,0,0,0,0,5,0,1,2,0,46,0,0,0,0,0,0,0,0,0,0,0,0,0,0,0,12,2,0,0,0,0,0,0,0,0,0,0,0,1,1,0,0,0,1378,0,1,0,2,14,0,0,10,0,0,6,0,0,0,0,0,0,0,0,0,0,0,0,0,0,0,8,0,0,0,0,0,0,0
35,MD99-2331,1745,-9999,-9999,-9999,-9999,-9999,COUN,5957,0,0,1,0,0,0,0,2,0,1,2,0,3,0,0,0,0,15,1,0,0,0,0,0,2,0,0,3,0,0,4,0,1,1,0,34,0,0,0,0,0,0,0,0,0,0,0,2,0,0,0,9,6,0,0,0,0,0,0,0,0,0,0,0,0,0,0,0,0,520,0,0,0,2,2,0,0,2,0,0,31,2,1,0,1,0,0,0,0,0,0,0,1,0,0,0,1,0,0,0,0,0,0,0
35,MD99-2331,1750,-9999,-9999,-9999,-9999,-9999,COUN,5958,0,0,2,0,0,0,0,3,0,0,4,0,0,0,0,0,0,24,0,0,0,1,0,0,2,2,0,3,0,0,0,0,1,0,0,30,0,0,0,0,0,0,0,0,0,0,2,0,0,0,0,10,0,0,0,0,0,0,0,0,0,0,0,0,0,0,0,0,0,632,0,0,0,0,10,0,0,5,0,0,17,2,0,0,0,0,1,0,0,0,0,0,2,0,0,0,7,0,0,0,0,0,0,0
35,MD99-2331,1760,-9999,-9999,-9999,-9999,-9999,COUN,5959,0,0,3,0,0,0,0,2,0,0,4,0,0,0,0,0,0,3,2,1,0,0,0,0,1,0,0,0,0,1,1,0,1,0,0,46,0,0,0,0,0,0,0,0,0,0,2,2,0,0,0,4,2,0,0,0,0,0,0,0,0,0,0,0,0,0,0,0,0,1555,0,0,0,0,10,0,0,2,0,0,24,1,0,0,0,0,0,0,0,0,0,0,0,0,0,0,2,0,0,0,0,0,0,0
35,MD99-2331,1770,-9999,-9999,-9999,-9999,-9999,COUN,5960,0,0,0,0,0,0,0,3,0,0,2,0,0,0,0,1,0,1,1,0,0,1,0,0,0,1,0,1,0,1,0,0,0,1,0,47,0,0,0,0,0,0,0,0,0,0,0,0,0,0,0,8,4,0,0,0,0,1,0,0,0,0,0,0,0,0,0,0,0,3200,0,0,0,2,14,0,0,11,0,0,7,0,0,0,0,0,0,0,0,0,0,0,0,0,0,0,9,0,0,0,0,0,0,0
35,MD99-2331,1775,-9999,-9999,-9999,-9999,-9999,COUN,5961,0,0,2,0,0,2,0,13,0,6,2,0,1,1,0,2,0,0,3,2,0,0,0,0,12,0,0,2,0,0,5,0,3,1,0,23,0,0,0,0,0,0,0,0,0,0,0,3,0,0,0,11,0,0,0,0,0,0,0,0,0,0,0,0,0,0,0,0,0,1716,0,1,0,3,8,0,0,12,0,0,6,0,0,0,0,0,0,0,0,0,0,0,0,0,0,0,9,0,0,0,0,1,0,0
35,MD99-2331,1780,-9999,-9999,-9999,-9999,-9999,COUN,5962,4,0,2,0,0,0,0,2,0,0,4,0,1,1,0,1,0,5,1,0,0,0,0,0,5,2,0,0,0,0,3,0,1,0,0,38,0,0,0,0,0,0,0,1,0,0,0,1,0,0,2,10,1,0,0,0,0,0,0,0,0,0,0,0,0,0,0,0,0,1429,0,0,0,1,5,1,0,5,1,0,15,3,0,0,0,0,0,0,0,0,0,0,0,0,0,0,6,0,0,0,0,1,0,0
35,MD99-2331,1790,-9999,-9999,-9999,-9999,-9999,COUN,5963,0,0,1,0,0,0,0,5,0,0,6,0,0,0,0,0,0,7,2,0,0,0,0,0,1,0,0,4,0,0,0,0,1,0,0,46,0,0,0,0,0,0,0,0,0,0,0,0,0,0,0,10,0,0,0,0,0,0,0,0,0,0,0,0,0,0,0,0,0,1069,0,0,0,0,8,0,0,4,0,0,19,1,0,0,0,0,0,0,0,0,0,0,1,0,0,0,2,0,0,0,0,0,0,0
35,MD99-2331,1800,-9999,-9999,-9999,-9999,-9999,COUN,5964,0,0,2,0,0,0,0,5,1,0,6,0,0,0,0,0,0,24,1,0,0,0,0,0,0,0,0,1,0,0,0,0,0,0,0,31,0,0,0,0,0,0,0,0,0,0,0,0,0,0,0,12,1,0,0,0,0,0,0,0,0,0,0,0,0,0,0,0,0,658,0,0,0,0,5,0,0,8,0,0,18,0,0,0,0,0,2,0,0,0,0,0,0,0,0,0,2,0,0,0,1,1,0,0
35,MD99-2331,1805,-9999,-9999,-9999,-9999,-9999,COUN,5965,0,0,4,0,0,0,0,2,0,2,6,0,2,0,0,1,0,26,1,0,0,0,0,0,2,0,0,3,0,1,1,0,1,0,0,16,1,0,0,0,0,0,1,0,0,0,0,0,0,0,0,9,0,0,0,0,0,0,0,0,0,0,0,0,0,0,0,0,0,501,0,0,0,1,11,0,0,3,0,0,21,2,0,0,0,0,0,0,0,0,0,0,0,0,0,0,3,0,0,0,1,1,0,0
35,MD99-2331,1810,-9999,-9999,-9999,-9999,-9999,COUN,5966,0,0,1,0,0,0,0,1,0,0,7,0,0,0,0,0,0,17,1,0,0,0,0,0,0,0,0,0,0,0,0,0,0,0,0,51,0,0,0,0,0,0,1,0,0,0,0,0,0,0,0,13,0,0,0,0,0,0,0,0,0,0,0,0,0,0,0,0,0,703,0,0,0,0,10,0,0,4,0,0,13,0,0,0,0,0,0,0,0,0,0,0,0,0,0,0,2,0,0,0,0,0,0,0
35,MD99-2331,1815,-9999,-9999,-9999,-9999,-9999,COUN,5967,0,0,3,0,0,0,0,0,0,1,5,0,0,0,0,2,0,45,0,0,0,0,0,0,1,0,0,2,0,1,2,0,0,0,0,15,0,0,0,0,0,0,0,0,0,0,0,0,0,0,0,6,2,0,0,0,0,0,0,0,0,0,0,0,0,0,0,0,0,387,0,0,0,0,8,0,0,5,8,0,36,0,0,0,0,0,0,0,0,0,0,0,0,0,0,0,1,0,0,0,0,0,0,0
35,MD99-2331,1820,-9999,-9999,-9999,-9999,-9999,COUN,5968,0,0,1,0,0,1,0,1,0,0,7,0,0,0,0,1,0,14,0,0,0,0,0,0,2,0,0,1,0,0,1,0,1,0,0,31,0,0,0,0,0,0,0,0,0,0,0,0,0,0,0,16,0,0,0,0,0,0,0,0,0,0,0,0,0,0,1,0,0,334,0,0,0,0,5,0,0,14,1,0,27,0,0,0,0,0,0,0,0,0,0,0,0,0,0,0,6,0,0,0,0,1,0,0
35,MD99-2331,1825,-9999,-9999,-9999,-9999,-9999,COUN,5969,0,0,2,0,0,0,0,1,0,2,5,0,2,0,0,2,0,10,0,0,0,0,0,2,0,1,0,1,0,3,1,0,1,0,0,19,0,0,0,0,0,0,0,0,0,0,1,0,0,0,0,6,1,0,0,0,0,0,0,0,0,0,0,0,0,1,0,0,0,197,0,3,0,1,11,0,0,3,3,0,29,3,0,0,0,0,0,0,0,0,0,0,0,0,0,0,3,0,0,0,0,0,0,0
35,MD99-2331,1830,-9999,-9999,-9999,-9999,-9999,COUN,5970,0,0,7,0,0,0,0,0,0,0,3,0,0,0,0,0,0,15,0,0,0,0,0,0,1,0,0,1,0,0,2,1,0,0,0,42,0,0,0,0,0,0,0,0,0,0,0,1,0,0,0,9,0,0,0,0,0,0,0,0,0,0,0,0,0,0,0,0,0,252,0,0,0,0,5,0,0,3,0,0,20,0,0,2,0,0,2,0,0,0,0,0,0,0,0,0,1,0,0,0,1,1,0,0
35,MD99-2331,1835,-9999,-9999,-9999,-9999,-9999,COUN,5971,0,0,1,0,0,0,0,0,0,0,2,0,0,0,0,1,0,2,1,0,0,0,0,0,0,0,0,0,0,0,0,0,0,1,0,40,0,0,0,0,0,0,0,0,0,0,0,0,0,0,1,5,1,0,0,0,0,0,0,0,0,0,0,0,0,0,0,0,0,199,0,0,0,0,3,0,0,5,9,0,50,3,0,0,0,0,2,0,0,0,0,0,0,0,0,0,2,0,0,0,0,0,0,0
35,MD99-2331,1840,-9999,-9999,-9999,-9999,-9999,COUN,5972,0,0,3,0,0,0,0,0,0,1,1,0,2,0,0,2,0,6,0,0,0,0,0,0,0,1,0,1,0,0,1,0,0,0,0,39,0,0,0,0,0,0,0,0,0,0,0,0,0,0,1,12,1,0,0,0,0,0,0,0,0,0,0,0,0,0,0,1,0,173,0,2,0,0,5,0,0,3,4,0,35,2,1,0,0,0,0,0,0,0,0,0,0,0,0,0,2,0,0,0,0,1,0,0
35,MD99-2331,1845,-9999,-9999,-9999,-9999,-9999,COUN,5973,0,0,2,0,0,0,0,0,0,0,4,0,3,1,0,0,0,5,0,0,0,0,0,0,1,1,0,2,0,1,2,0,0,0,0,31,0,0,0,0,0,0,0,0,0,0,0,0,0,0,0,18,6,0,0,0,0,0,0,0,0,0,0,0,0,0,0,0,0,348,0,1,0,0,5,0,0,8,3,0,42,0,1,0,0,0,1,0,0,0,0,0,0,0,0,0,2,0,0,0,0,0,0,0
35,MD99-2331,1850,-9999,-9999,-9999,-9999,-9999,COUN,5974,0,0,1,0,0,0,0,0,0,0,1,0,2,0,0,0,0,3,0,0,0,0,0,0,0,0,0,3,0,0,0,0,0,0,0,32,0,0,0,0,0,0,0,0,0,0,1,1,0,0,1,15,6,0,0,0,0,0,0,0,0,0,0,0,0,1,0,0,0,199,0,0,0,0,1,0,0,2,1,0,48,3,1,0,0,0,1,0,0,0,0,0,0,0,0,0,2,0,0,0,1,0,0,0
35,MD99-2331,1852,-9999,-9999,-9999,-9999,-9999,COUN,5975,0,0,9,0,0,0,0,0,0,0,1,0,1,0,0,0,0,3,0,0,0,0,0,0,0,0,0,3,0,1,0,0,0,1,0,30,0,0,0,0,0,0,0,0,0,0,0,0,0,0,0,6,8,0,0,0,0,0,0,0,0,0,0,0,0,0,0,0,0,131,1,1,0,0,5,0,0,1,3,0,45,1,0,0,0,0,0,0,0,0,0,0,0,0,0,0,1,0,0,0,0,0,0,0
35,MD99-2331,1855,-9999,-9999,-9999,-9999,-9999,COUN,5976,0,0,1,0,0,0,0,0,1,1,0,0,0,0,0,1,0,0,0,0,0,0,0,0,2,0,0,3,0,0,4,0,0,0,0,29,0,0,0,0,0,0,1,0,0,0,0,2,0,0,0,10,4,0,0,0,0,0,0,0,0,0,0,0,0,0,0,0,0,210,0,0,0,0,6,0,0,4,3,0,50,0,0,0,0,0,0,0,0,0,0,0,0,0,0,0,0,0,0,1,0,0,0,0
35,MD99-2331,1860,-9999,-9999,-9999,-9999,-9999,COUN,5977,0,0,4,0,0,0,0,2,0,0,5,0,2,0,0,0,0,0,0,0,0,0,0,0,0,0,0,2,0,1,0,0,1,0,0,23,0,0,0,0,0,0,0,0,0,0,0,1,0,0,1,23,11,0,0,0,0,0,0,0,0,0,0,0,0,1,0,3,0,151,0,0,0,0,2,0,0,1,1,0,61,2,0,0,0,0,1,1,0,0,0,0,0,0,0,0,6,0,0,0,1,0,0,0
35,MD99-2331,1870,-9999,-9999,-9999,-9999,-9999,COUN,5978,0,0,0,0,0,0,0,4,0,0,9,0,0,1,0,1,0,0,1,0,0,0,0,0,3,0,0,1,0,1,1,0,0,0,0,41,0,0,0,0,0,0,0,0,0,0,0,9,0,0,0,10,8,0,0,0,0,0,0,0,0,0,0,0,0,1,0,0,0,184,0,0,0,0,18,0,0,2,0,0,70,1,0,2,0,0,2,0,0,0,0,0,0,0,0,0,5,0,0,0,0,0,0,0
35,MD99-2331,1880,-9999,-9999,-9999,-9999,-9999,COUN,5979,0,0,2,0,0,0,0,9,0,0,21,0,0,1,0,0,0,0,1,0,0,3,0,0,4,0,0,1,0,4,5,0,1,0,0,43,0,0,0,0,0,0,0,0,0,1,0,9,0,0,0,19,2,0,0,0,0,0,0,0,0,0,0,0,0,0,0,0,0,187,1,1,0,0,34,0,0,1,0,0,35,0,0,0,0,0,0,0,0,0,0,0,0,0,0,0,4,0,0,0,0,0,0,0
35,MD99-2331,1890,-9999,-9999,-9999,-9999,-9999,COUN,5980,0,0,1,0,0,0,0,10,0,0,11,0,0,0,0,3,0,0,3,0,0,2,0,0,4,1,0,0,0,0,3,0,0,0,0,39,0,0,0,1,0,0,0,0,0,2,0,13,0,0,0,20,1,0,0,0,0,0,0,0,0,0,0,0,0,0,0,0,0,232,0,1,0,0,14,0,0,0,0,0,21,0,0,0,0,0,1,0,0,0,0,0,0,0,0,0,2,0,0,0,0,0,0,0
35,MD99-2331,1900,-9999,-9999,-9999,-9999,-9999,COUN,5981,0,0,1,0,0,0,0,10,0,0,16,0,0,0,0,5,0,0,2,0,0,0,0,0,1,0,0,0,0,0,1,0,0,0,0,36,0,0,0,0,0,0,0,0,0,4,0,7,0,0,0,23,0,0,0,0,0,0,0,0,0,0,0,0,0,0,0,0,0,235,0,1,0,0,22,2,0,3,0,0,21,0,0,0,0,0,0,0,0,0,0,0,0,0,0,0,6,0,0,0,0,0,0,0
35,MD99-2331,1905,-9999,-9999,-9999,-9999,-9999,COUN,5982,0,0,0,0,0,1,0,15,1,2,23,0,0,0,0,3,0,0,1,0,0,2,0,0,5,0,0,0,0,2,7,0,0,0,0,15,0,0,0,0,0,1,0,0,0,0,0,0,0,0,0,15,1,0,0,0,0,0,0,0,0,0,0,0,0,0,0,0,0,118,0,1,0,0,19,0,0,0,0,0,20,0,0,1,0,0,0,1,0,0,0,0,0,0,0,0,4,0,0,0,0,0,0,0
35,MD99-2331,1911,-9999,-9999,-9999,-9999,-9999,COUN,5983,0,0,1,0,0,1,0,8,0,4,17,0,0,1,0,2,0,0,1,0,0,0,0,0,7,0,0,0,0,0,5,0,2,0,0,15,0,0,0,0,0,0,0,0,0,0,0,2,0,0,0,19,3,0,0,0,0,0,0,0,0,0,0,0,0,0,0,0,0,135,0,1,0,1,21,0,0,1,0,0,27,1,0,1,0,0,0,0,0,0,0,0,0,0,0,0,7,0,0,0,0,0,0,0
35,MD99-2331,1921,-9999,-9999,-9999,-9999,-9999,COUN,5984,0,0,0,0,0,4,0,9,0,5,19,0,0,0,0,0,0,0,1,0,0,1,0,0,1,2,0,1,0,2,3,0,1,0,0,21,1,0,0,0,0,0,0,0,0,0,0,3,0,0,0,17,1,0,0,0,0,0,0,0,0,0,0,0,0,0,0,0,0,164,0,2,0,1,21,0,0,3,0,0,28,1,0,0,0,0,1,0,0,0,0,0,0,0,0,0,6,0,0,0,0,2,0,0
35,MD99-2331,1931,-9999,-9999,-9999,-9999,-9999,COUN,5985,0,0,1,0,0,2,0,7,0,3,10,0,0,0,0,2,0,0,0,0,0,0,1,0,5,0,0,1,0,2,7,0,0,0,0,14,0,0,0,0,0,0,0,0,0,2,0,4,0,0,0,9,0,0,0,1,0,0,0,0,0,0,0,0,0,0,0,0,0,121,0,1,0,1,16,0,0,0,0,0,16,0,0,0,0,0,1,0,0,0,0,0,0,0,0,0,3,0,0,1,0,0,0,0
