site_id,site_name,Sample depth,CLAM_min95,CLAM_max95,CLAM_best,CLAM_acc_rate,CLAM_age_model_type,count_type,sample_id,Abies,Alnus,Anacardiaceae/Rhamnaceae/Rosaceae,Apiaceae,Asteraceae,Caryophyllaceae,Chenopodiaceae,Cupressaceae/Taxaceae/Taxodiaceae,Cyperaceae,Ephedra,Ericaceae,Fraxinus,Isoetes,Lithocarpus,Lycopodiaceae,Myrica,Nuphar,Onagraceae,Picea,Pinus,Poaceae,Polygonaceae,Polypodiaceae,Potamogeton/Sparganium,Pseudotsuga,Quercus,Salix,Sequoia,Tsuga heterophylla,Tsuga mertensiana,Typha
98,Rice Lake (Rice Lake 81),1000,18080.5,19661.6,18779.7,41.627,Linear interpolation,COUN,20159,2,1,2,1,28,2,1,1,3,0,0,0,300,0,0,0,0,0,2,121,30,0,5,0,1,1,0,0,1,1,0
98,Rice Lake (Rice Lake 81),1010,18464.2,20118,19196,41.627,Linear interpolation,COUN,20160,3,0,0,0,40,1,0,0,3,0,1,0,420,3,0,0,0,0,4,123,38,0,0,0,1,4,0,0,2,1,0
98,Rice Lake (Rice Lake 81),1020,18848.3,20578.3,19612.3,41.627,Linear interpolation,COUN,20161,2,1,1,1,31,1,1,1,4,0,0,0,490,0,0,1,0,0,1,140,30,0,7,0,1,2,1,0,1,2,0
98,Rice Lake (Rice Lake 81),1040,19615.6,21498.4,20444.8,41.627,Linear interpolation,COUN,20162,1,1,1,1,45,0,1,0,4,0,1,0,700,0,0,0,0,0,1,123,40,0,7,0,0,4,0,0,1,1,0
98,Rice Lake (Rice Lake 81),1050,19999.2,21953,20861.1,41.627,Linear interpolation,COUN,20163,1,1,3,1,44,1,2,1,3,0,0,0,490,0,1,0,1,0,1,116,28,0,0,0,0,4,0,0,1,1,0
98,Rice Lake (Rice Lake 81),1060,20382.2,22409.8,21277.4,41.627,Linear interpolation,COUN,20164,0,1,2,2,42,1,3,1,3,0,0,0,255,0,1,0,0,0,0,131,27,1,0,0,0,1,0,0,1,0,0
98,Rice Lake (Rice Lake 81),1075,20957.6,23098.6,21901.8,41.627,Linear interpolation,COUN,20165,1,1,2,2,52,1,1,3,11,1,0,0,72,0,0,0,0,0,4,217,36,1,0,0,1,3,0,0,3,2,0
98,Rice Lake (Rice Lake 81),1086,21377.5,23603.2,22359.7,41.627,Linear interpolation,COUN,20166,3,0,2,0,42,1,1,0,4,0,0,0,105,0,0,0,1,0,1,135,15,0,0,0,1,2,0,0,5,0,0
98,Rice Lake (Rice Lake 81),1100,21912.2,24246.5,22942.5,41.627,Linear interpolation,COUN,20167,2,0,0,2,45,2,3,3,4,0,0,0,255,0,0,0,1,0,3,109,28,1,0,0,1,1,0,0,3,1,0
98,Rice Lake (Rice Lake 81),1110,22296.3,24705.5,23358.7,41.627,Linear interpolation,COUN,20168,2,1,0,1,39,1,3,1,6,0,1,0,140,0,0,0,1,0,2,126,24,2,0,0,1,1,0,0,2,0,0
98,Rice Lake (Rice Lake 81),1125,22871,25394.4,23983.2,41.627,Linear interpolation,COUN,20169,4,0,3,1,41,1,2,0,2,0,0,0,165,0,0,0,1,1,1,116,20,0,0,0,1,2,0,0,4,0,0
98,Rice Lake (Rice Lake 81),1136,23292.7,25900.2,24441.1,41.627,Linear interpolation,COUN,20170,3,0,0,1,31,1,0,0,5,0,0,0,80,0,1,0,0,0,2,145,12,1,0,0,1,1,0,0,2,1,0
98,Rice Lake (Rice Lake 81),1150,23829.1,26543.4,25023.8,41.627,Linear interpolation,COUN,20171,2,0,5,0,38,1,1,1,2,0,1,0,300,0,0,1,1,0,3,133,10,1,0,0,2,2,0,0,2,2,0
98,Rice Lake (Rice Lake 81),1160,24214.1,27002.1,25440.1,41.627,Linear interpolation,COUN,20172,14,3,1,1,41,1,1,0,6,0,0,0,600,0,1,0,0,0,6,199,18,1,0,0,3,5,0,0,3,1,0
98,Rice Lake (Rice Lake 81),1180,24977.8,27922,26272.7,41.627,Linear interpolation,COUN,20173,13,0,0,0,21,0,0,0,6,0,0,0,100,0,0,0,1,0,1,155,13,0,0,0,1,0,0,0,8,1,0
98,Rice Lake (Rice Lake 81),1190,25359,28381.4,26688.9,41.627,Linear interpolation,COUN,20174,3,0,2,0,98,1,0,1,6,0,0,0,200,0,0,0,0,0,0,66,31,0,0,0,0,3,0,0,1,0,0
98,Rice Lake (Rice Lake 81),1200,25740,28840.5,27105.2,41.627,Linear interpolation,COUN,20175,2,2,0,1,87,2,1,1,9,0,0,0,200,0,0,0,0,0,0,81,35,0,0,0,0,2,0,0,1,1,0
98,Rice Lake (Rice Lake 81),1210,26120.8,29297.6,27521.5,41.627,Linear interpolation,COUN,20176,4,0,0,0,67,3,1,2,9,0,0,0,200,0,0,0,1,0,0,106,26,0,0,0,0,1,1,0,1,0,0
98,Rice Lake (Rice Lake 81),1230,26888,30214.3,28354,41.627,Linear interpolation,COUN,20177,3,0,1,1,77,1,0,0,15,0,0,0,200,0,0,0,0,0,1,101,26,0,0,0,0,3,0,0,0,2,0
98,Rice Lake (Rice Lake 81),1240,27270.7,30675,28770.3,41.627,Linear interpolation,COUN,20178,4,0,0,0,50,1,1,3,5,0,0,0,200,0,0,0,0,0,1,133,9,0,0,0,1,1,0,0,3,1,0
98,Rice Lake (Rice Lake 81),1250,27654.5,31136,29186.6,41.627,Linear interpolation,COUN,20179,7,2,1,0,75,8,1,0,2,0,0,0,200,0,0,0,2,0,0,82,16,0,0,0,0,4,0,0,2,1,0
98,Rice Lake (Rice Lake 81),1270,28422.8,32052.9,30019.1,41.627,Linear interpolation,COUN,20180,81,3,4,1,157,0,4,10,8,0,0,0,0,4,2,0,31,1,3,641,27,2,0,5,6,24,0,1,13,3,0
98,Rice Lake (Rice Lake 81),1280,28807,32515,30435.4,41.627,Linear interpolation,COUN,20181,45,4,3,3,92,0,0,8,5,0,0,0,100,0,0,1,33,0,4,359,26,0,0,1,8,9,0,0,13,2,1
