site_id,site_name,Sample depth,CLAM_min95,CLAM_max95,CLAM_best,CLAM_acc_rate,CLAM_age_model_type,count_type,sample_id,Abies,Acer,Alisma,Alnus,Apiaceae,Aquatics,Artemisia,Asteraceae (Liguliflorae),Asteraceae (Tubuliflorae),Betula,Brassicaceae,Buxus,Campanulaceae,Carpinus betulus,Carpinus orientalis/Ostrya,Caryophyllaceae,Castanea,Cedrus,Chenopodiaceae,Cistus,Corylus,Cyperaceae,Dipsacaceae,Ephedra distachya type,Ephedra fragilis type,Ericaceae,Euphorbia,Fagus,Filipendula,Fraxinus,Geranium,Hedera,Helianthemum,Herbs,Ilex,Indeterminable,Juglans,Juniperus,Lamiaceae,Leguminosae,Liliaceae,Malvaceae,Myriophyllum,Nymphaeaceae,Olea,Phillyrea,Picea,Pinus,Plantago,Poaceae,Polypodiales,Polypodium,Populus,Pterocarya,Quercus (deciduous),Quercus cerris/Quercus suber,Quercus ilex type,Ranunculaceae,Rhamnus,Rosaceae,Rubiaceae,Rubus,Rumex,Salix,Sanguisorba,Sparganium type,Tilia,Trees,Typha latifolia type,Ulmus,Urticaceae,Viburnum,Viscum,Vitis,Zelkova
3,Valle di Castiglione,400,-9999,-9999,-9999,-9999,-9999,COUN,605,0,0,0,0,9,0,19,5,11,7,10,0,0,0,0,41,0,0,56,0,3,0,0,0,0,0,0,0,0,0,0,0,1,1,0,9,0,0,0,0,0,0,4,0,0,0,0,8,1,17,0,0,0,0,5,0,0,0,0,0,1,0,0,3,0,1,1,0,0,0,0,0,0,0,0
3,Valle di Castiglione,410,14357.1,15543.4,15007.8,90.567,Locally weighted spline (loess_default smoothing 0.75),COUN,606,0,0,1,0,10,0,34,3,11,4,11,0,0,0,0,55,0,0,32,0,4,1,0,0,0,0,0,0,0,0,0,0,0,0,0,55,0,6,0,0,0,0,1,0,0,0,0,12,0,56,0,0,0,0,14,0,4,8,0,0,0,0,0,0,0,0,2,0,1,1,0,0,0,0,0
3,Valle di Castiglione,419,15285.8,16292.9,15812.7,88.009,Locally weighted spline (loess_default smoothing 0.75),COUN,607,0,0,0,0,0,0,3,0,7,0,0,0,0,0,0,1,0,0,36,0,5,0,0,0,0,0,0,0,0,0,0,0,1,0,0,147,0,44,0,0,0,0,0,0,0,0,0,13,0,14,0,0,0,0,1,0,0,0,0,0,0,0,0,0,0,0,0,0,0,0,0,0,0,0,0
3,Valle di Castiglione,445,17584.1,18515.7,18007.2,80.462,Locally weighted spline (loess_default smoothing 0.75),COUN,608,0,0,0,0,0,0,2,0,0,0,0,0,0,0,0,0,0,0,36,0,0,0,0,0,0,0,0,0,0,0,0,0,0,0,0,78,0,22,0,0,0,0,5,0,0,0,0,20,0,5,0,0,0,0,0,0,1,0,0,0,0,0,0,0,0,0,0,0,0,0,0,0,0,0,0
3,Valle di Castiglione,455,18256.2,19348.8,18798.6,77.529,Locally weighted spline (loess_default smoothing 0.75),COUN,609,0,0,0,0,0,0,5,0,5,0,0,0,0,0,0,0,0,0,32,0,0,0,0,0,0,0,0,0,0,0,0,0,0,0,0,35,0,42,0,0,0,0,2,0,0,0,0,16,0,18,0,0,0,0,0,0,0,0,0,0,0,0,0,2,0,0,0,0,0,0,0,0,0,0,0
3,Valle di Castiglione,480,19789.3,21311.5,20649.7,70.299,Locally weighted spline (loess_default smoothing 0.75),COUN,610,0,0,0,0,0,0,4,3,78,0,0,0,0,0,0,1,0,1,64,0,0,0,0,0,0,0,0,0,0,0,0,0,0,0,0,1161,0,57,0,0,0,0,0,0,0,0,1,114,0,12,0,0,0,0,2,0,0,15,0,0,0,0,0,1,0,0,0,0,0,0,0,0,0,0,0
3,Valle di Castiglione,500,20927.4,22758.6,22001.6,64.622,Locally weighted spline (loess_default smoothing 0.75),COUN,611,0,0,0,0,2,0,0,8,37,0,0,0,0,0,0,2,0,0,190,0,0,1,0,0,3,0,0,0,0,0,0,0,0,0,0,906,0,40,0,0,0,0,6,0,0,0,1,99,0,26,0,0,0,0,1,0,0,13,0,0,0,0,0,1,0,0,0,0,0,0,0,0,0,0,0
3,Valle di Castiglione,520,21992,24094.5,23240.9,59.04,Locally weighted spline (loess_default smoothing 0.75),COUN,612,0,0,0,0,0,0,6,4,12,0,2,0,0,0,0,0,0,0,79,0,0,0,0,0,0,0,0,0,0,0,0,0,0,0,0,0,0,29,0,0,0,0,11,0,0,0,0,6,0,14,0,0,0,0,0,0,0,0,0,0,0,0,0,0,0,0,0,0,0,0,0,0,0,0,0
3,Valle di Castiglione,541,23037.6,25348.4,24410.7,50.638,Locally weighted spline (loess_default smoothing 0.75),COUN,613,0,0,0,0,0,0,12,6,35,0,0,0,0,0,0,4,0,0,18,0,0,0,0,0,0,0,0,0,0,0,0,0,0,0,0,137,0,0,0,0,0,0,15,0,0,0,0,15,3,5,0,0,0,0,1,0,0,1,0,0,0,0,0,0,0,0,0,0,0,0,0,0,0,0,0
3,Valle di Castiglione,555,23672,26032.2,25074.3,43.81,Locally weighted spline (loess_default smoothing 0.75),COUN,614,0,0,1,0,1,0,37,8,19,1,0,0,0,0,0,6,0,0,14,0,0,0,0,0,0,0,0,0,0,0,0,0,0,0,0,102,0,1,0,0,0,0,62,0,0,0,0,10,3,10,0,0,0,0,0,0,0,2,0,0,1,0,0,5,0,0,0,0,0,0,0,0,0,0,0
3,Valle di Castiglione,590,25082.5,27268.3,26362.9,30.278,Locally weighted spline (loess_default smoothing 0.75),COUN,615,2,0,1,0,6,0,60,4,31,0,1,0,0,0,0,16,0,0,28,0,0,0,0,0,0,0,0,1,0,0,0,0,0,0,0,20,0,10,0,0,0,0,10,0,0,0,0,31,1,62,0,0,0,0,2,0,0,6,0,0,0,0,0,1,0,1,0,0,0,1,0,0,0,0,0
3,Valle di Castiglione,605,25621.5,27637.5,26786.2,26.025,Locally weighted spline (loess_default smoothing 0.75),COUN,616,0,0,1,0,2,0,59,2,24,0,0,0,0,0,0,7,0,0,26,0,0,0,1,0,1,0,0,0,0,0,0,0,0,0,0,67,0,2,0,0,0,0,5,0,0,0,1,41,3,36,0,0,0,0,3,0,0,11,0,0,0,0,0,0,0,0,0,0,0,0,0,0,0,0,0
3,Valle di Castiglione,615,25960,27843.7,27035.6,23.706,Locally weighted spline (loess_default smoothing 0.75),COUN,617,0,0,6,0,7,4,81,3,32,1,0,0,0,0,0,21,0,0,37,0,0,1,0,0,2,0,0,0,0,0,0,0,1,0,0,67,0,43,0,0,0,0,15,0,0,0,0,30,3,172,0,0,0,0,3,0,1,0,0,0,3,0,0,3,0,0,0,0,0,0,0,0,0,0,0
3,Valle di Castiglione,640,26711.2,28307.9,27575,19.713,Locally weighted spline (loess_default smoothing 0.75),COUN,618,0,0,1,0,1,1,42,1,30,0,0,0,0,0,0,4,0,0,24,0,0,0,0,0,1,0,0,0,0,0,0,0,1,0,0,25,0,4,0,0,0,0,6,0,0,0,0,20,0,6,0,0,0,0,0,0,0,3,0,0,0,0,0,1,0,0,0,0,0,0,0,0,0,0,0
3,Valle di Castiglione,660,27267.8,28644.9,27953.8,18.375,Locally weighted spline (loess_default smoothing 0.75),COUN,619,0,0,1,0,2,1,32,1,35,0,0,0,0,0,0,0,0,0,26,0,0,0,0,0,0,0,0,0,0,0,0,0,0,0,0,11,0,5,0,0,0,0,13,0,0,0,0,8,1,11,0,0,0,0,1,0,0,7,0,0,1,0,0,0,0,0,0,0,0,0,0,0,0,0,0
3,Valle di Castiglione,680,27741.7,29006.6,28321.5,18.687,Locally weighted spline (loess_default smoothing 0.75),COUN,620,0,0,0,0,5,0,65,5,23,0,0,0,0,0,0,3,0,0,42,0,0,0,0,0,0,0,0,0,0,0,0,0,0,0,0,15,0,1,0,0,0,0,55,0,0,0,0,9,0,20,0,0,0,0,0,0,0,29,0,0,1,0,0,0,0,0,0,0,1,0,0,0,0,0,0
3,Valle di Castiglione,705,28295.5,29503.7,28815.9,21.398,Locally weighted spline (loess_default smoothing 0.75),COUN,621,0,0,0,0,0,2,53,0,13,0,0,0,0,0,0,1,0,0,48,0,0,0,0,0,1,0,0,0,0,0,0,0,0,0,0,46,0,1,0,0,0,0,29,0,0,0,0,0,1,11,0,0,0,0,0,0,0,9,0,0,0,0,0,0,0,0,0,0,0,0,0,0,0,0,0
3,Valle di Castiglione,720,28611.9,29852.2,29155.7,24.262,Locally weighted spline (loess_default smoothing 0.75),COUN,622,0,0,0,0,5,0,86,0,15,0,0,0,0,0,0,6,0,0,47,0,0,0,0,0,0,0,0,0,0,0,0,0,0,1,0,45,0,1,0,0,0,0,69,0,0,0,0,15,0,16,0,0,0,0,0,0,0,19,0,0,0,0,0,0,0,0,0,0,0,0,0,0,0,0,0
3,Valle di Castiglione,740,29044,30318.1,29628.9,22.83,Locally weighted spline (loess_default smoothing 0.75),COUN,623,0,0,0,0,3,0,113,2,25,0,0,0,0,0,0,2,0,0,48,0,0,0,0,0,0,0,0,0,0,0,0,0,0,0,0,60,0,10,0,0,0,0,25,0,0,0,0,3,2,27,0,0,0,0,0,0,0,65,0,0,0,0,0,0,0,0,0,0,0,0,0,0,0,0,0
3,Valle di Castiglione,760,29474.3,30788.1,30079.7,22.223,Locally weighted spline (loess_default smoothing 0.75),COUN,624,0,0,1,0,2,0,70,2,19,0,0,0,0,0,0,1,0,0,34,0,0,0,0,0,1,0,0,0,0,0,0,0,0,0,0,53,0,3,0,0,0,0,2,0,0,0,0,4,2,9,0,0,0,0,0,0,0,41,0,0,1,0,0,1,0,0,0,0,0,0,0,0,0,0,0
3,Valle di Castiglione,780,29879.8,31228,30518.7,21.658,Locally weighted spline (loess_default smoothing 0.75),COUN,625,0,0,4,0,7,0,179,2,18,0,0,0,0,0,0,4,0,0,23,0,1,0,1,0,3,0,0,0,0,0,0,0,1,0,0,70,0,0,0,0,0,0,143,0,0,0,0,28,3,67,0,0,0,0,1,0,0,8,0,0,3,0,2,4,0,1,0,0,0,0,0,0,0,0,0
3,Valle di Castiglione,800,30274.9,31662.2,30946.9,21.137,Locally weighted spline (loess_default smoothing 0.75),COUN,626,0,0,0,0,0,0,66,3,12,0,0,0,0,0,0,2,0,0,9,0,0,0,0,0,1,1,0,0,0,0,0,0,1,0,0,10,0,3,0,0,0,0,18,0,0,0,0,24,1,25,0,0,0,0,0,0,0,1,0,0,0,0,0,1,0,0,0,0,0,0,0,0,0,0,0
3,Valle di Castiglione,820,30662.9,32094.2,31365,20.658,Locally weighted spline (loess_default smoothing 0.75),COUN,627,0,0,0,0,2,0,37,0,27,1,0,0,0,0,0,2,0,1,85,0,0,0,0,0,0,0,0,0,0,0,0,0,1,1,0,27,0,4,0,0,0,0,1,0,0,0,0,7,1,10,0,0,0,0,1,0,0,17,0,0,0,0,0,4,0,0,0,0,0,0,0,0,0,0,0
3,Valle di Castiglione,840,31046.5,32521.4,31773.9,20.222,Locally weighted spline (loess_default smoothing 0.75),COUN,628,0,0,0,0,5,0,76,4,14,0,0,0,0,0,0,10,0,0,24,0,0,0,0,0,7,2,0,0,0,0,0,0,0,0,0,18,0,6,0,0,0,0,25,0,0,0,1,53,1,30,0,0,0,0,3,0,0,3,0,0,1,0,0,0,0,2,0,0,0,0,0,0,0,0,0
3,Valle di Castiglione,860,31402.9,32945.2,32174.5,19.828,Locally weighted spline (loess_default smoothing 0.75),COUN,629,0,0,3,0,2,0,91,1,8,1,0,0,0,0,0,2,0,0,8,0,1,0,0,0,0,0,0,0,0,0,0,0,0,0,0,41,0,1,0,0,0,0,18,0,0,0,0,21,1,68,0,0,0,0,1,0,0,7,0,0,1,1,0,0,0,0,0,0,0,0,0,0,0,0,0
3,Valle di Castiglione,870,31584.3,33162.4,32372,19.647,Locally weighted spline (loess_default smoothing 0.75),COUN,630,0,0,0,0,3,0,108,1,18,0,0,0,0,0,0,4,0,0,19,0,0,0,0,0,0,0,0,1,0,0,0,0,1,1,0,24,0,4,0,0,0,0,37,0,0,0,0,17,1,65,0,0,0,0,1,0,0,4,0,0,0,0,0,2,0,0,0,0,0,0,0,0,0,0,0
3,Valle di Castiglione,910,32249.6,34037,33145.3,19.031,Locally weighted spline (loess_default smoothing 0.75),COUN,631,0,0,4,0,0,1,99,3,6,0,0,0,0,0,0,15,0,0,18,0,1,0,0,0,2,0,0,0,0,0,0,0,0,0,0,99,0,4,0,0,0,0,50,0,0,0,0,39,2,154,0,0,0,0,2,0,1,60,0,0,1,0,0,0,0,0,0,0,0,1,0,0,0,0,0
3,Valle di Castiglione,920,32396.7,34263.9,33335,18.904,Locally weighted spline (loess_default smoothing 0.75),COUN,632,0,0,4,0,11,1,79,0,8,2,0,0,0,0,0,22,0,0,12,0,0,0,0,0,1,1,0,1,0,0,0,0,0,0,0,9,0,0,0,0,0,0,35,0,0,0,1,62,0,135,0,0,0,0,5,0,0,32,0,0,0,0,1,1,0,0,0,0,1,0,0,0,0,0,0
3,Valle di Castiglione,940,32697.3,34725.7,33710.9,18.682,Locally weighted spline (loess_default smoothing 0.75),COUN,633,0,0,1,0,6,8,65,1,14,1,0,0,0,0,0,1,0,0,11,0,0,0,0,0,3,0,0,1,0,0,0,0,0,0,0,36,0,0,0,0,0,0,75,0,0,0,0,9,0,77,0,0,0,0,1,0,0,14,0,0,0,0,0,1,0,0,0,0,0,0,0,0,0,0,0
3,Valle di Castiglione,960,32986.2,35201,34082.8,18.502,Locally weighted spline (loess_default smoothing 0.75),COUN,634,0,0,0,0,2,1,154,4,18,0,0,0,0,0,0,5,0,0,21,0,0,0,0,0,2,0,0,0,0,0,0,0,1,0,0,40,0,1,0,0,0,0,186,0,0,0,1,16,2,88,0,0,0,0,0,0,0,7,0,0,0,1,0,1,0,0,0,0,1,0,0,0,0,0,0
3,Valle di Castiglione,985,33313.2,35835.1,34543.2,18.337,Locally weighted spline (loess_default smoothing 0.75),COUN,635,0,0,6,2,11,1,85,3,11,0,0,0,0,0,0,57,0,0,26,0,0,0,0,0,4,1,0,0,0,0,0,0,1,0,0,9,0,0,0,0,0,0,28,0,0,0,0,41,1,116,0,0,0,0,6,0,0,61,0,0,2,0,0,2,0,0,0,0,1,0,0,0,0,0,0
3,Valle di Castiglione,1000,33486.6,36217.6,34816.6,18.146,Locally weighted spline (loess_default smoothing 0.75),COUN,636,0,0,0,0,2,0,132,2,8,0,0,0,0,0,0,11,0,0,15,0,0,0,1,0,1,0,0,0,0,0,0,0,2,0,0,8,0,0,0,0,0,0,26,0,0,0,0,11,1,45,0,0,0,0,1,0,1,11,0,0,0,0,0,0,0,0,0,0,0,1,0,0,0,0,0
3,Valle di Castiglione,1015,33643.4,36660.7,35108.7,20.52,Locally weighted spline (loess_default smoothing 0.75),COUN,637,0,0,1,0,3,0,97,0,5,0,0,0,0,0,0,1,0,0,16,0,0,0,0,0,1,0,0,1,0,0,0,0,0,0,0,31,0,0,0,0,0,0,5,0,0,0,0,3,1,32,0,0,0,0,0,0,0,1,0,0,0,0,1,0,0,0,0,0,0,0,0,0,0,0,0
3,Valle di Castiglione,1037,33868.7,37387.1,35552.2,20.088,Locally weighted spline (loess_default smoothing 0.75),COUN,638,0,0,0,0,1,0,70,1,3,0,0,0,0,0,0,2,0,1,20,0,0,0,0,0,2,0,0,0,0,0,0,0,0,0,0,74,0,5,0,0,0,0,5,0,0,0,1,8,1,40,0,0,0,0,4,0,0,4,0,0,0,0,1,0,0,0,0,0,0,0,0,0,0,0,0
3,Valle di Castiglione,1060,34114.9,38101.4,36013.3,20.004,Locally weighted spline (loess_default smoothing 0.75),COUN,639,0,0,0,0,2,0,82,2,5,0,0,0,0,0,0,2,0,0,11,0,0,0,0,0,2,0,0,1,0,0,0,0,0,2,0,40,0,1,0,0,0,0,3,0,0,0,0,9,0,92,0,0,0,0,3,0,1,11,0,0,1,0,0,0,0,0,0,0,0,0,0,0,0,0,0
3,Valle di Castiglione,1080,34351.7,38712.6,36412.7,19.934,Locally weighted spline (loess_default smoothing 0.75),COUN,640,0,0,0,0,1,0,91,4,8,0,0,0,0,0,0,2,0,0,8,0,0,1,0,0,0,0,0,1,2,0,0,0,0,0,0,7,0,2,0,0,0,0,2,0,0,0,0,5,2,71,0,0,0,0,0,0,0,3,0,0,0,0,0,1,0,0,0,0,0,0,0,0,0,0,0
3,Valle di Castiglione,1100,34610.3,39278.5,36810.7,19.868,Locally weighted spline (loess_default smoothing 0.75),COUN,641,0,0,0,0,0,0,117,3,11,0,1,0,0,0,0,1,0,0,13,0,0,0,0,0,1,0,0,0,0,0,0,0,0,2,0,21,0,2,0,0,0,0,1,0,0,0,0,10,4,32,0,0,0,0,1,0,0,0,0,0,0,0,0,0,0,0,0,0,0,0,0,0,0,0,0
3,Valle di Castiglione,1120,34903.4,39813.4,37207.5,19.803,Locally weighted spline (loess_default smoothing 0.75),COUN,642,0,0,2,0,0,0,63,1,7,0,0,0,0,1,0,0,0,0,21,0,2,0,0,0,4,0,0,2,0,0,0,0,0,0,0,24,0,4,0,0,0,0,3,0,0,0,0,29,0,76,0,0,0,0,1,0,0,6,0,0,1,0,1,0,0,1,0,0,0,0,0,0,0,0,0
3,Valle di Castiglione,1140,35211.8,40315,37602.9,19.742,Locally weighted spline (loess_default smoothing 0.75),COUN,643,1,0,1,0,6,0,58,2,9,3,0,0,0,1,0,6,0,0,5,0,0,0,0,0,1,1,0,7,0,0,0,0,0,0,0,8,0,3,0,0,0,0,13,0,0,0,1,53,1,78,0,0,0,0,9,0,0,3,0,0,1,0,1,1,0,0,2,0,0,0,0,0,0,0,0
3,Valle di Castiglione,1164,35628,40842.9,38075.9,19.672,Locally weighted spline (loess_default smoothing 0.75),COUN,644,0,0,0,0,3,0,158,0,14,0,0,0,0,0,0,0,0,1,64,0,0,3,0,0,2,0,0,0,0,0,0,0,0,0,0,11,0,2,0,0,0,0,14,0,0,0,0,7,5,70,0,0,0,0,1,0,0,0,0,0,2,0,0,0,0,0,0,0,0,0,0,0,0,0,0
3,Valle di Castiglione,1175,35825.8,41084.4,38292.2,19.641,Locally weighted spline (loess_default smoothing 0.75),COUN,645,0,0,0,0,2,0,154,1,7,0,0,0,0,0,0,2,0,0,47,0,0,1,0,0,0,0,0,0,0,0,0,0,0,0,0,8,0,0,0,0,0,0,12,0,0,0,0,9,2,117,0,0,0,0,0,0,0,1,0,0,0,0,0,0,0,0,0,0,0,0,0,0,0,0,0
3,Valle di Castiglione,1205,36370.7,41718.2,38880.2,19.561,Locally weighted spline (loess_default smoothing 0.75),COUN,646,0,0,0,0,5,0,122,2,12,0,0,0,0,0,0,6,0,1,48,0,0,0,0,0,0,0,0,0,1,0,0,0,0,1,0,28,0,1,0,0,0,0,10,0,0,0,0,4,4,49,0,0,0,0,2,0,0,8,0,0,3,0,1,0,0,0,0,0,0,0,0,0,0,0,0
3,Valle di Castiglione,1220,36672.2,42015,39173.4,19.523,Locally weighted spline (loess_default smoothing 0.75),COUN,647,0,0,2,0,7,0,144,0,12,1,1,0,0,0,0,1,0,0,44,0,1,0,0,0,2,0,0,0,0,0,0,0,1,1,0,27,0,1,0,0,0,0,18,0,0,0,0,10,1,77,0,0,0,0,1,0,0,4,0,0,1,0,0,0,0,0,0,0,0,0,0,0,0,0,0
3,Valle di Castiglione,1240,37059,42375.9,39563.4,19.475,Locally weighted spline (loess_default smoothing 0.75),COUN,648,1,0,2,1,1,0,140,0,9,0,0,0,0,0,0,16,0,0,12,0,0,0,0,0,0,0,0,1,1,0,0,0,0,0,0,19,0,0,0,0,0,0,1,0,0,0,0,4,1,23,0,0,0,0,1,0,0,8,0,0,0,0,0,0,0,0,0,0,0,0,0,0,0,0,0
3,Valle di Castiglione,1260,37450.9,42737.8,39952.4,19.43,Locally weighted spline (loess_default smoothing 0.75),COUN,649,2,0,2,0,8,0,86,0,9,0,0,0,0,1,0,28,0,0,3,0,4,0,0,0,0,1,0,10,1,0,1,0,0,0,0,21,0,1,0,0,0,0,8,0,0,0,2,32,0,39,0,0,0,0,12,1,0,14,0,0,0,0,5,0,0,0,1,0,1,0,0,0,0,0,0
3,Valle di Castiglione,1280,37862.1,43083.8,40340.6,19.387,Locally weighted spline (loess_default smoothing 0.75),COUN,650,1,1,4,0,14,0,66,3,8,5,0,0,0,0,0,14,0,0,18,0,9,1,0,0,1,5,0,6,3,0,0,0,0,0,0,40,0,2,0,0,0,0,4,0,0,0,0,44,1,62,0,0,0,0,11,0,6,9,0,0,0,0,0,0,0,0,4,0,0,7,0,0,0,0,2
3,Valle di Castiglione,1300,38255.6,43455,40728,19.347,Locally weighted spline (loess_default smoothing 0.75),COUN,651,0,0,0,0,4,1,67,1,16,0,0,0,0,0,0,8,0,0,35,0,0,0,0,0,1,0,0,1,0,0,0,0,0,1,0,47,0,3,0,0,0,0,3,0,0,0,1,19,0,59,0,0,0,0,4,0,0,18,0,0,1,0,2,1,0,1,0,0,0,1,0,0,0,0,0
3,Valle di Castiglione,1409,39954.9,45676.8,42827,19.178,Locally weighted spline (loess_default smoothing 0.75),COUN,652,0,0,1,0,9,0,66,1,9,2,0,0,0,0,0,26,0,0,34,0,0,0,0,1,0,0,0,1,2,0,1,1,1,2,0,36,0,0,0,0,0,0,7,0,0,0,0,13,0,48,0,0,0,0,5,0,0,58,0,0,1,0,1,1,0,0,0,0,0,0,0,0,0,0,0
3,Valle di Castiglione,1422,40097.7,45976.7,43076.2,19.163,Locally weighted spline (loess_default smoothing 0.75),COUN,653,0,0,1,0,5,0,81,3,13,1,0,0,0,0,0,14,0,1,46,0,0,0,0,0,2,0,0,0,0,0,0,0,0,0,0,30,0,1,0,0,0,0,0,0,0,0,0,7,0,48,0,0,0,0,0,0,0,43,0,0,1,0,1,1,0,0,0,0,0,0,0,0,0,0,0
3,Valle di Castiglione,1440,40284.6,46439.5,43421,19.145,Locally weighted spline (loess_default smoothing 0.75),COUN,654,0,0,1,0,1,0,115,3,16,0,0,0,0,0,0,0,0,0,64,0,0,0,0,0,0,0,0,0,0,0,0,0,0,0,0,53,0,7,0,0,0,0,5,0,0,0,0,6,0,28,0,0,0,0,2,0,0,44,0,0,1,0,0,0,0,1,0,0,0,1,0,0,0,0,0
3,Valle di Castiglione,1464,40534,47087.8,43880.2,19.123,Locally weighted spline (loess_default smoothing 0.75),COUN,655,0,0,2,1,1,0,68,2,2,1,0,0,0,0,0,10,0,0,36,0,0,0,0,0,0,0,0,1,0,0,0,0,0,0,0,11,0,1,0,0,0,0,4,0,0,0,0,21,2,24,0,0,0,0,0,0,0,14,0,0,1,0,0,0,0,0,1,0,0,0,0,0,0,0,0
3,Valle di Castiglione,1475,40622.4,47402,44090.5,19.115,Locally weighted spline (loess_default smoothing 0.75),COUN,656,0,0,0,0,0,0,123,0,6,0,0,0,0,1,0,2,0,0,15,0,1,0,0,0,1,0,0,0,1,0,0,1,0,0,0,3,0,4,0,0,0,0,22,0,0,0,2,18,3,44,0,0,0,0,2,0,0,11,0,0,1,0,0,0,0,0,0,0,0,0,0,0,0,0,1
3,Valle di Castiglione,1510,40889.2,48424.1,44759.1,19.093,Locally weighted spline (loess_default smoothing 0.75),COUN,657,1,0,1,0,1,0,201,1,16,0,0,0,0,0,0,0,0,2,21,0,0,0,0,1,6,0,0,2,0,0,0,0,0,0,0,20,0,3,0,0,2,0,13,0,0,0,0,20,6,88,0,0,0,0,1,0,0,31,0,0,2,0,0,0,0,0,0,0,0,0,0,0,0,0,0
3,Valle di Castiglione,1525,41025,48884.2,45045.5,19.087,Locally weighted spline (loess_default smoothing 0.75),COUN,658,2,1,0,2,6,0,313,3,10,2,0,0,0,1,0,8,0,1,87,0,2,1,0,0,1,1,0,3,0,0,0,0,0,1,0,53,0,1,0,0,0,0,24,0,0,0,1,60,0,121,0,0,0,0,3,0,0,12,0,0,0,0,0,0,0,0,3,0,0,3,0,0,0,0,0
3,Valle di Castiglione,1550,41186,49690,45522.6,19.09,Locally weighted spline (loess_default smoothing 0.75),COUN,659,0,0,0,0,0,0,108,1,7,0,0,0,0,0,0,1,0,0,55,0,0,0,0,0,1,0,0,0,0,0,0,0,2,0,0,20,0,1,0,0,0,0,23,0,0,0,0,1,4,53,0,0,0,0,2,0,0,39,0,0,0,0,0,0,0,0,0,0,0,0,0,0,0,0,0
3,Valle di Castiglione,1560,41248.9,49999.6,45714.5,19.319,Locally weighted spline (loess_default smoothing 0.75),COUN,660,0,0,1,0,4,0,116,0,7,0,0,0,0,0,0,2,0,0,40,0,1,0,0,0,0,0,0,0,0,0,0,0,0,0,0,0,0,0,0,0,0,0,44,0,0,0,0,7,1,99,0,0,0,0,0,0,0,2,0,0,0,0,1,0,0,0,0,0,0,0,0,0,0,0,0
3,Valle di Castiglione,1590,41474.8,50963,46303.9,19.996,Locally weighted spline (loess_default smoothing 0.75),COUN,661,1,0,1,0,9,0,140,3,6,1,0,0,0,1,0,13,0,0,28,0,7,0,0,0,0,1,0,2,0,0,0,0,0,0,0,27,0,0,0,0,0,0,19,0,0,0,1,30,8,62,0,0,0,0,10,0,4,25,0,0,2,0,0,0,0,0,1,1,0,0,0,0,0,0,0
3,Valle di Castiglione,1615,41706.3,51742.9,46810.5,20.551,Locally weighted spline (loess_default smoothing 0.75),COUN,662,4,1,0,0,0,0,52,0,5,1,0,0,0,1,0,6,0,2,29,0,2,0,0,0,1,1,0,1,2,0,0,0,0,1,0,5,0,2,0,0,0,0,6,0,0,0,2,45,1,26,0,0,0,0,6,0,0,9,0,0,0,0,0,0,0,0,2,0,0,0,0,0,0,0,0
3,Valle di Castiglione,1630,41846.6,52203,47121,20.88,Locally weighted spline (loess_default smoothing 0.75),COUN,663,0,0,1,0,3,0,61,0,12,0,0,0,0,0,0,14,0,0,45,0,0,1,0,0,0,1,0,1,0,0,0,0,0,2,0,21,0,0,0,0,0,0,0,0,0,0,0,26,0,42,0,0,0,0,6,0,0,3,0,0,0,0,1,0,0,0,0,0,0,0,0,0,0,0,0
3,Valle di Castiglione,1640,41961.9,52511,47330.8,21.097,Locally weighted spline (loess_default smoothing 0.75),COUN,664,0,0,0,0,1,0,44,1,16,0,0,0,0,0,0,1,0,0,30,0,0,0,0,0,0,0,0,1,2,0,1,0,0,0,0,4,0,1,0,1,0,0,0,0,0,0,0,18,3,20,0,0,0,0,6,0,0,8,0,0,0,0,0,0,0,0,0,0,0,0,0,0,0,0,0
3,Valle di Castiglione,1670,42328.6,53433.7,47973.1,21.742,Locally weighted spline (loess_default smoothing 0.75),COUN,665,0,1,0,0,6,0,100,1,9,0,0,0,0,1,0,1,0,0,13,0,4,0,0,0,0,0,0,1,1,0,0,0,0,0,0,19,0,2,0,0,0,0,11,0,0,0,1,15,0,32,0,0,0,0,2,0,0,1,0,0,0,0,0,0,0,0,0,0,1,0,0,0,0,0,0
3,Valle di Castiglione,1680,42449.2,53755.2,48191.5,21.954,Locally weighted spline (loess_default smoothing 0.75),COUN,666,0,0,2,0,2,0,124,2,11,0,0,0,0,0,0,2,0,0,19,0,0,0,0,0,0,1,0,0,0,0,0,0,0,0,0,15,0,2,0,0,0,0,47,0,0,0,0,17,3,94,0,0,0,0,0,0,0,0,0,0,1,0,0,0,0,0,0,0,0,0,0,0,0,0,0
3,Valle di Castiglione,1710,42877,54689.8,48859.2,22.583,Locally weighted spline (loess_default smoothing 0.75),COUN,667,2,0,1,0,9,0,162,1,15,0,0,0,0,0,0,1,0,2,37,0,3,1,0,0,0,1,0,2,1,0,0,0,1,0,0,10,0,4,0,0,0,0,27,0,0,0,0,25,0,70,0,0,0,0,1,0,0,0,0,0,0,0,1,0,0,0,0,0,0,1,0,0,0,0,0
3,Valle di Castiglione,1720,43030.9,54992.5,49086,22.789,Locally weighted spline (loess_default smoothing 0.75),COUN,668,0,0,2,0,0,0,61,2,18,0,0,0,0,0,0,0,0,1,11,0,0,0,0,0,0,1,0,1,1,0,0,0,0,0,0,12,0,0,0,0,0,0,15,0,0,0,2,19,3,69,0,0,0,0,1,0,0,0,0,0,0,0,0,0,0,0,0,0,0,0,0,0,0,0,0
3,Valle di Castiglione,1750,43532.7,55898.9,49778.6,23.402,Locally weighted spline (loess_default smoothing 0.75),COUN,669,3,0,1,0,8,0,61,0,10,3,0,0,0,9,0,5,0,1,21,0,6,0,0,0,2,4,0,19,4,0,0,0,0,0,0,31,0,1,0,0,0,0,17,0,0,0,10,57,0,112,0,0,0,0,18,0,3,9,0,0,3,0,0,1,0,0,1,0,0,3,0,0,0,0,0
3,Valle di Castiglione,1774,43962.7,56616.8,50345.8,23.883,Locally weighted spline (loess_default smoothing 0.75),COUN,670,7,1,0,1,4,0,34,0,6,0,0,0,0,6,0,10,0,0,3,0,6,0,0,0,1,4,0,11,0,0,1,0,0,1,0,51,0,2,0,0,0,0,19,0,0,0,1,57,0,50,1,0,0,0,6,0,5,7,0,0,0,0,0,0,0,0,3,0,0,7,0,0,0,0,1
3,Valle di Castiglione,1830,45091.8,58257.3,51713.5,24.976,Locally weighted spline (loess_default smoothing 0.75),COUN,671,1,0,0,1,12,1,87,2,15,9,0,0,0,1,0,9,0,0,18,0,19,0,0,0,2,1,0,11,1,0,0,0,0,0,0,45,0,0,0,0,0,0,1,0,0,0,5,72,0,91,1,0,0,0,44,0,22,2,0,0,1,0,0,0,0,0,3,0,0,13,0,0,0,0,0
3,Valle di Castiglione,1840,45312.9,58545.8,51964.1,25.166,Locally weighted spline (loess_default smoothing 0.75),COUN,672,2,2,1,0,6,0,26,0,2,1,0,0,0,0,0,6,0,0,7,0,5,0,0,0,1,3,0,10,0,1,0,0,0,0,0,85,0,2,0,0,0,0,9,0,0,0,2,63,0,57,0,0,0,0,29,0,5,14,0,0,0,0,0,0,0,0,0,0,0,3,0,0,0,0,0
3,Valle di Castiglione,1870,46003.6,59400.6,52727.3,25.731,Locally weighted spline (loess_default smoothing 0.75),COUN,673,1,0,2,0,5,0,75,0,10,0,0,0,0,0,0,2,0,0,119,0,0,1,0,0,1,0,0,1,0,0,0,0,0,0,1,20,0,1,0,0,0,0,11,0,0,0,1,10,0,18,0,0,0,0,2,0,0,0,0,0,1,0,0,0,0,0,0,0,0,0,0,0,0,0,0
3,Valle di Castiglione,1880,46237.2,59680.1,52985.4,25.916,Locally weighted spline (loess_default smoothing 0.75),COUN,674,3,0,0,0,2,0,73,0,11,1,0,0,0,0,0,2,0,0,34,0,0,0,0,0,1,0,0,6,0,0,0,0,0,1,0,18,0,1,0,0,0,0,6,0,0,0,3,40,0,23,0,0,0,0,8,0,0,1,0,0,0,0,0,0,0,0,0,0,0,0,0,0,0,0,0
3,Valle di Castiglione,1910,46978.5,60511,53770.9,26.464,Locally weighted spline (loess_default smoothing 0.75),COUN,675,3,0,2,0,6,0,93,0,12,0,0,0,0,2,0,4,0,0,44,0,1,0,0,0,1,1,0,1,1,0,0,0,0,0,0,27,0,1,0,0,0,0,15,0,0,0,2,35,2,48,1,1,0,0,3,0,0,7,0,0,0,0,2,0,0,0,0,0,0,0,0,0,0,0,0
3,Valle di Castiglione,1930,47498.2,61058.1,54303.6,26.822,Locally weighted spline (loess_default smoothing 0.75),COUN,676,3,0,2,0,4,0,52,1,5,2,0,0,0,1,0,0,0,0,12,0,1,0,0,0,0,1,0,8,0,0,0,0,0,0,0,33,0,2,0,0,0,0,8,0,0,0,2,51,0,68,0,0,0,0,4,0,0,3,0,0,3,0,0,0,0,0,0,0,0,1,0,0,0,0,0
3,Valle di Castiglione,1950,48034.2,61601.5,54843.4,27.175,Locally weighted spline (loess_default smoothing 0.75),COUN,677,2,1,2,1,8,0,90,3,11,2,0,0,0,0,0,6,0,0,23,0,1,0,0,0,2,0,0,2,2,0,0,0,0,1,0,31,0,4,0,0,0,0,11,0,0,0,2,70,0,137,0,0,0,0,10,0,2,7,0,0,3,0,1,1,0,0,1,0,0,0,0,0,0,0,0
3,Valle di Castiglione,1960,48306.1,61867.8,55115.9,27.35,Locally weighted spline (loess_default smoothing 0.75),COUN,678,4,1,0,0,1,0,52,1,8,3,0,0,0,0,0,2,0,1,17,0,1,0,0,0,2,0,0,34,0,0,0,0,1,0,0,56,0,4,0,0,0,0,26,0,0,0,5,66,1,62,0,0,0,0,16,0,0,3,0,0,1,0,0,0,0,0,0,0,0,1,0,0,0,0,0
3,Valle di Castiglione,1990,49156.7,62687,55943.9,27.866,Locally weighted spline (loess_default smoothing 0.75),COUN,679,5,38,0,2,22,0,124,7,17,13,0,0,0,4,0,17,0,1,40,0,16,0,0,0,2,7,0,151,3,0,0,1,1,0,1,156,0,4,0,0,0,0,65,0,0,0,11,72,1,155,0,0,0,0,107,2,27,12,0,0,3,0,1,3,0,0,2,0,0,22,0,0,0,0,5
3,Valle di Castiglione,2002,49497.8,63005.9,56279.4,28.069,Locally weighted spline (loess_default smoothing 0.75),COUN,680,2,10,0,2,10,0,32,1,8,5,0,0,0,2,0,4,0,0,17,0,25,0,0,0,0,2,0,51,1,0,0,0,0,0,0,101,0,3,0,0,0,0,14,0,0,0,1,42,2,52,1,0,0,0,64,0,24,3,0,0,1,0,0,0,0,0,2,0,0,10,0,0,0,0,2
3,Valle di Castiglione,2030,50342,63752.8,57071.7,28.534,Locally weighted spline (loess_default smoothing 0.75),COUN,681,0,0,3,0,5,0,47,3,11,1,0,0,0,0,0,10,0,0,50,0,0,1,0,0,2,1,0,1,0,0,0,0,0,0,0,99,0,21,0,0,0,0,10,3,0,0,2,34,2,32,0,0,0,0,12,0,0,2,0,0,1,0,0,0,0,0,0,0,0,1,0,0,0,0,0
3,Valle di Castiglione,2070,51605.1,64816.8,58225.7,29.182,Locally weighted spline (loess_default smoothing 0.75),COUN,682,1,0,1,0,0,0,13,2,8,0,0,0,0,1,0,2,0,0,21,0,0,0,0,1,2,0,0,0,0,0,0,0,0,0,0,29,0,14,0,0,0,0,0,0,0,0,0,19,0,4,0,0,0,0,0,0,0,9,0,0,0,0,0,0,0,0,0,0,0,0,0,0,0,0,0
3,Valle di Castiglione,2130,53599.3,66398.3,60004.3,30.112,Locally weighted spline (loess_default smoothing 0.75),COUN,683,1,1,1,0,1,0,6,5,15,0,0,0,0,0,0,3,0,0,29,0,0,0,1,0,2,0,0,0,0,0,0,0,0,0,0,5,0,39,0,0,0,0,0,0,0,0,0,18,0,7,0,0,0,0,0,0,0,0,0,0,0,0,0,0,0,0,0,0,0,0,0,0,0,0,0
3,Valle di Castiglione,2150,54295.6,66918.7,60609.4,30.412,Locally weighted spline (loess_default smoothing 0.75),COUN,684,0,0,0,0,1,0,41,6,10,1,0,0,0,1,0,17,0,0,49,0,0,0,0,0,0,1,0,0,0,0,0,0,0,0,0,53,0,25,0,0,0,0,2,0,0,0,1,52,0,4,0,0,0,0,4,0,0,10,0,0,0,0,0,0,0,0,2,0,0,0,0,0,0,0,0
3,Valle di Castiglione,2180,55370,67682.6,61528.2,30.851,Locally weighted spline (loess_default smoothing 0.75),COUN,685,0,0,1,0,1,0,12,8,6,0,0,0,0,0,0,7,0,0,45,0,0,0,0,0,0,0,0,0,0,0,0,0,0,0,0,13,0,18,0,0,0,0,0,0,0,0,0,5,0,3,0,0,0,0,0,0,0,1,0,0,0,0,0,0,0,0,0,0,0,0,0,0,0,0,0
3,Valle di Castiglione,2229,57197.8,68933.9,63056.6,31.542,Locally weighted spline (loess_default smoothing 0.75),COUN,686,1,0,0,0,0,0,27,4,4,0,0,0,0,0,0,18,0,0,27,0,0,1,0,1,0,1,0,0,0,0,0,0,0,0,0,33,0,26,0,0,0,0,1,0,0,0,0,26,0,5,0,0,0,0,1,0,0,2,0,0,1,0,0,0,0,0,0,0,0,0,0,0,0,0,0
